\# Program start time:     UTC 2025.11.20 16:11:52.163
\# Local time: CET (UTC+01:00) 2025.11.20 17:11:52.163
\o Program:		@(#)$CDS: virtuoso version 6.1.7-64b 09/01/2017 12:09 (sjfhw313) $
\o Hierarchy:		/comelec/softs/opt/Cadence/releases/IC617/tools.lnx86/dfII/
\o Sub version:		sub-version  IC6.1.7-64b.500.14  (64-bit addresses)
\# Command line:	/comelec/softs/opt/Cadence/releases/IC617/tools.lnx86/dfII/bin/64bit/virtuoso
\# Host name (type):	tp-3a107-06 (x86_64)
\# Operating system:	Linux 6.1.0-41-amd64 #1 SMP PREEMPT_DYNAMIC Debian 6.1.158-1 (2025-11-09)
\# Linux /etc/issue:	Debian GNU/Linux 12 \n \l
\# X display name (WxH):	:0.0 (1920x1080)
\# Available geometry:			TL(0:27) BR(1919:1079)
\# X server:			The X.Org Foundation
\# Depth of Visual (Root):	24 (24)
\# Number of Planes Used:	24
\# X version:		11.0 (vendor release 12101007)
\# X resource pool:	base 0x3a00000, mask 0x1fffff (2097151), shift 0
\# 			current id 0x0, current max 0x1ffffa (2097146)
\# Max data seg size:	     unlimited
\# Max process size:	     unlimited
\# Initial sbrk value:	      1,168 MB
\# Available memory:	     14,852 MB
\# System memory:	     19,583 MB
\# Maximum memory size:	     18,511 MB
\# Max mem available:	     14,948 MB
\# Initial memory used:	         96 MB
\#        process size:	        951 MB
\# Thread usage limits (effective/default):	maxthreads 62496/62496 maxload 20.00/20.00
\# Qt version:		4.8.5
\# Window Manager:	other
\# User Name:		afonlupt-25
\o Working Directory:	tp-3a107-06:/cal/exterieurs/afonlupt-25/afonlupt/projetCD2IC/CDS_wk_dir2
\# Process Id:		307983
\o 
\o COPYRIGHT (C) 1992-2017  CADENCE DESIGN SYSTEMS INC.  ALL RIGHTS RESERVED.
\o           (C) 1992-2017  UNIX SYSTEMS Laboratories INC.,
\o                          Reproduced with permission.
\o 
\o This Cadence Design Systems program and online documentation are
\o proprietary/confidential information and may be disclosed/used only
\o as authorized in a license agreement controlling such use and disclosure.
\o 
\o           RESTRICTED RIGHTS NOTICE (SHORT FORM)
\o Use/reproduction/disclosure is subject to restriction
\o set forth at FAR 1252.227-19 or its equivalent.
\o Loading geView.cxt 
\o Loading menuBuilder.cxt 
\o Loading schView.cxt 
\o Loading selectSv.cxt 
\o Loading wireEdit.cxt 
\o Loading pte2.cxt 
\o Loading xlUI.cxt 
\o Loading auCore.cxt 
\o Loading vhdl.cxt 
\o Loading seismic.cxt 
\o Loading ci.cxt 
\o Loading ams.cxt 
\o Virtuoso Framework License (111) was checked out successfully. Total checkout time was 0.13s.
\p > 
\o Loading pe.cxt 
\a _treeSetOpcGUI(t)
\r t
\# Available memory:         14,728 MB at UTC 2025.11.20 16:12:04.373
\# Memory report: Maximum memory size now 14,906 MB at UTC 2025.11.20 16:12:04.373
\# Thread usage report: 21 active threads, active load 1.00 at UTC 2025.11.20 16:12:04.373
\a ddsOpenLibManager()
\r t
\o Loading simui.cxt 
\o Info (ccp): Virtuoso Framework License (111) was checked out successfully. Total checkout time was 0.13s.
\o 
\o Info (ccp): ccpDFIIChecker: Starting ...
\o Info (ccp): ccpDFIIChecker: End running.
\o Loading mtv.cxt 
\o Loading oasis.cxt 
\o Loading socket.cxt 
\o Loading dal.cxt 
\o Loading awv.cxt 
\o Loading analog.cxt 
\o Loading par.cxt 
\o Loading asimenv.cxt 
\o Loading alvs.cxt 
\o Loading caa.cxt 
\o Loading adexlCore.cxt 
\# Memory report: using         214 MB, process size 1,186 MB at UTC 2025.11.20 16:12:58.180
\o Loading adexl.cxt 
\o Loading lx.cxt 
\o Loading lce.cxt 
\o Loading le.cxt 
\o Loading rte.cxt 
\o Loading te.cxt 
\o Loading schHDL.cxt 
\o Loading mpt.cxt 
\i ddsServOpen("TSPCFF_LIB" "TSPCFF" "schematic_adexl" "edit" nil)
\o *INFO* (icLic-302) License Virtuoso_Schematic_Editor_XL ("95115") was used to run Schematics L.
\o Loading gpdk045/libInit.il ...
\o 	Loading gpdk045/loadCxt.ile ... done!
\o 	Loading context 'gpdk045' from library 'gpdk045' ... done!
\o 	Loading context 'pdkUtils' from library 'gpdk045' ... done!
\e 	Loading gpdk045/gpdk045_customFilter.il ... *Error* eval: unbound variable - axlRegisterCustomDeviceFilter
\o failed!
\o 	Loading gpdk045/libInitCustomExit.il ... 
\o 	Loading Environment Settings ...
\o 	Loading Model Management File ...
\o Loading spectrei.cxt 
\o Loading devCheck.cxt 
\o Loading relXpert.cxt 
\o Loading hspiceD.cxt 
\o Loading spectreinl.cxt 
\o Loading UltraSim.cxt 
\o Loading msgHandler.cxt 
\o Loading AMSOSS.cxt 
\o Loading AMS.cxt 
\o 	Loading gpdk045/gpdk045_PDKRegistrations.il ... done!
\o 
\o   *************************************************************           
\o   *              Cadence Design Systems, Inc.                 *           
\o   *                                                           *           
\o   *                    Generic 45nm PDK                       *           
\o   *                        (gpdk045)                          *           
\o   *                                                           *           
\o   *************************************************************           
\o 	
\o 
\o 	VERSION: 4.0 (17-June-2014)
\o 
\o done!
\o Failed to load gpdk045/libInit.il successfully!Loading schematic.cxt 
\# Memory report: using         325 MB, process size 1,297 MB at UTC 2025.11.20 16:13:10.068
\o Loading ddui.cxt 
\o Loading vb.cxt 
\o Loading nt.cxt 
\o Loading oi.cxt 
\o Loading see.cxt 
\o Loading treeAssistant.cxt 
\o Loading asst.cxt 
\o Loading leToolbox.cxt 
\a _treeNavActivateOpc(dwindow('treeAssistant1) "")
\r t
\o Loading hsm.cxt 
\a when(dwindow('oiAssistant1) hiMapWindow(dwindow('oiAssistant1)))
\r t
\a when(dwindow('treeAssistant1) hiMapWindow(dwindow('treeAssistant1)))
\r t
\a hiResizeWindow(swindow(1) list(-5:-5 1915:1024))
\r t
\a hiZoomInAtMouse()
\i 0.1875:4
\r t
\a hiZoomInAtMouse()
\i 0.1875:4.0625
\r t
\a hiZoomInAtMouse()
\i 1.1875:4.5625
\r t
\a hiZoomInAtMouse()
\i 1.1875:4.5625
\r t
\a schHiDefaultAction()
\i 1.25:4.375
\i 1.25:4.375
\p > 
\a hiiSetCurrentForm('schDescendForm)
\r t
\a schDescendForm->schDescendRadioField2->value= "new tab"
\r "new tab"
\a hiFormDone(schDescendForm)
\r t
\r t
\a hiRaiseWindow(3 t)
\r t
\a hiCloseWindow(window(3))
\o Loading cph.cxt 
\r t
\a _hiSetCurrentWinNum(2)
\r t
\a hiZoomOutAtMouse()
\i 1.3125:4.5
\r t
\a hiZoomOutAtMouse()
\i 1.3125:4.4375
\r t
\a hiZoomOutAtMouse()
\i 1.6875:3.8125
\r t
\a hiZoomInAtMouse()
\i 7.5625:7.1875
\r t
\a hiZoomOutAtMouse()
\i 7.1875:6.375
\r t
\a hiZoomOutAtMouse()
\i 3.375:5.875
\r t
\a hiZoomInAtMouse()
\i 3.9375:8.6875
\r t
\a hiZoomInAtMouse()
\i 3.9375:8.75
\r t
\a hiZoomOutAtMouse()
\i 4.0625:8.5625
\r t
\a hiZoomOutAtMouse()
\i 4:8.5625
\r t
\a hiZoomInAtMouse()
\i 4:8.0625
\r t
\a hiZoomOutAtMouse()
\i 4:8.0625
\r t
\a hiZoomInAtMouse()
\i 3.8125:7.125
\r t
\a hiZoomInAtMouse()
\i 2.0625:9.25
\r t
\a schSingleSelectPt()
\i 4.625:8.5
\r t
\a schHiObjectProperty()
\o Loading layers.cxt 
\o Loading cdf.cxt 
\r t
\a hiiSetCurrentForm('schObjPropForm)
\r t
\a hiFormCancel(schObjPropForm) 
\r t
\a schHiObjectProperty()
\r t
\a schObjPropForm->w->value="wmp2"
\r "wmp2"
\a hiFormDone(schObjPropForm)
\r t
\a schHiObjectProperty()
\r t
\a hiFormCancel(schObjPropForm) 
\r t
\a hiZoomOutAtMouse()
\i 4.5:7.5625
\r t
\a hiZoomOutAtMouse()
\i 5.625:8.0625
\r t
\a hiZoomInAtMouse()
\i 10.625:9.6875
\r t
\a hiZoomInAtMouse()
\i 10.625:9.6875
\r t
\a hiZoomOutAtMouse()
\i 7.0625:8.5625
\r t
\a hiZoomInAtMouse()
\i 6.75:6.3125
\r t
\a hiZoomOutAtMouse()
\i 8.25:7.75
\r t
\a hiZoomOutAtMouse()
\i 8.25:7.6875
\r t
\a hiZoomInAtMouse()
\i 7.5625:6.25
\r t
\a hiZoomInAtMouse()
\i 7.5625:6.25
\r t
\a schSingleSelectPt()
\i 7:6.625
\r t
\a schHiObjectProperty()
\r t
\a schObjPropForm->w->value="145n"
\o CDF: An error occurred when evaluating callback.
\o     Callback: w->callback => gpdk045_mosCB( 'w )
\o 
\o     Message:  *Error* plus: can't handle (2e-07 + "pPar(\"l0\")")
\r "145n"
\a hiFormDone(schObjPropForm)
\r t
\a hiZoomOutAtMouse()
\i 7.9375:6.875
\r t
\a hiZoomInAtMouse()
\i 7.5:6.9375
\r t
\a schHiObjectProperty()
\r t
\a schObjPropForm->w->value="wn4"
\r "wn4"
\a hiFormDone(schObjPropForm)
\r t
\a schHiObjectProperty()
\r t
\a hiFormCancel(schObjPropForm) 
\r t
\a hiZoomOutAtMouse()
\i 7.3125:7.3125
\r t
\a hiZoomOutAtMouse()
\i 7.375:7.3125
\r t
\a hiZoomInAtMouse()
\i 5.9375:2.25
\r t
\a hiZoomInAtMouse()
\i 4.8125:1.8125
\r t
\a schSingleSelectPt()
\i 4.5625:0.8125
\r t
\a schHiObjectProperty()
\r t
\a schObjPropForm->w->value="wNn2"
\r "wNn2"
\a hiFormDone(schObjPropForm)
\r t
\a schHiObjectProperty()
\r t
\a hiFormCancel(schObjPropForm) 
\r t
\a hiUndo()
\r t
\a hiUndo()
\r t
\a hiUndo()
\r t
\a hiUndo()
\r t
\a schHiObjectProperty()
\r t
\a schObjPropForm->w->value="wNn2"
\r "wNn2"
\a hiFormDone(schObjPropForm)
\r t
\a schHiObjectProperty()
\r t
\a schObjPropForm->w->value="wmn2"
\r "wmn2"
\a hiFormDone(schObjPropForm)
\r t
\a hiZoomOutAtMouse()
\i 4.1875:2.75
\r t
\a hiZoomOutAtMouse()
\i 4.25:2.4375
\r t
\a hiZoomInAtMouse()
\i 4.5625:9.75
\r t
\a hiZoomInAtMouse()
\i 4.5625:9.75
\r t
\a schSingleSelectPt()
\i 4.625:8.5
\r t
\a schHiObjectProperty()
\r t
\a schObjPropForm->w->value="wmp2"
\r "wmp2"
\a hiFormDone(schObjPropForm)
\r t
\a schSingleSelectPt()
\i 7:6.6875
\r t
\a schHiObjectProperty()
\r t
\a schObjPropForm->w->value="wmn4"
\r "wmn4"
\a hiFormDone(schObjPropForm)
\r t
\a hiZoomOutAtMouse()
\i 4.75:8.25
\r t
\a hiZoomInAtMouse()
\i 0.125:6.4375
\r t
\a schSingleSelectPt()
\i 1.375:6.5625
\r t
\a schHiObjectProperty()
\r t
\a hiFormCancel(schObjPropForm) 
\r t
\a hiZoomOutAtMouse()
\i 1.5625:7.875
\r t
\a hiZoomOutAtMouse()
\i 1.625:3.875
\r t
\a hiZoomOutAtMouse()
\i 1.5:4.25
\r t
\a hiZoomInAtMouse()
\i 1.375:0.8125
\r t
\a hiZoomInAtMouse()
\i 1.375:0.9375
\r t
\a hiZoomInAtMouse()
\i 1.375:0.9375
\r t
\a schSingleSelectPt()
\i 1.4375:0.875
\r t
\a schHiObjectProperty()
\r t
\a hiFormCancel(schObjPropForm) 
\r t
\a hiZoomOutAtMouse()
\i 1.5:1.625
\r t
\a hiZoomOutAtMouse()
\i 1.4375:1.5625
\r t
\a hiZoomInAtMouse()
\i 1.0625:6.4375
\r t
\a hiZoomInAtMouse()
\i 1.0625:6.4375
\r t
\a schSingleSelectPt()
\i 1.375:6.625
\r t
\a schHiObjectProperty()
\r t
\a schObjPropForm->w->value="wmp5"
\r "wmp5"
\a hiFormDone(schObjPropForm)
\r t
\a schHiCheckAndSave()
\o INFO (SCH-1170): Extracting "TSPCFF schematic_adexl"
\o Warning: Solder dot on cross over at ( 3.1250, 7.5000 ).
\o Warning: Solder dot on cross over at ( 7.7500, 5.6250 ).
\o INFO (SCH-1172): There were 0 errors and 2 warnings found in "TSPCFF_LIB TSPCFF schematic_adexl".
\p > 
\a hiDBoxOK(_schCheckDBox)
\r t
\o INFO (SCH-1181): "TSPCFF_LIB TSPCFF schematic_adexl" saved.
\r t
\a hiZoomOutAtMouse()
\i 0:6.75
\r t
\a hiZoomOutAtMouse()
\i 0:6.75
\r t
\a hiZoomInAtMouse()
\i 3.625:6.125
\r t
\a _deUpdateMenu('schematicTools 2)
\r t
\a deInstallApp(getCurrentWindow() "analogArtist-Schematic")
\o Loading viva.cxt 
\w *WARNING* (icLic-214) Failed to check out license Analog_Design_Environment_L ("95200") or Analog_Design_Environment_XL ("95210") or Analog_Design_Environment_GXL ("95220") to run ADE L because of status code -5, -5 and -943 respectively.
\o INFO (adeLic-1000): Successfully checked out an 'ADE Assembler' license to open ADE L as no ADE ones were available.
\r t
\a hiResizeWindow(swindow(2) list(518:227 1210:702))
\r t
\a sevEditSelectedAnas('sevSession1)
\p > 
\# Memory report: Maximum memory size now 15,199 MB at UTC 2025.11.20 16:16:54.079
\# Thread usage report: 23 active threads, active load 1.00 at UTC 2025.11.20 16:16:54.079
\a _asii_spectre0_analysis_form->tran_stop->value="1m"
\r "1m"
\a _asii_spectre0_analysis_form->tran_errpreset->conservative->value =  t
\r t
\a hiFormCancel(_asii_spectre0_analysis_form) 
\r t
\r nil
\a hiCloseWindow(swindow(2))
\r t
\a _hiSetCurrentWinNum(2)
\r t
\o  
\o Library Manager new cellview request for cell "TSPCFF_LIB TSPCFF".
\i deNew('(nil libName "TSPCFF_LIB" cellName "TSPCFF"))
\p > 
\a hiiSetCurrentForm('deNewForm)
\r t
\a deNewForm->deCellName->value="TB_TSPCFF"
\r "TB_TSPCFF"
\a hiFormDone(deNewForm)
\r t
\a _treeNavActivateOpc(dwindow('treeAssistant2) "")
\r t
\a when(dwindow('oiAssistant2) hiMapWindow(dwindow('oiAssistant2)))
\r t
\a when(dwindow('treeAssistant2) hiMapWindow(dwindow('treeAssistant2)))
\r t
\a schSingleSelectPt()
\i -1.4375:0.8125
\r nil
\a schHiCreateInst()
\p > 
\a hiiSetCurrentForm('schCreateInstForm)
\r t
\a schCreateInstForm->libraryName->value="analogLib"
\r "analogLib"
\a schCreateInstForm->cellName->value="vpwl"
\r "vpwl"
\a mouseAddPt(t)
\i -1.21875:0.4125
\r t
\a cancelEnterFun()
\r t
\r nil
\a schSingleSelectPt()
\i -1.25:0.25
\r t
\a schHiObjectProperty()
\r t
\a hiiSetCurrentForm('schObjPropForm)
\r t
\a schObjPropForm->t1->value="0"
\r "0"
\a schObjPropForm->t2->value="200n"
\r "200n"
\a schObjPropForm->v2->value="1"
\r "1"
\a hiFormDone(schObjPropForm)
\r t
\a hiZoomInAtMouse()
\i -1.5625:0.3125
\r t
\a hiZoomOutAtMouse()
\i -1.375:0.1875
\r t
\a schSingleSelectPt()
\i -0.125:0.25
\r nil
\a schHiCreateInst()
\p > 
\a hiiSetCurrentForm('schCreateInstForm)
\r t
\a schCreateInstForm->libraryName->value="TSPCFF_LIB"
\r "TSPCFF_LIB"
\a schCreateInstForm->cellName->value="TSPCFF"
\p > 
\a hiDBoxOK(_schDBox)
\r t
\r "TSPCFF"
\a hiiToggleEnterForm(schCreateInstForm) 
\r t
\a cancelEnterFun()
\r t
\r nil
\a hiResizeWindow(swindow(3) list(753:128 1653:818))
\r t
\a hiSetCurrentWindow(window(2))
\r t
\a _deUpdateMenu('schematicTools 2)
\r t
\a schHiViewToView()
\p > 
\a schViewToViewForm->fromViewName->value="schematic"
\r "schematic"
\a hiiSetCurrentForm('schViewToViewForm)
\r t
\a hiFormDone(schViewToViewForm)
\p > 
\a hiDBoxOK(viewToViewNoOp)
\r t
\w *WARNING* (SCH-1213): Global pin may not be legal in destination view: "VDD!, VSS!".
\p > 
\a hiiSetCurrentForm('schCreateSchematicForm)
\r t
\a hiFormCancel(schCreateSchematicForm)
\r t
\w *WARNING* (SCH-1060): Failed to generate cellview "TSPCFF schematic" from pin list.
\r t
\r t
\a schHiViewToView()
\p > 
\a hiiSetCurrentForm('schViewToViewForm)
\r t
\a schViewToViewForm->toDataType->value="schematicSymbol"
\r "schematicSymbol"
\a hiFormDone(schViewToViewForm)
\w *WARNING* (SCH-1213): Global pin may not be legal in destination view: "VDD!, VSS!".
\p > 
\a hiiSetCurrentForm('schSgForm)
\r t
\a schSgForm->leftPins->value="D CK"
\r "D CK"
\a schSgForm->rightPins->value="QQ"
\r "QQ"
\a schSgForm->bottomPins->value="VSS!"
\r "VSS!"
\a schSgForm->topPins->value="VDD!"
\r "VDD!"
\a hiFormDone(schSgForm)
\o Symbol (TSPCFF symbol) generated and saved in library:TSPCFF_LIB.
\a _treeNavActivateOpc(dwindow('treeAssistant3) "")
\r t
\r t
\o INFO (SCH-1061): Completed generating design in library "TSPCFF_LIB" as "TSPCFF" "symbol".
\o Adding CDF information ...
\p > 
\a when(dwindow('oiAssistant3) hiMapWindow(dwindow('oiAssistant3)))
\r t
\a when(dwindow('treeAssistant3) hiMapWindow(dwindow('treeAssistant3)))
\r t
\a hiDBoxOK(cvToCvCreateCDF)
\r t
\o     Adding base cell CDF parameter information ...
\o 	skipping parameter 'l0' because it already exists...
\o 	skipping parameter 'wn0' because it already exists...
\o 	skipping parameter 'wp0' because it already exists...
\o     Adding base cell CDF simulation information ...
\o     Adding base lib CDF label display information ...
\r t
\r t
\a schHiVICAndSave()
\o Warning: Port "VDD!" in the portOrder property not found in "TSPCFF symbol".
\o Warning: Port "VSS!" in the portOrder property not found in "TSPCFF symbol".
\o INFO (SCH-1172): There were 0 errors and 2 warnings found in "TSPCFF_LIB TSPCFF symbol".
\p > 
\a hiDBoxOK(_schCVCDBox)
\r t
\o INFO (SCH-1181): "TSPCFF_LIB TSPCFF symbol" saved.
\r t
\a mouseSingleSelectPt()
\i 0.6875:-0.4375
\r nil
\a mouseSingleSelectPt()
\i 0.125:-0.1875
\r t
\a schHiObjectProperty()
\r t
\a hiiSetCurrentForm('schObjPropForm)
\r t
\a hiFormCancel(schObjPropForm) 
\r t
\a mouseSingleSelectPt()
\i 0.3125:-0.5
\r nil
\a hiZoomInAtMouse()
\i -0.0625:-0.1875
\r t
\a mouseSingleSelectPt()
\i 0.125:-0.1875
\r t
\a mouseSingleSelectPt()
\i 0.125:-0.375
\r nil
\# Memory report: Maximum memory size now 15,790 MB at UTC 2025.11.20 16:38:34.304
\a hiResizeWindow(swindow(4) list(941:129 1841:819))
\r t
\a hiSetCurrentWindow(window(2))
\r t
\a hiZoomOutAtMouse()
\i 2.75:6.0625
\r t
\a hiZoomOutAtMouse()
\i 2.0625:5.75
\r t
\a hiZoomOutAtMouse()
\i 2:5.5625
\r t
\a hiZoomInAtMouse()
\i 2.75:5.875
\r t
\a hiZoomInAtMouse()
\i 2.75:5.875
\r t
\a hiZoomInAtMouse()
\i 2.75:5.875
\r t
\a hiZoomInAtMouse()
\i 8:6.75
\r t
\a hiZoomOutAtMouse()
\i 8:6.75
\r t
\a hiSetCurrentWindow(window(6))
\r t
\a mouseSingleSelectPt()
\i 0.1875:0.1875
\r nil
\a schHiVICAndSave()
\o Warning: Port "VDD!" in the portOrder property not found in "TSPCFF symbol".
\o Warning: Port "VSS!" in the portOrder property not found in "TSPCFF symbol".
\o INFO (SCH-1172): There were 0 errors and 2 warnings found in "TSPCFF_LIB TSPCFF symbol".
\p > 
\a hiDBoxOK(_schCVCDBox)
\r t
\o INFO (SCH-1181): "TSPCFF_LIB TSPCFF symbol" saved.
\r t
\a hiResizeWindow(window(1) list(593:22 1388:475))
\r t
\a mouseSingleSelectPt()
\i 0.5625:-0.375
\r nil
\a hiZoomOutAtMouse()
\i 0.0625:-0.125
\r t
\a hiZoomOutAtMouse()
\i 0.0625:-0.0625
\r t
\a hiZoomInAtMouse()
\i 0.8125:0
\r t
\a hiZoomOutAtMouse()
\i 1.1875:-0.0625
\r t
\a hiZoomInAtMouse()
\i 0.125:-0.0625
\r t
\a hiSetCurrentWindow(window(2))
\r t
\a schSingleSelectPt()
\i 5:6.8125
\r nil
\a hiZoomInAtMouse()
\i 8.125:4.5
\r t
\a hiZoomOutAtMouse()
\i 8.6875:4.3125
\r t
\a hiZoomOutAtMouse()
\i 7.125:4.25
\r t
\a hiZoomInAtMouse()
\i 8.625:7.6875
\r t
\a hiZoomInAtMouse()
\i 8.5:9.6875
\r t
\a hiZoomInAtMouse()
\i 8.1875:9.3125
\r t
\a schSingleSelectPt()
\i 8.25:9.3125
\r t
\a schHiObjectProperty()
\r t
\a schObjPropForm->pinName->value="VDD"
\r "VDD"
\a hiFormDone(schObjPropForm)
\r t
\a hiZoomOutAtMouse()
\i 8.125:9.25
\r t
\a hiZoomOutAtMouse()
\i 8.125:9.1875
\r t
\a hiZoomOutAtMouse()
\i 8.1875:4.25
\r t
\a hiZoomInAtMouse()
\i 8.3125:3.25
\r t
\a hiZoomInAtMouse()
\i 8.3125:3.25
\r t
\a hiZoomOutAtMouse()
\i 8.25:4.5
\r t
\a hiZoomOutAtMouse()
\i 8.1875:3.1875
\r t
\a hiZoomOutAtMouse()
\i 8.25:3.25
\r t
\a hiZoomInAtMouse()
\i 8.375:1.375
\r t
\a hiZoomInAtMouse()
\i 8.375:1.375
\r t
\a hiZoomInAtMouse()
\i 8.375:1.375
\r t
\a hiZoomOutAtMouse()
\i 8.375:1.375
\r t
\a hiZoomOutAtMouse()
\i 8.375:1.4375
\r t
\a hiZoomInAtMouse()
\i 5.6875:5.125
\r t
\a hiZoomInAtMouse()
\i 9:5.75
\r t
\a hiZoomInAtMouse()
\i 8.375:5.625
\r t
\a hiZoomInAtMouse()
\i 8.375:5.625
\r t
\a schDirectEdit(1)
\i 8.3125:5.625
\i 8.3125:5.625
\p > 
\a addPoint(hiGetCommandPoint())
\i 8.6875:5.625
\r t
\r nil
\a schHiObjectProperty()
\r t
\a hiFormCancel(schObjPropForm) 
\r t
\a schSingleSelectPt()
\i 8.625:5.5625
\r t
\a schHiObjectProperty()
\r t
\a schObjPropForm->pinName->value="VSS"
\r "VSS"
\a hiFormDone(schObjPropForm)
\r t
\a hiZoomOutAtMouse()
\i 8.5625:5.625
\r t
\a hiZoomOutAtMouse()
\i 8.125:6.3125
\r t
\a hiZoomOutAtMouse()
\i 8.25:6.3125
\r t
\a schHiCheckAndSave()
\o INFO (SCH-1170): Extracting "TSPCFF schematic_adexl"
\o Error: Net "VDD" shorted to net "VDD!".
\o Error: Net "VSS" shorted to net "VSS!".
\o Error: Net "VDD" shorted to net "VDD!".
\o Error: Net "VSS" shorted to net "VSS!".
\o Error: Net "VDD" shorted to net "VDD!".
\o Error: Net "VSS" shorted to net "VSS!".
\o Error: Net "VDD" shorted to net "VDD!".
\o Error: Net "VSS" shorted to net "VSS!".
\o Warning: Solder dot on cross over at ( 3.1250, 7.5000 ).
\o Warning: Solder dot on cross over at ( 7.7500, 5.6250 ).
\o INFO (SCH-1172): There were 8 errors and 2 warnings found in "TSPCFF_LIB TSPCFF schematic_adexl".
\p > 
\a hiDBoxOK(_schCheckDBox)
\r t
\p > 
\a hiDBoxOK(_schCheckAndSaveDBox)
\r t
\o INFO (SCH-1181): "TSPCFF_LIB TSPCFF schematic_adexl" saved.
\r nil
\a hiZoomInAtMouse()
\i 1.8125:4.0625
\r t
\a hiZoomInAtMouse()
\i 1.8125:4.0625
\r t
\a hiZoomOutAtMouse()
\i 3.125:4.125
\r t
\a hiZoomInAtMouse()
\i 1.6875:4.25
\r t
\a schHiDefaultAction()
\i 1.4375:4.1875
\i 1.4375:4.1875
\p > 
\a hiiSetCurrentForm('schDescendForm)
\r t
\a hiFormCancel(schDescendForm)
\r t
\r t
\o Info (ccp): Virtuoso Framework License (111) was checked out successfully. Total checkout time was 0.12s.
\o 
\o Info (ccp): ccpDFIIChecker: Starting ...
\o Info (ccp): ccpDFIIChecker: End running.
\a schCreateInstForm->viewName->value="symbol"
\r "symbol"
\i ddsServOpen("TSPCFF_LIB" "INV-propre" "schematic" "edit" nil)
\a _treeNavActivateOpc(dwindow('treeAssistant4) "")
\r t
\a when(dwindow('oiAssistant4) hiMapWindow(dwindow('oiAssistant4)))
\r t
\a when(dwindow('treeAssistant4) hiMapWindow(dwindow('treeAssistant4)))
\r t
\a hiResizeWindow(swindow(5) list(-5:-5 1915:1024))
\r t
\a hiZoomInAtMouse()
\i 1.875:3.3125
\r t
\a hiZoomInAtMouse()
\i 1.875:3.375
\r t
\a hiZoomOutAtMouse()
\i 2.1875:2.9375
\r t
\a hiZoomInAtMouse()
\i 1.9375:3.5625
\r t
\a schSingleSelectPt()
\i 2.125:3.3125
\r t
\a schHiObjectProperty()
\r t
\a hiiSetCurrentForm('schObjPropForm)
\r t
\a schObjPropForm->pinName->value="VDD"
\r "VDD"
\a hiFormDone(schObjPropForm)
\r t
\a hiZoomOutAtMouse()
\i 2.125:3.5625
\r t
\a hiZoomOutAtMouse()
\i 2.125:2.4375
\r t
\a hiZoomInAtMouse()
\i 2:-0.5
\r t
\a schSingleSelectPt()
\i 2.1875:0
\r t
\a schHiObjectProperty()
\r t
\a schObjPropForm->pinName->value="VSS"
\r "VSS"
\a hiFormDone(schObjPropForm)
\r t
\a hiZoomInAtMouse()
\i 2.125:0
\r t
\a schDirectEdit(1)
\i 2.125:0
\i 2.125:0
\p > 
\a addPoint(hiGetCommandPoint())
\i 2.3125:0
\r t
\r nil
\a hiUndo()
\r t
\a schDirectEdit(1)
\i 2.0625:-0.0625
\i 2.0625:-0.0625
\p > 
\a addPoint(hiGetCommandPoint())
\i 2.3125:-0.0625
\r t
\r nil
\a schSingleSelectPt()
\i 2.9375:0.1875
\r nil
\a hiZoomOutAtMouse()
\i 2.5:0.125
\r t
\a hiZoomOutAtMouse()
\i 0.75:0.25
\r t
\a hiZoomInAtMouse()
\i 1.625:2.5625
\r t
\a schHiCheckAndSave()
\o INFO (SCH-1170): Extracting "INV-propre schematic"
\o Warning: Terminal "VDD" in view schematic not found in "INV-propre symbol".
\o Warning: Terminal "VSS" in view schematic not found in "INV-propre symbol".
\o INFO (SCH-1172): There were 0 errors and 2 warnings found in "TSPCFF_LIB INV-propre schematic".
\p > 
\a hiDBoxOK(_schCheckDBox)
\r t
\o INFO (SCH-1181): "TSPCFF_LIB INV-propre schematic" saved.
\r t
\a hiZoomOutAtMouse()
\i 2.375:2.625
\r t
\a hiZoomInAtMouse()
\i 2.3125:2.5625
\r t
\a schHiViewToView()
\p > 
\a schViewToViewForm->fromViewName->value="schematic"
\r "schematic"
\a hiiSetCurrentForm('schViewToViewForm)
\r t
\a hiFormDone(schViewToViewForm)
\p > 
\a hiDBoxUser(schReplaceOrModifyDialog nil 2)
\r t
\o 
\o Modifying cellview: "TSPCFF_LIB" "INV-propre" "symbol"  on  Nov 20 17:43:13 2025. 
\o Deleted pins:
\o       VSS! VDD! 
\o Added inputOutput pins:
\o       VSS VDD 
\o Added cellview properties:
\o       portOrder 
\o Changed cellview properties:
\o       ySnapSpacing xSnapSpacing gridSpacing verilogFormatProc 
\o Symbol (INV-propre symbol) modified and saved in library:TSPCFF_LIB.
\o INFO (SCH-1061): Completed generating design in library "TSPCFF_LIB" as "INV-propre" "symbol".
\o Adding CDF information ...
\p > 
\a hiDBoxOK(cvToCvCreateCDF)
\r t
\o     Adding base cell CDF parameter information ...
\o 	skipping parameter 'WN' because it already exists...
\o 	skipping parameter 'WP' because it already exists...
\o     Adding base cell CDF simulation information ...
\a _treeNavActivateOpc(dwindow('treeAssistant5) "")
\r t
\r t
\r t
\a when(dwindow('oiAssistant5) hiMapWindow(dwindow('oiAssistant5)))
\r t
\a when(dwindow('treeAssistant5) hiMapWindow(dwindow('treeAssistant5)))
\r t
\a mouseSingleSelectPt()
\i 1.1875:-0.75
\r t
\a schHiDelete()
\r t
\a hiZoomInAtMouse()
\i -0.375:0.0625
\r t
\a hiZoomInAtMouse()
\i -0.375:0.0625
\r t
\a hiZoomOutAtMouse()
\i 0:-0.0625
\r t
\a schDirectEdit(1)
\i 0.1875:-0.625
\i 0.1875:-0.625
\p > 
\a addPoint(hiGetCommandPoint())
\i 0.5:-0.25
\r t
\r nil
\a schDirectEdit(1)
\i 0.0625:-0.625
\i 0.0625:-0.625
\p > 
\a addPoint(hiGetCommandPoint())
\i 0.5:-0.125
\r t
\r nil
\a schDirectEdit(1)
\i 0.5:-0.5
\i 0.5:-0.5
\p > 
\a addPoint(hiGetCommandPoint())
\i 0:-0.5
\r t
\r nil
\a _schHiToolbarRotate('previous)
\p > 
\a mouseAddPt(t)
\i 0.0125:-0.46875
\r t
\a mouseAddPt(t)
\i 0.525:-0.60625
\r t
\a cancelEnterFun()
\r t
\r nil
\a schDirectEdit(1)
\i -0.0625:-0.5
\i -0.0625:-0.5
\p > 
\a addPoint(hiGetCommandPoint())
\i 0.1875:-0.125
\r t
\r nil
\a schDirectEdit(1)
\i 0.125:-0.125
\i 0.125:-0.125
\p > 
\a addPoint(hiGetCommandPoint())
\i -0.125:-0.125
\r t
\r nil
\a schDirectEdit(1)
\i 0.5625:-0.625
\i 0.5625:-0.625
\p > 
\a addPoint(hiGetCommandPoint())
\i 0.3125:-0.25
\r t
\r nil
\a mouseSingleSelectPt()
\i 0.375:-0.5625
\r nil
\a schDirectEdit(1)
\i -0.125:-0.5625
\i -0.125:-0.5625
\p > 
\a addPoint(hiGetCommandPoint())
\i 0.375:-1.0625
\r t
\r nil
\a schHiDelete()
\r t
\a schHiDelete()
\p > 
\a hiZoomOutAtMouse()
\i 0.4375:-0.375
\r t
\a hiZoomInAtMouse()
\i 0.6875:0.125
\r t
\a hiZoomInAtMouse()
\i 0.6875:0.125
\r t
\a cancelEnterFun()
\r t
\r nil
\a hiZoomOutAtMouse()
\i 0.875:0.1875
\r t
\a schHiVICAndSave()
\o INFO (SCH-1171): Cross View Check completed with no errors.
\o INFO (SCH-1181): "TSPCFF_LIB INV-propre symbol" saved.
\r t
\a hiCloseWindow(swindow(6))
\r t
\a _hiSetCurrentWinNum(7)
\r t
\a hiCloseWindow(swindow(5))
\r t
\a _hiSetCurrentWinNum(6)
\r t
\a hiSetCurrentWindow(window(2))
\r t
\a schSingleSelectPt()
\i 1.75:3.75
\r nil
\a schSingleSelectPt()
\i 1.25:4.1875
\r t
\a schHiObjectProperty()
\r t
\a hiiSetCurrentForm('schObjPropForm)
\r t
\a schObjPropForm->cellName->value="INV-propre"
\r "INV-propre"
\a hiFormDone(schObjPropForm)
\r t
\a hiZoomOutAtMouse()
\i 1.3125:3.8125
\r t
\a hiZoomOutAtMouse()
\i 1.375:3.8125
\r t
\a hiZoomInAtMouse()
\i 1.4375:4.0625
\r t
\a hiZoomInAtMouse()
\i 1.4375:4.125
\r t
\a hiZoomInAtMouse()
\i 1.5625:4.1875
\r t
\a schDirectEdit(1)
\i 1.5625:4.25
\i 1.5625:4.25
\p > 
\a addPoint(hiGetCommandPoint())
\i 1.625:4.3125
\r t
\r nil
\a schDirectEdit(1)
\i 1.625:4.3125
\i 1.625:4.3125
\p > 
\a addPoint(hiGetCommandPoint())
\i 1.625:4.25
\r t
\r nil
\a hiUndo()
\r t
\a hiUndo()
\r t
\a schSingleSelectPt()
\i 1.875:4
\r nil
\a schHiCreateWire(0.0)
\p > 
\a mouseAddPt(t)
\i 1.81875:4.25
\r t
\a mouseAddPt(t)
\i 1.7625:4.25
\r t
\a mouseAddPt(t)
\i 1.75625:4.11875
\r t
\a mouseAddPt(t)
\i 1.8125:4.11875
\r t
\a hiZoomOutAtMouse()
\i 1.75:4.125
\r t
\a hiZoomOutAtMouse()
\i 1.75:4.125
\r t
\a cancelEnterFun()
\r t
\r nil
\a schSingleSelectPt()
\i 4.75:4.25
\r t
\a schHiObjectProperty()
\r t
\a schObjPropForm->cellName->value="INV-propre"
\r "INV-propre"
\a hiFormDone(schObjPropForm)
\r t
\a hiZoomInAtMouse()
\i 4.9375:3.875
\r t
\a hiZoomInAtMouse()
\i 5:3.9375
\r t
\a schHiCreateWire(0.0)
\p > 
\a mouseAddPt(t)
\i 5.05:4.2625
\r t
\a mouseAddPt(t)
\i 5.00625:4.25
\r t
\a mouseAddPt(t)
\i 5.05625:4.125
\r t
\a mouseAddPt(t)
\i 5.00625:4.125
\r t
\a hiZoomOutAtMouse()
\i 5:4.25
\r t
\a hiZoomOutAtMouse()
\i 3.5625:4.1875
\r t
\a hiZoomOutAtMouse()
\i 5:4.125
\r t
\a hiZoomOutAtMouse()
\i 3.5:4.125
\r t
\a cancelEnterFun()
\r t
\r nil
\a hiZoomInAtMouse()
\i 3.8125:5.5
\r t
\a schSingleSelectPt()
\i 3.75:6.375
\r nil
\a schHiCheckAndSave()
\o INFO (SCH-1170): Extracting "TSPCFF schematic_adexl"
\o Warning: Solder dot on cross over at ( 3.1250, 7.5000 ).
\o Warning: Solder dot on cross over at ( 7.7500, 5.6250 ).
\o Warning: Terminal "VDD" in view schematic_adexl not found in "TSPCFF symbol".
\o Warning: Terminal "VSS" in view schematic_adexl not found in "TSPCFF symbol".
\o Warning: Terminal "VDD" in view schematic_adexl not found in "TSPCFF schematic".
\o Warning: Terminal "VSS" in view schematic_adexl not found in "TSPCFF schematic".
\o INFO (SCH-1172): There were 0 errors and 6 warnings found in "TSPCFF_LIB TSPCFF schematic_adexl".
\p > 
\a hiDBoxOK(_schCheckDBox)
\r t
\o INFO (SCH-1181): "TSPCFF_LIB TSPCFF schematic_adexl" saved.
\r t
\a schHiViewToView()
\p > 
\a hiiSetCurrentForm('schViewToViewForm)
\r t
\a hiFormDone(schViewToViewForm)
\p > 
\a hiDBoxOK(viewToViewNoOp)
\r t
\p > 
\a hiiSetCurrentForm('schCreateSchematicForm)
\r t
\a hiFormCancel(schCreateSchematicForm)
\r t
\w *WARNING* (SCH-1060): Failed to generate cellview "TSPCFF schematic" from pin list.
\r t
\r t
\a schHiViewToView()
\p > 
\a hiiSetCurrentForm('schViewToViewForm)
\r t
\a schViewToViewForm->toDataType->value="schematicSymbol"
\r "schematicSymbol"
\a hiFormDone(schViewToViewForm)
\p > 
\a hiDBoxUser(schReplaceOrModifyDialog nil 2)
\r t
\o 
\o Modifying cellview: "TSPCFF_LIB" "TSPCFF" "symbol"  on  Nov 20 17:44:25 2025. 
\o Added inputOutput pins:
\o       VSS VDD 
\o Changed cellview properties:
\o       portOrder 
\o Symbol (TSPCFF symbol) modified and saved in library:TSPCFF_LIB.
\o INFO (SCH-1061): Completed generating design in library "TSPCFF_LIB" as "TSPCFF" "symbol".
\o Adding CDF information ...
\p > 
\a hiDBoxOK(cvToCvCreateCDF)
\r t
\o     Adding base cell CDF parameter information ...
\o 	skipping parameter 'l0' because it already exists...
\o 	skipping parameter 'wn0' because it already exists...
\o 	skipping parameter 'wp0' because it already exists...
\o     Adding base cell CDF simulation information ...
\r t
\r t
\a hiResizeWindow(swindow(4) list(-5:-5 1915:1024))
\r t
\a hiSetCurrentWindow(window(6))
\r t
\a hiZoomInAtMouse()
\i 0.625:0.0625
\r t
\a hiZoomInAtMouse()
\i 0.5:0.0625
\r t
\a hiZoomOutAtMouse()
\i 0.9375:-0.0625
\r t
\a mouseSingleSelectPt()
\i 1.8125:-0.5625
\r t
\a schHiDelete()
\r t
\a mouseSingleSelectPt()
\i 0.375:-0.4375
\r nil
\a schDirectEdit(1)
\i 0.25:-0.25
\i 0.25:-0.25
\p > 
\a addPoint(hiGetCommandPoint())
\i 0.25:-0.4375
\r t
\r nil
\a schDirectEdit(1)
\i 0.25:0.125
\i 0.25:0.125
\p > 
\a addPoint(hiGetCommandPoint())
\i 0.25:0.25
\r t
\r nil
\a schDirectEdit(1)
\i 0.75:-0.5
\i 0.75:-0.5
\p > 
\a addPoint(hiGetCommandPoint())
\i 0.75:-0.4375
\r t
\r nil
\a mouseSingleSelectPt()
\i 0.75:-0.4375
\r t
\a schDirectEdit(1)
\i 0.75:-0.4375
\i 0.75:-0.4375
\p > 
\a addPoint(hiGetCommandPoint())
\i 0.8125:-0.4375
\r t
\r nil
\a schDirectEdit(1)
\i 0.875:-0.5
\i 0.875:-0.5
\p > 
\a addPoint(hiGetCommandPoint())
\i 0.8125:0.25
\r t
\r nil
\a hiZoomOutAtMouse()
\i 0.8125:0.25
\r t
\a schDirectEdit(1)
\i 0.875:-0.625
\i 0.875:-0.625
\p > 
\a addPoint(hiGetCommandPoint())
\i 0.8125:-0.3125
\r t
\r nil
\a schDirectEdit(1)
\i 0.75:-0.6875
\i 0.75:-0.6875
\p > 
\a addPoint(hiGetCommandPoint())
\i 0.4375:-0.5625
\r t
\r nil
\a schDirectEdit(1)
\i 0.8125:-0.4375
\i 0.8125:-0.4375
\p > 
\a addPoint(hiGetCommandPoint())
\i 0.8125:-0.625
\r t
\r nil
\a mouseSingleSelectPt()
\i 0.625:-0.5625
\r t
\a hiZoomInAtMouse()
\i 0.75:-0.375
\r t
\a schHiDelete()
\r t
\a schDirectEdit(1)
\i 0.8125:-0.375
\i 0.8125:-0.375
\p > 
\a addPoint(hiGetCommandPoint())
\i 0.8125:-0.5625
\r t
\r nil
\a schDirectEdit(1)
\i 0.8125:-0.25
\i 0.8125:-0.25
\p > 
\a addPoint(hiGetCommandPoint())
\i 0.8125:-0.5
\r t
\r nil
\a mouseSingleSelectPt()
\i 0.9375:-0.5
\r nil
\a mouseSingleSelectPt()
\i 0.8125:-0.5625
\r t
\a hiFocusToCIW(hiGetCurrentWindow())
\r t
\a mouseSingleSelectPt()
\i 1.875:-0.25
\r nil
\a schHiCopy()
\p > 
\a mouseAddPt(t)
\i 0.80625:-0.5
\r t
\a mouseAddPt(t)
\i 0.81875:0.1875
\r t
\a hiZoomOutAtMouse()
\i 0.8125:-0.3125
\r t
\a hiZoomInAtMouse()
\i 0.8125:0.4375
\r t
\a cancelEnterFun()
\r t
\r nil
\a schHiSymStretch()
\p > 
\a mouseAddPt(t)
\i 0.8125:0.1625
\r t
\a mouseAddPt(t)
\i 0.83125:0.4
\r t
\a cancelEnterFun()
\r t
\r nil
\a schDirectEdit(1)
\i 0.8125:0.25
\i 0.8125:0.25
\p > 
\a addPoint(hiGetCommandPoint())
\i 0.8125:0.4375
\r t
\r nil
\a mouseSingleSelectPt()
\i 0.8125:0.25
\r t
\a mouseSingleSelectPt()
\i 0.875:0.1875
\r t
\a schDirectEdit(1)
\i 0.8125:0.0625
\i 0.8125:0.0625
\p > 
\a addPoint(hiGetCommandPoint())
\i 0.8125:0.3125
\r t
\r nil
\a schDirectEdit(1)
\i 0.8125:0.3125
\i 0.8125:0.3125
\p > 
\a addPoint(hiGetCommandPoint())
\i 0.8125:0.25
\r t
\r nil
\a mouseSingleSelectPt()
\i 0.875:0.1875
\r t
\a schDirectEdit(1)
\i 0.8125:0.0625
\i 0.8125:0.0625
\p > 
\a addPoint(hiGetCommandPoint())
\i 0.8125:0.125
\r t
\r nil
\a hiZoomOutAtMouse()
\i 0.8125:-0.0625
\r t
\a schDirectEdit(1)
\i 0.8125:-1.0625
\i 0.8125:-1.0625
\p > 
\a addPoint(hiGetCommandPoint())
\i 0.8125:-0.375
\r t
\r nil
\a schDirectEdit(1)
\i 0.9375:-0.25
\i 0.9375:-0.25
\p > 
\a addPoint(hiGetCommandPoint())
\i 0.875:-0.625
\r t
\r nil
\a schDirectEdit(1)
\i 0.9375:0.125
\i 0.9375:0.125
\p > 
\a addPoint(hiGetCommandPoint())
\i 0.875:0.4375
\r t
\r nil
\a mouseSingleSelectPt()
\i -0.25:0.6875
\r nil
\a schHiVICAndSave()
\o Warning: Terminal "VDD" in view symbol not found in "TSPCFF schematic".
\o Warning: Terminal "VSS" in view symbol not found in "TSPCFF schematic".
\o INFO (SCH-1172): There were 0 errors and 2 warnings found in "TSPCFF_LIB TSPCFF symbol".
\p > 
\a hiDBoxOK(_schCVCDBox)
\r t
\o INFO (SCH-1181): "TSPCFF_LIB TSPCFF symbol" saved.
\r t
\a mouseSingleSelectPt()
\i 0.5:0.6875
\r nil
\a hiSetCurrentWindow(window(2))
\r t
\a schHiCheckAndSave()
\o INFO (SCH-1170): Extracting "TSPCFF schematic_adexl"
\o Warning: Solder dot on cross over at ( 3.1250, 7.5000 ).
\o Warning: Solder dot on cross over at ( 7.7500, 5.6250 ).
\o Warning: Terminal "VDD" in view schematic_adexl not found in "TSPCFF schematic".
\o Warning: Terminal "VSS" in view schematic_adexl not found in "TSPCFF schematic".
\o INFO (SCH-1172): There were 0 errors and 4 warnings found in "TSPCFF_LIB TSPCFF schematic_adexl".
\p > 
\a hiDBoxOK(_schCheckDBox)
\r t
\o INFO (SCH-1181): "TSPCFF_LIB TSPCFF schematic_adexl" saved.
\r t
\o Info (ccp): Virtuoso Framework License (111) was checked out successfully. Total checkout time was 0.12s.
\o 
\o Info (ccp): ccpDFIIChecker: Starting ...
\o Info (ccp): ccpDFIIChecker: End running.
\a hiSetCurrentWindow(window(5))
\r t
\a schHiCheckAndSave()
\o INFO (SCH-1170): Extracting "TB_TSPCFF schematic"
\o Warning: Pin "PLUS" on instance "V0": floating input/output.
\o Warning: Pin "MINUS" on instance "V0": floating input/output.
\o INFO (SCH-1172): There were 0 errors and 2 warnings found in "TSPCFF_LIB TB_TSPCFF schematic".
\p > 
\a hiDBoxOK(_schCheckDBox)
\r t
\o INFO (SCH-1181): "TSPCFF_LIB TB_TSPCFF schematic" saved.
\r t
\a hiCloseWindow(swindow(1))
\r t
\a hiCloseWindow(swindow(3))
\r t
\a _hiSetCurrentWinNum(6)
\r t
\a hiCloseWindow(swindow(4))
\r t
\o  
\o Library Manager deleting cellview "TSPCFF_LIB/TSPCFF/schematic_adexl".
\i ddDeleteLocal(ddGetObj("TSPCFF_LIB" "TSPCFF" "schematic_adexl" ""))
\o Deleted cellview 'TSPCFF_LIB/TSPCFF/schematic_adexl'.
\o  
\o Library Manager deleting cellview "TSPCFF_LIB/TSPCFF/symbol".
\i ddDeleteLocal(ddGetObj("TSPCFF_LIB" "TSPCFF" "symbol" ""))
\o Deleted cellview 'TSPCFF_LIB/TSPCFF/symbol'.
\o  
\o Library Manager deleting cellview "TSPCFF_LIB/TSPCFF_v2/schematic".
\i ddDeleteLocal(ddGetObj("TSPCFF_LIB" "TSPCFF_v2" "schematic" ""))
\o Deleted cellview 'TSPCFF_LIB/TSPCFF_v2/schematic'.
\o Info (ccp): Virtuoso Framework License (111) was checked out successfully. Total checkout time was 0.12s.
\o 
\o Info (ccp): ccpDFIIChecker: Starting ...
\o Info (ccp): ccpDFIIChecker: End running.
\o (ccpiDispatchUpdaters) Performing instance update.
\o 
\o Info (ccp): Virtuoso Framework License (111) was checked out successfully. Total checkout time was 0.13s.
\o 
\o Info (ccp): ccpDFIIUpdtr: Starting ...
\o Info (ccp): ccpDFIIUpdtr: End running.
\i ddsServOpen("TSPCFF_LIB" "TSPCFF_v2" "schematic" "edit" nil)
\o *INFO* (icLic-302) License Virtuoso_Schematic_Editor_XL ("95115") was used to run Schematics L.
\a _treeNavActivateOpc(dwindow('treeAssistant6) "")
\r t
\a when(dwindow('oiAssistant6) hiMapWindow(dwindow('oiAssistant6)))
\r t
\a when(dwindow('treeAssistant6) hiMapWindow(dwindow('treeAssistant6)))
\r t
\a hiResizeWindow(swindow(7) list(-5:-5 1915:1024))
\r t
\a schHiCheckAndSave()
\o INFO (SCH-1170): Extracting "TSPCFF_v2 schematic"
\o Warning: Solder dot on cross over at ( 3.1250, 7.5000 ).
\o Warning: Solder dot on cross over at ( 7.7500, 5.6250 ).
\o INFO (SCH-1172): There were 0 errors and 2 warnings found in "TSPCFF_LIB TSPCFF_v2 schematic".
\p > 
\a hiDBoxOK(_schCheckDBox)
\r t
\o INFO (SCH-1181): "TSPCFF_LIB TSPCFF_v2 schematic" saved.
\r t
\a hiZoomInAtMouse()
\i -1.6875:9.9375
\r t
\a hiZoomInAtMouse()
\i -1.6875:9.9375
\r t
\a hiZoomOutAtMouse()
\i -0.3125:9.6875
\r t
\a hiZoomInAtMouse()
\i 7.75:5.8125
\r t
\a hiZoomInAtMouse()
\i 7.75:5.8125
\r t
\a hiZoomOutAtMouse()
\i 7.5625:5.75
\r t
\# Thread usage report: 21 active threads, active load 1.00 at UTC 2025.11.20 16:47:04.185
\a hiZoomOutAtMouse()
\i 7.625:5.75
\r t
\a hiZoomInAtMouse()
\i 8.125:5.625
\r t
\a hiZoomInAtMouse()
\i 8.125:5.625
\r t
\a schSingleSelectPt()
\i 7.875:5.5625
\r nil
\a schSingleSelectPt()
\i 7.875:5.625
\r t
\a schHiDelete()
\r t
\a schDirectEdit(1)
\i 8.5625:5.625
\i 8.5625:5.625
\p > 
\a addPoint(hiGetCommandPoint())
\i 8.3125:5.375
\r t
\r nil
\a schHiCreateWire(0.0)
\p > 
\a mouseAddPt(t)
\i 8.35:5.4
\r t
\a mouseAddPt(t)
\i 7.7375:5.39375
\r t
\a hiZoomOutAtMouse()
\i 8.25:5.625
\r t
\a hiZoomOutAtMouse()
\i 8.3125:5.625
\r t
\a hiZoomInAtMouse()
\i 7.8125:5.5625
\r t
\a hiZoomInAtMouse()
\i 7.8125:5.5625
\r t
\a hiZoomOutAtMouse()
\i 7.875:5.625
\r t
\a hiZoomOutAtMouse()
\i 8.25:5.4375
\r t
\a hiZoomInAtMouse()
\i 3.125:7.75
\r t
\a hiZoomInAtMouse()
\i 3.1875:7.6875
\r t
\a cancelEnterFun()
\r t
\r nil
\a schSingleSelectPt()
\i 3.1875:7.5
\r t
\a hiZoomOutAtMouse()
\i 3:7.375
\r t
\a hiZoomOutAtMouse()
\i 3:7.4375
\r t
\a hiZoomInAtMouse()
\i 3.625:7.625
\r t
\a schSingleSelectPt()
\i 3.9375:7.5
\r t
\a schHiDelete()
\r t
\a schHiCreateWire(0.0)
\p > 
\a mouseAddPt(t)
\i 5.975:7.50625
\r t
\a mouseAddPt(t)
\i 3.125:7.675
\r t
\a cancelEnterFun()
\r t
\r nil
\a hiZoomOutAtMouse()
\i 4.0625:8.0625
\r t
\a schHiCheckAndSave()
\o INFO (SCH-1170): Extracting "TSPCFF_v2 schematic"
\o INFO (SCH-1426): Schematic check completed with no errors.
\o INFO (SCH-1181): "TSPCFF_LIB TSPCFF_v2 schematic" saved.
\r t
\a hiZoomOutAtMouse()
\i 3.8125:8.8125
\r t
\a hiZoomOutAtMouse()
\i 3.9375:8.875
\r t
\a hiZoomInAtMouse()
\i 3.5:8
\r t
\a hiZoomInAtMouse()
\i 3.5:8
\r t
\a hiCloseWindow(swindow(7))
\r t
\i ddsServOpen("TSPCFF_LIB" "TB_TSPCFF" "schematic" "edit" nil)
\o *INFO* (icLic-302) License Virtuoso_Schematic_Editor_XL ("95115") was used to run Schematics L.
\a _treeNavActivateOpc(dwindow('treeAssistant7) "")
\r t
\a when(dwindow('oiAssistant7) hiMapWindow(dwindow('oiAssistant7)))
\r t
\a when(dwindow('treeAssistant7) hiMapWindow(dwindow('treeAssistant7)))
\r t
\a hiResizeWindow(swindow(8) list(-5:-5 1915:1024))
\r t
\a hiZoomOutAtMouse()
\i -0.9375:0.4375
\r t
\a schHiCreateInst()
\p > 
\a hiDBoxOK(_schDBox)
\r t
\p > 
\a hiiSetCurrentForm('schCreateInstForm)
\r t
\a schCreateInstForm->cellName->value="TSPCFF_v2"
\r "TSPCFF_v2"
\a schCreateInstForm->viewName->value="symbol"
\r "symbol"
\a mouseAddPt(t)
\i 0.18125:0.40625
\r t
\a cancelEnterFun()
\r t
\r nil
\a schDirectEdit(1)
\i -1.25:0.3125
\i -1.25:0.3125
\p > 
\a addPoint(hiGetCommandPoint())
\i -1.0625:0.4375
\r t
\r nil
\a schHiCreateWire(0.0)
\p > 
\a mouseAddPt(t)
\i -1.05625:0.19375
\r t
\a mouseAddPt(t)
\i -1.04375:-0.33125
\r t
\a cancelEnterFun()
\r t
\r nil
\a schHiCreateWire(0.0)
\p > 
\a mouseAddPt(t)
\i -1.06875:0.58125
\r t
\a mouseAddPt(t)
\i -1.09375:0.99375
\r t
\a cancelEnterFun()
\r t
\r nil
\a schSingleSelectPt()
\i -1.125:1
\r t
\a schHiDelete()
\r t
\a schHiCreateWireLabel()
\p > 
\a hiiSetCurrentForm('schCreateWireLabelForm)
\r t
\a schCreateWireLabelForm->label->value="VDD VSS"
\r "VDD VSS"
\a hiiToggleEnterForm(schCreateWireLabelForm)
\r t
\a mouseAddPt(t)
\i -1.05625:0.8125
\r t
\a mouseAddPt(t)
\i -1.0625:-0.10625
\r t
\a cancelEnterFun()
\r t
\r nil
\a hiZoomOutAtMouse()
\i -0.4375:-0.3125
\r t
\a hiZoomOutAtMouse()
\i -0.375:-0.3125
\r t
\a hiZoomInAtMouse()
\i 0.5625:0.9375
\r t
\a hiZoomInAtMouse()
\i 0.5625:0.9375
\r t
\a schHiCreateWire(0.0)
\p > 
\a mouseAddPt(t)
\i 0.99375:0.875
\r t
\a mouseAddPt(t)
\i 0.975:1.225
\r t
\a cancelEnterFun()
\r t
\r nil
\a schHiCreateWire(0.0)
\p > 
\a mouseAddPt(t)
\i 1.00625:-0.16875
\r t
\a mouseAddPt(t)
\i 1.01875:-0.50625
\r t
\a cancelEnterFun()
\r t
\r nil
\a schHiCreateWireLabel()
\p > 
\a schCreateWireLabelForm->label->value="VDD VSS"
\r "VDD VSS"
\a hiiToggleEnterForm(schCreateWireLabelForm)
\r t
\a mouseAddPt(t)
\i 0.99375:1.125
\r t
\a mouseAddPt(t)
\i 0.99375:-0.35
\r t
\a cancelEnterFun()
\r t
\r nil
\a schDirectEdit(1)
\i -0.4375:1.5
\i -0.4375:1.5
\p > 
\a addPoint(hiGetCommandPoint())
\i 2.0625:-0.75
\r t
\r nil
\a schDirectEdit(1)
\i 0.8125:0.5
\i 0.8125:0.5
\p > 
\a addPoint(hiGetCommandPoint())
\i 1.375:0.375
\r t
\r nil
\a schSingleSelectPt()
\i 0:0.625
\r nil
\a schHiCreateInst()
\p > 
\a mouseAddPt(t)
\i -0.1:0.5125
\r t
\a schHiCreateInst()
\r t
\a hiiSetCurrentForm('schCreateInstForm)
\r t
\a schCreateInstForm->libraryName->value="analogLib"
\r "analogLib"
\a schCreateInstForm->cellName->value="vdc"
\r "vdc"
\a mouseAddPt(t)
\i 0.2375:1.325
\r t
\a cancelEnterFun()
\r t
\r nil
\a schSingleSelectPt()
\i 0.25:0.375
\r t
\a schHiDelete()
\r t
\a schHiCopy()
\p > 
\a mouseAddPt(t)
\i -1.0875:0.4
\r t
\a mouseAddPt(t)
\i -0.025:0.31875
\r t
\a cancelEnterFun()
\r t
\r nil
\a schSingleSelectPt()
\i -1.0625:0.4375
\r t
\a schHiDelete()
\r t
\a schDirectEdit(1)
\i 0.3125:1.1875
\i 0.3125:1.1875
\p > 
\a addPoint(hiGetCommandPoint())
\i -1:0.4375
\r t
\r nil
\a schDirectEdit(1)
\i 0.0625:0.25
\i 0.0625:0.25
\p > 
\a addPoint(hiGetCommandPoint())
\i -0.25:0.375
\r t
\r nil
\a schSingleSelectPt()
\i -0.4375:-0.0625
\r nil
\a schHiCreateWire(0.0)
\p > 
\a mouseAddPt(t)
\i -0.3:0.23125
\r t
\a mouseAddPt(t)
\i -1.0625:-0.05625
\r t
\a cancelEnterFun()
\r t
\r nil
\a schDirectEdit(1)
\i -0.375:0.4375
\i -0.375:0.4375
\p > 
\a addPoint(hiGetCommandPoint())
\i -0.375:0.3125
\r t
\r nil
\a hiUndo()
\r t
\a schSingleSelectPt()
\i 0.0625:-0.0625
\r nil
\a schHiCreateWire(0.0)
\p > 
\a mouseAddPt(t)
\i -0.325:0.625
\r t
\a mouseAddPt(t)
\i -0.30625:1.01875
\r t
\a cancelEnterFun()
\r t
\r nil
\a schHiCreateWire(0.0)
\p > 
\a mouseAddPt(t)
\i 0.725:0.3125
\r t
\a mouseAddPt(t)
\i 0.38125:0.33125
\r t
\a cancelEnterFun()
\r t
\r nil
\a schHiCreateWire(0.0)
\p > 
\a mouseAddPt(t)
\i 0.73125:0.175
\r t
\a mouseAddPt(t)
\i 0.425:0.18125
\r t
\a mouseAddPt(t)
\i 0.43125:-0.1
\r t
\a cancelEnterFun()
\r t
\r nil
\a schHiCreateWireLabel()
\p > 
\a hiiSetCurrentForm('schCreateWireLabelForm)
\r t
\a schCreateWireLabelForm->label->value="CLK CLK"
\r "CLK CLK"
\a hiiToggleEnterForm(schCreateWireLabelForm)
\r t
\a mouseAddPt(t)
\i -0.325:0.85625
\r t
\a mouseAddPt(t)
\i 0.425:0.00625
\r t
\a cancelEnterFun()
\r t
\r nil
\a schHiCreateInst()
\p > 
\a hiiSetCurrentForm('schCreateInstForm)
\r t
\a hiiToggleEnterForm(schCreateInstForm) 
\r t
\a cancelEnterFun()
\r t
\r nil
\a schHiCreateInst()
\p > 
\a schCreateInstForm->libraryName->value="basic"
\r "basic"
\a schCreateInstForm->cellName->value="noConn"
\r "noConn"
\a mouseAddPt(t)
\i 2.3375:0.33125
\r t
\a schSetEnv("rotate" t)
\r t
\a mouseAddPt(t)
\i 2.33125:0.2875
\r t
\a cancelEnterFun()
\r t
\r nil
\a schSingleSelectPt()
\i 2.375:0
\r t
\a schHiDelete()
\r t
\a schHiCheckAndSave()
\o INFO (SCH-1170): Extracting "TB_TSPCFF schematic"
\o Warning: Pin "D" on instance "I0": floating input/output.
\o Warning: Floating net "net4" at (0.3750, 0.3125).
\o INFO (SCH-1172): There were 0 errors and 2 warnings found in "TSPCFF_LIB TB_TSPCFF schematic".
\p > 
\a hiDBoxOK(_schCheckDBox)
\r t
\o INFO (SCH-1181): "TSPCFF_LIB TB_TSPCFF schematic" saved.
\r t
\a schDirectEdit(1)
\i -1.5625:1.3125
\i -1.5625:1.3125
\p > 
\a addPoint(hiGetCommandPoint())
\i -0.125:-0.375
\r t
\r nil
\a schDirectEdit(1)
\i -0.3125:0.5
\i -0.3125:0.5
\p > 
\a addPoint(hiGetCommandPoint())
\i -1.125:0.5625
\r t
\r nil
\a schSingleSelectPt()
\i -0.5:0.5625
\r nil
\a schDirectEdit(1)
\i -1.375:1.375
\i -1.375:1.375
\p > 
\a addPoint(hiGetCommandPoint())
\i -0.8125:-0.1875
\r t
\r nil
\a schHiCopy()
\p > 
\a mouseAddPt(t)
\i -1.09375:0.49375
\r t
\a mouseAddPt(t)
\i -0.575:0.525
\r t
\r t
\a schHiCreateWire(0.0)
\p > 
\a mouseAddPt(t)
\i -0.5625:0.00625
\r t
\a mouseAddPt(t)
\i -1.14375:-0.00625
\r t
\a cancelEnterFun()
\r t
\r nil
\a schHiDefaultAction()
\i -0.6875:0.9375
\i -0.6875:0.9375
\r t
\p > 
\a _hiCanvasTextEditorBeginEdit()
\r t
\a _hiCanvasTextEditorSetText("DIN")
\r t
\a finishEnterFun()
\r t
\a schHiCreateWireLabel()
\p > 
\a hiiSetCurrentForm('schCreateWireLabelForm)
\r t
\a schCreateWireLabelForm->label->value="DIN"
\r "DIN"
\a hiiToggleEnterForm(schCreateWireLabelForm)
\r t
\a mouseAddPt(t)
\i 0.50625:0.325
\r t
\a cancelEnterFun()
\r t
\r nil
\a schSingleSelectPt()
\i -0.625:0.5625
\r t
\a schHiObjectProperty()
\r t
\a hiiSetCurrentForm('schObjPropForm)
\r t
\a schObjPropForm->t2->value="400n s"
\r "400n s"
\a hiFormDone(schObjPropForm)
\r t
\a schHiCheckAndSave()
\o INFO (SCH-1170): Extracting "TB_TSPCFF schematic"
\o INFO (SCH-1426): Schematic check completed with no errors.
\o INFO (SCH-1181): "TSPCFF_LIB TB_TSPCFF schematic" saved.
\r t
\a schSingleSelectPt()
\i 0.375:1.5
\r nil
\a _deUpdateMenu('schematicTools 10)
\r t
\a deInstallApp(getCurrentWindow() "analogArtist-Schematic")
\w *WARNING* (icLic-214) Failed to check out license Analog_Design_Environment_L ("95200") or Analog_Design_Environment_XL ("95210") or Analog_Design_Environment_GXL ("95220") to run ADE L because of status code -5, -5 and -943 respectively.
\o INFO (adeLic-1000): Successfully checked out an 'ADE Assembler' license to open ADE L as no ADE ones were available.
\r t
\a sevEditSelectedAnas('sevSession2)
\p > 
\a _asii_spectre1_analysis_form->tran_stop->value="10m"
\r "10m"
\a _asii_spectre1_analysis_form->tran_errpreset->conservative->value =  t
\r t
\a hiFormDone(_asii_spectre1_analysis_form)
\r t
\r t
\a hiResizeWindow(swindow(9) list(75:304 767:779))
\r t
\a sevNetlistAndRun('sevSession2)
\o Delete psf data in /cal/exterieurs/afonlupt-25/simulation/TB_TSPCFF/spectre/schematic/psf.
\o generate netlist...
\o Loading seCore.cxt 
\o Initializing the control file using cp:
\o     cp /comelec/softs/opt/Cadence/releases/IC617/tools.lnx86/dfII/etc/si/control.spectre /cal/exterieurs/afonlupt-25/simulation/TB_TSPCFF/spectre/schematic/netlist/control
\o Copying Spectre source file 'spectre.inp'
\o Copying Spectre command file 'spectre.sim'
\o Begin Incremental Netlisting Nov 20 17:50:20 2025
\o End netlisting Nov 20 17:50:21 2025
\o Loading monte.cxt 
\o 
\o Netlisting Statistics:
\o 	Number of components:   17
\o 
\o 	Elapsed time:          7.0s (2.43/s)
\o Errors: 0	Warnings: 0
\o *Warning*	Additional design variables have been found during netlisting.
\o  		A value is necessary for successful simulation.
\o 		To simulate, assign values to all design variables with 
\o 		the Variables->Edit... menu, and use "Netlist and Run".
\o       ...successful.
\o compose simulator input file...
\o       ...successful.
\o start simulator if needed...
\o       ...successful.
\o Loading paraplot.cxt 
\r t
\a sevTableSelectRows(sevWindowForm2->varListBox 0)
\r t
\a (sevEditSelectedVars 'sevSession2)
\p > 
\a hiiSetCurrentForm('sevVariablesForm2)
\r t
\a sevVariablesForm2->expression->value="145n"
\r "145n"
\a hiFormDone(sevVariablesForm2)
\r t
\r t
\a hiResizeWindow(swindow(9) list(662:252 1354:727))
\r t
\a hiSetCurrentWindow(window(11))
\r t
\a sevTableSelectRows(sevWindowForm2->varListBox 1)
\r t
\a (sevEditSelectedVars 'sevSession2)
\p > 
\o INFO (ADE-3069): Errors encountered during simulation. For more information, see the log files
\o         accessible from the Simulation -> Output Log menu.
\a hiSetCurrentWindow(window(12))
\r t
\a sevVariablesForm2->expression->value="145n"
\r "145n"
\a hiFormDone(sevVariablesForm2)
\r t
\r t
\a hiSetCurrentWindow(window(11))
\r t
\a sevTableSelectRows(sevWindowForm2->varListBox 2)
\r t
\a (sevEditSelectedVars 'sevSession2)
\p > 
\a sevVariablesForm2->expression->value="214n"
\r "214n"
\a hiFormDone(sevVariablesForm2)
\r t
\r t
\a sevTableSelectRows(sevWindowForm2->varListBox 3)
\r t
\a (sevEditSelectedVars 'sevSession2)
\p > 
\a sevVariablesForm2->expression->value="214n"
\r "214n"
\a hiFormDone(sevVariablesForm2)
\r t
\r t
\a sevNetlistAndRun('sevSession2)
\o Delete psf data in /cal/exterieurs/afonlupt-25/simulation/TB_TSPCFF/spectre/schematic/psf.
\o generate netlist...
\o Begin Incremental Netlisting Nov 20 17:50:52 2025
\o End netlisting Nov 20 17:50:52 2025
\o 
\o 	The netlist is up to date.
\o 	Time taken to compare the design with netlist:   0.0s
\o       ...successful.
\o compose simulator input file...
\o       ...successful.
\o start simulator if needed...
\o       ...successful.
\r t
\a hiSetCurrentWindow(window(12))
\r t
\o simulate...
\o INFO (ADE-3071): Simulation completed successfully.
\o reading simulation data...
\o       ...successful.
\a hiSetCurrentWindow(window(11))
\r t
\a sevNetlistAndRun('sevSession2)
\o Delete psf data in /cal/exterieurs/afonlupt-25/simulation/TB_TSPCFF/spectre/schematic/psf.
\o generate netlist...
\o Begin Incremental Netlisting Nov 20 17:51:14 2025
\o End netlisting Nov 20 17:51:14 2025
\o 
\o 	The netlist is up to date.
\o 	Time taken to compare the design with netlist:   0.0s
\o       ...successful.
\o compose simulator input file...
\o       ...successful.
\o start simulator if needed...
\o       ...successful.
\o simulate...
\r t
\o INFO (ADE-3071): Simulation completed successfully.
\o reading simulation data...
\o       ...successful.
\a hiSetCurrentWindow(window(12))
\r t
\a hiSetCurrentWindow(window(10))
\r t
\a schSingleSelectPt()
\i 1.625:1.8125
\r nil
\a schSingleSelectPt()
\i 0.5625:0.1875
\r t
\a schHiMousePopUp()
\r t
\a hiPopupDown(schWirePopUp)
\r t
\a (_annPopUpPlot 'asiiPlotTranSignalCB "wire")
\i 0.5625:0.1875
\i 0.5625:0.1875
\a rdbLoadResults("sevSession2" "/cal/exterieurs/afonlupt-25/simulation/TB_TSPCFF/spectre/schematic/psf")
\r t
\r t
\# Memory report: using         555 MB, process size 2,825 MB at UTC 2025.11.20 16:51:40.440
\a hiSetCurrentWindow(window(10))
\r t
\a schSingleSelectPt()
\i 2.1875:-0.6875
\r nil
\a schSingleSelectPt()
\i -1.0625:0.4375
\r t
\a schHiObjectProperty()
\r t
\a hiiSetCurrentForm('schObjPropForm)
\r t
\a hiFormCancel(schObjPropForm) 
\r t
\a schSingleSelectPt()
\i -0.625:0.5
\r t
\a schHiObjectProperty()
\r t
\a schObjPropForm->fundname->value="1/800n"
\r "1/800n"
\a hiFormDone(schObjPropForm)
\r t
\a schHiObjectProperty()
\r t
\a schObjPropForm->fundname->value="1/800e-9"
\r "1/800e-9"
\a hiFormDone(schObjPropForm)
\r t
\a schHiObjectProperty()
\r t
\a hiFormDone(schObjPropForm)
\o INFO (SCH-1183): No changes were made. No objects updated.
\r t
\a schSingleSelectPt()
\i -1.125:0.5
\r t
\a schHiObjectProperty()
\r t
\a schObjPropForm->fundname->value="1/(800e-9)"
\r "1/(800e-9)"
\a hiFormDone(schObjPropForm)
\r t
\a schSingleSelectPt()
\i -0.5:0.5
\r t
\a schHiObjectProperty()
\r t
\a schObjPropForm->fundname->value="1/(800e-9)"
\r "1/(800e-9)"
\a hiFormDone(schObjPropForm)
\r t
\a schSingleSelectPt()
\i -1.1875:0.5
\r t
\a schHiObjectProperty()
\r t
\a schObjPropForm->fundname->value="1/(400e-9)"
\r "1/(400e-9)"
\a hiFormDone(schObjPropForm)
\r t
\a hiSetCurrentWindow(window(11))
\r t
\a sevTableSelectRows(sevAnaForm2->anaListBox 0)
\r t
\a (sevEditSelectedAnas 'sevSession2)
\p > 
\a _asii_spectre1_analysis_form->tran_stop->value="100U"
\r "100U"
\a hiFormDone(_asii_spectre1_analysis_form)
\p > 
\a hiDBoxOK(asiAnalysisErrorMessageDialog)
\r t
\r t
\a _asii_spectre1_analysis_form->tran_stop->value="100u"
\r "100u"
\a hiFormDone(_asii_spectre1_analysis_form)
\r t
\r t
\a sevNetlistAndRun('sevSession2)
\o Delete psf data in /cal/exterieurs/afonlupt-25/simulation/TB_TSPCFF/spectre/schematic/psf.
\o generate netlist...
\o Begin Incremental Netlisting Nov 20 17:53:10 2025
\o ERROR (OSSHNL-109): The cellview 'TSPCFF_LIB/TB_TSPCFF/schematic' has been modified since the last extraction. Validate
\o that the schematic is correct and run Check and Save to correct this error.
\o 
\o End netlisting Nov 20 17:53:10 2025
\o ERROR (OSSHNL-514): Netlist generation failed because of the errors reported above. The netlist might not have been generated at all, or the generated netlist could be corrupt. Fix the reported errors and regenerate the netlist.
\o       ...unsuccessful.
\r t
\a hiSetCurrentWindow(window(10))
\r t
\a schHiCheckAndSave()
\o INFO (SCH-1170): Extracting "TB_TSPCFF schematic"
\o INFO (SCH-1426): Schematic check completed with no errors.
\o INFO (SCH-1181): "TSPCFF_LIB TB_TSPCFF schematic" saved.
\r t
\a (sevRunEngine sevSession(hiGetCurrentWindow()))
\o Delete psf data in /cal/exterieurs/afonlupt-25/simulation/TB_TSPCFF/spectre/schematic/psf.
\o generate netlist...
\o Begin Incremental Netlisting Nov 20 17:53:16 2025
\o End netlisting Nov 20 17:53:16 2025
\o 
\o Netlisting Statistics:
\o 	Number of components:    4
\o 
\o 	Elapsed time:          1.0s (4.00/s)
\o Errors: 0	Warnings: 0
\o       ...successful.
\o compose simulator input file...
\o       ...successful.
\o start simulator if needed...
\o       ...successful.
\r t
\a schSingleSelectPt()
\i -0.75:-0.1875
\r nil
\o simulate...
\o INFO (ADE-3071): Simulation completed successfully.
\o reading simulation data...
\o       ...successful.
\a schSingleSelectPt()
\i -0.5625:0.875
\r t
\a schHiMousePopUp()
\r t
\a hiPopupDown(schWirePopUp)
\r t
\a (_annPopUpPlot 'asiiPlotTranSignalCB "wire")
\i -0.5625:0.875
\i -0.5625:0.875
\r t
\a schSingleSelectPt()
\i 2.9375:1
\r nil
\a hiSetCurrentWindow(window(12))
\r t
\a hiSetCurrentWindow(window(13))
\r t
\a hiSetCurrentWindow(window(12))
\r t
\a hiSetCurrentWindow(window(10))
\r t
\a schSingleSelectPt()
\i 2.0625:1.0625
\r nil
\a hiSetCurrentWindow(window(11))
\r t
\a (sevEditSelectedAnas 'sevSession2)
\p > 
\a _asii_spectre1_analysis_form->tran_stop->value="1u"
\r "1u"
\a hiFormDone(_asii_spectre1_analysis_form)
\r t
\r t
\a sevNetlistAndRun('sevSession2)
\o Delete psf data in /cal/exterieurs/afonlupt-25/simulation/TB_TSPCFF/spectre/schematic/psf.
\o generate netlist...
\o Begin Incremental Netlisting Nov 20 17:54:16 2025
\o End netlisting Nov 20 17:54:16 2025
\o 
\o 	The netlist is up to date.
\o 	Time taken to compare the design with netlist:   0.0s
\o       ...successful.
\o compose simulator input file...
\o       ...successful.
\o start simulator if needed...
\o       ...successful.
\r t
\o simulate...
\o INFO (ADE-3071): Simulation completed successfully.
\o reading simulation data...
\o       ...successful.
\a hiSetCurrentWindow(window(10))
\r t
\a schSingleSelectPt()
\i -0.75:-0.875
\r nil
\a schSingleSelectPt()
\i -0.5625:0.8125
\r t
\a schHiMousePopUp()
\r t
\a hiPopupDown(schWirePopUp)
\r t
\a (_annPopUpPlot 'asiiPlotTranSignalCB "wire")
\i -0.5625:0.8125
\i -0.5625:0.8125
\r t
\a hiResizeWindow(swindow(10) list(815:140 1815:940))
\r t
\a schSingleSelectPt()
\i -0.125:1
\r nil
\a schHiCreateInst()
\p > 
\a hiiSetCurrentForm('schCreateInstForm)
\r t
\a schCreateInstForm->libraryName->value="analogLib"
\r "analogLib"
\a schCreateInstForm->cellName->value="vpulse"
\r "vpulse"
\a mouseAddPt(t)
\i 0.4125:1.40625
\r t
\a cancelEnterFun()
\r t
\r nil
\a schSingleSelectPt()
\i -1.0625:0.5
\r t
\a schHiDelete()
\r t
\a schSingleSelectPt()
\i -0.5:0.5
\r t
\a schHiDelete()
\r t
\a schDirectEdit(1)
\i 0.4375:1.1875
\i 0.4375:1.1875
\p > 
\a addPoint(hiGetCommandPoint())
\i -1.125:0.4375
\r t
\r nil
\a schHiCopy()
\p > 
\a mouseAddPt(t)
\i -1.15:0.5
\r t
\a mouseAddPt(t)
\i -0.55:0.50625
\r t
\a cancelEnterFun()
\r t
\r nil
\a schSingleSelectPt()
\i -1.0625:0.5
\r t
\a schHiObjectProperty()
\r t
\a hiiSetCurrentForm('schObjPropForm)
\r t
\a schObjPropForm->fundname->value="5M"
\r "5M"
\a schObjPropForm->v2->value="1"
\r "1"
\a hiFormDone(schObjPropForm)
\r t
\a schSingleSelectPt()
\i -0.625:0.4375
\r t
\a schHiDelete()
\r t
\a schHiCopy()
\p > 
\a mouseAddPt(t)
\i -1.06875:0.4625
\r t
\a mouseAddPt(t)
\i -0.4875:0.45
\r t
\a cancelEnterFun()
\r t
\r nil
\a schSingleSelectPt()
\i -0.5625:0.4375
\r t
\a schHiObjectProperty()
\r t
\a schObjPropForm->fundname->value="2.5M"
\r "2.5M"
\a hiFormDone(schObjPropForm)
\r t
\a schHiCheckAndSave()
\o INFO (SCH-1170): Extracting "TB_TSPCFF schematic"
\o INFO (SCH-1426): Schematic check completed with no errors.
\o INFO (SCH-1181): "TSPCFF_LIB TB_TSPCFF schematic" saved.
\r t
\a (sevRunEngine sevSession(hiGetCurrentWindow()))
\o Delete psf data in /cal/exterieurs/afonlupt-25/simulation/TB_TSPCFF/spectre/schematic/psf.
\o generate netlist...
\o Begin Incremental Netlisting Nov 20 17:55:30 2025
\o WARNING (OSSHNL-160): The primitive, 'analogLib/vpulse/spectre', was not used in the last netlisting session in this
\o current run directory. Therefore, re-netlisting all cell views where this
\o primitive is instantiated.
\o 
\o End netlisting Nov 20 17:55:30 2025
\o 
\o Netlisting Statistics:
\o 	Number of components:    4
\o 
\o 	Elapsed time:          1.0s (4.00/s)
\o Errors: 0	Warnings: 0
\o       ...successful.
\o compose simulator input file...
\o       ...successful.
\o start simulator if needed...
\o       ...successful.
\r t
\o simulate...
\o INFO (ADE-3071): Simulation completed successfully.
\o reading simulation data...
\o       ...successful.
\a schSingleSelectPt()
\i 0.5:0.3125
\r t
\a schHiMousePopUp()
\r t
\a hiPopupDown(schWirePopUp)
\r t
\a (_annPopUpPlot 'asiiPlotTranSignalCB "wire")
\i 0.5:0.3125
\i 0.5:0.3125
\r t
\a hiSetCurrentWindow(window(13))
\r t
\a _ddtExecuteAction(awvGetCurrentWindow()->vivaSession "deleteObjects")
\r t
\a hiSetCurrentWindow(window(10))
\r t
\a schSingleSelectPt()
\i -0.0625:-0.25
\r nil
\a schHiCheckAndSave()
\o INFO (SCH-1170): Extracting "TB_TSPCFF schematic"
\o INFO (SCH-1426): Schematic check completed with no errors.
\o INFO (SCH-1181): "TSPCFF_LIB TB_TSPCFF schematic" saved.
\r t
\a hiResizeWindow(window(1) list(789:432 1584:885))
\r t
\a schSingleSelectPt()
\i -1.0625:1.25
\r nil
\a schSingleSelectPt()
\i -1.125:0.9375
\r t
\a schSingleSelectPt()
\i -1.0625:1.625
\r nil
\a schSingleSelectPt()
\i -1.125:1
\r t
\a schHiMousePopUp()
\r t
\a hiPopupDown(schWirePopUp)
\r t
\a (_annPopUpPlot 'asiiPlotTranSignalCB "wire")
\i -1.125:1
\i -1.125:1
\r t
\a schSingleSelectPt()
\i -1.0625:1.4375
\r nil
\a schSingleSelectPt()
\i -1.875:0.9375
\r t
\a schSingleSelectPt()
\i -1.875:0.375
\r t
\a schHiObjectProperty()
\r t
\a schObjPropForm->vdc->value="1"
\r "1"
\a hiFormDone(schObjPropForm)
\r t
\a schHiCheckAndSave()
\o INFO (SCH-1170): Extracting "TB_TSPCFF schematic"
\o INFO (SCH-1426): Schematic check completed with no errors.
\o INFO (SCH-1181): "TSPCFF_LIB TB_TSPCFF schematic" saved.
\r t
\a (sevRunEngine sevSession(hiGetCurrentWindow()))
\o Delete psf data in /cal/exterieurs/afonlupt-25/simulation/TB_TSPCFF/spectre/schematic/psf.
\o generate netlist...
\o Begin Incremental Netlisting Nov 20 17:56:33 2025
\o End netlisting Nov 20 17:56:33 2025
\o 
\o Netlisting Statistics:
\o 	Number of components:    4
\o 
\o 	Elapsed time:          1.0s (4.00/s)
\o Errors: 0	Warnings: 0
\o       ...successful.
\o compose simulator input file...
\o       ...successful.
\o start simulator if needed...
\o       ...successful.
\r t
\o simulate...
\o INFO (ADE-3071): Simulation completed successfully.
\o reading simulation data...
\o       ...successful.
\a schSingleSelectPt()
\i 1.5625:0.875
\r t
\a schHiMousePopUp()
\r t
\a hiPopupDown(schWirePopUp)
\r t
\a (_annPopUpPlot 'asiiPlotTranSignalCB "wire")
\i 1.5625:0.875
\i 1.5625:0.875
\r t
\a hiCloseWindow(swindow(10))
\r t
\a schSingleSelectPt()
\i 0.5625:1.5
\r nil
\a schHiCreateInst()
\p > 
\a hiiSetCurrentForm('schCreateInstForm)
\r t
\a schCreateInstForm->cellName->value="gnd"
\r "gnd"
\a mouseAddPt(t)
\i -1.7:0
\r t
\a cancelEnterFun()
\r t
\r nil
\a schHiCheckAndSave()
\o INFO (SCH-1170): Extracting "TB_TSPCFF schematic"
\o Error: Net "VSS" shorted to net "gnd!".
\o Error: Net "VSS" shorted to net "gnd!".
\o Error: Net "VSS" shorted to net "gnd!".
\o Error: Net "VSS" shorted to net "gnd!".
\o INFO (SCH-1172): There were 4 errors and 0 warnings found in "TSPCFF_LIB TB_TSPCFF schematic".
\p > 
\a hiDBoxOK(_schCheckDBox)
\r t
\p > 
\a hiDBoxOK(_schCheckAndSaveDBox)
\r t
\o INFO (SCH-1181): "TSPCFF_LIB TB_TSPCFF schematic" saved.
\r nil
\a schSingleSelectPt()
\i -1.6875:-0.5625
\r nil
\a schSingleSelectPt()
\i -1.9375:-0.4375
\r nil
\a schHiDelete()
\p > 
\a mouseAddPt(t)
\i -1.90625:-0.08125
\r t
\a mouseAddPt(t)
\i -1.88125:-0.125
\r t
\a mouseAddPt(t)
\i 1.5375:-0.45
\r t
\a mouseAddPt(t)
\i 1.40625:-0.5375
\r t
\a cancelEnterFun()
\r t
\r nil
\a schHiCopy()
\p > 
\a mouseAddPt(t)
\i -1.70625:-0.13125
\r t
\a mouseAddPt(t)
\i 1.5625:-0.4375
\r t
\a cancelEnterFun()
\r t
\r nil
\a schHiCheckAndSave()
\o INFO (SCH-1170): Extracting "TB_TSPCFF schematic"
\o INFO (SCH-1426): Schematic check completed with no errors.
\o INFO (SCH-1181): "TSPCFF_LIB TB_TSPCFF schematic" saved.
\r t
\a (sevRunEngine sevSession(hiGetCurrentWindow()))
\o Delete psf data in /cal/exterieurs/afonlupt-25/simulation/TB_TSPCFF/spectre/schematic/psf.
\o generate netlist...
\o Begin Incremental Netlisting Nov 20 17:57:15 2025
\o End netlisting Nov 20 17:57:15 2025
\o 
\o Netlisting Statistics:
\o 	Number of components:    4
\o 
\o 	Elapsed time:          1.0s (4.00/s)
\o Errors: 0	Warnings: 0
\o       ...successful.
\o compose simulator input file...
\o       ...successful.
\o start simulator if needed...
\o       ...successful.
\r t
\o simulate...
\o INFO (ADE-3071): Simulation completed successfully.
\o reading simulation data...
\o       ...successful.
\a hiSetCurrentWindow(window(12))
\r t
\a hiSetCurrentWindow(window(10))
\r t
\a schSingleSelectPt()
\i -0.5:-0.5
\r nil
\a schSingleSelectPt()
\i -1.125:0.875
\r t
\a schHiMousePopUp()
\r t
\a hiPopupDown(schWirePopUp)
\r t
\a (_annPopUpPlot 'asiiPlotTranSignalCB "wire")
\i -1.125:0.875
\i -1.125:0.875
\a rdbLoadResults("sevSession2" "/cal/exterieurs/afonlupt-25/simulation/TB_TSPCFF/spectre/schematic/psf")
\r t
\r t
\a hiSetCurrentWindow(window(15))
\r t
\a hiCloseWindow(swindow(11))
\r t
\a _hiSetCurrentWinNum(12)
\r t
\a hiSetCurrentWindow(window(11))
\r t
\a (sevEditSelectedAnas 'sevSession2)
\p > 
\a asiHiEditEnvVariables( asiGetAnalysis( asiGetSession( 'spectre1 ) 'tran ) list( 'options ) nil )
\p > 
\a hiiSetCurrentForm('_asii_spectre1_tran_options_form)
\r t
\a _asii_spectre1_tran_options_form->page->value=2
\r 2
\a _asii_spectre1_tran_options_form->page->value=3
\r 3
\a _asii_spectre1_tran_options_form->page->value=1
\r 1
\a _asii_spectre1_tran_options_form->page->page1->scroll1->tran_step->value="1n"
\r "1n"
\a hiFormDone(_asii_spectre1_tran_options_form)
\r t
\r t
\a hiiSetCurrentForm('_asii_spectre1_analysis_form)
\r t
\a hiFormDone(_asii_spectre1_analysis_form)
\r t
\r t
\a sevNetlistAndRun('sevSession2)
\o Delete psf data in /cal/exterieurs/afonlupt-25/simulation/TB_TSPCFF/spectre/schematic/psf.
\o generate netlist...
\o Begin Incremental Netlisting Nov 20 17:58:08 2025
\o End netlisting Nov 20 17:58:08 2025
\o 
\o 	The netlist is up to date.
\o 	Time taken to compare the design with netlist:   0.0s
\o       ...successful.
\o compose simulator input file...
\o       ...successful.
\o start simulator if needed...
\o       ...successful.
\r t
\o simulate...
\o INFO (ADE-3071): Simulation completed successfully.
\o reading simulation data...
\o       ...successful.
\a hiSetCurrentWindow(window(10))
\r t
\a schSingleSelectPt()
\i -0.8125:-0.375
\r nil
\a schSingleSelectPt()
\i -0.5625:0.8125
\r t
\a schHiMousePopUp()
\r t
\a hiPopupDown(schWirePopUp)
\r t
\a (_annPopUpPlot 'asiiPlotTranSignalCB "wire")
\i -0.5625:0.8125
\i -0.5625:0.8125
\a rdbLoadResults("sevSession2" "/cal/exterieurs/afonlupt-25/simulation/TB_TSPCFF/spectre/schematic/psf")
\r t
\r t
\a hiSetCurrentWindow(window(11))
\r t
\a hiSetCurrentWindow(window(10))
\r t
\a schSingleSelectPt()
\i 3:1.5
\r nil
\a schSingleSelectPt()
\i -1.125:0.5
\r t
\a schHiObjectProperty()
\r t
\a hiiSetCurrentForm('schObjPropForm)
\r t
\a schObjPropForm->v2->value=""
\r ""
\a schObjPropForm->v1->value=""
\r ""
\a schObjPropForm->acm->value="1"
\r "1"
\a hiFormDone(schObjPropForm)
\r t
\a schSingleSelectPt()
\i -0.5625:0.4375
\r t
\a schHiObjectProperty()
\r t
\a schObjPropForm->v2->value=""
\r ""
\a schObjPropForm->v1->value=""
\r ""
\a schObjPropForm->acm->value="1"
\r "1"
\a hiFormDone(schObjPropForm)
\r t
\a schHiCheckAndSave()
\o INFO (SCH-1170): Extracting "TB_TSPCFF schematic"
\o INFO (SCH-1426): Schematic check completed with no errors.
\o INFO (SCH-1181): "TSPCFF_LIB TB_TSPCFF schematic" saved.
\r t
\a (sevRunEngine sevSession(hiGetCurrentWindow()))
\o Delete psf data in /cal/exterieurs/afonlupt-25/simulation/TB_TSPCFF/spectre/schematic/psf.
\o generate netlist...
\o Begin Incremental Netlisting Nov 20 17:58:52 2025
\o End netlisting Nov 20 17:58:53 2025
\o 
\o Netlisting Statistics:
\o 	Number of components:    4
\o 
\o 	Elapsed time:          2.0s (2.00/s)
\o Errors: 0	Warnings: 0
\o       ...successful.
\o compose simulator input file...
\o       ...successful.
\o start simulator if needed...
\o       ...successful.
\r t
\o simulate...
\o INFO (ADE-3071): Simulation completed successfully.
\o reading simulation data...
\o       ...successful.
\a hiSetCurrentWindow(window(12))
\r t
\a hiSetCurrentWindow(window(17))
\r t
\a _ddtUpdateGraph(awvGetCurrentWindow()->vivaSession _vivaMapSubwinId(awvGetCurrentWindow()->vivaSession awvGetCurrentWindow() awvGetCurrentSubwindow(awvGetCurrentWindow())) nil nil)
\r (("rectTrace[3.3.8]") nil nil nil)
\a _ddtUpdateGraph(awvGetCurrentWindow()->vivaSession _vivaMapSubwinId(awvGetCurrentWindow()->vivaSession awvGetCurrentWindow() awvGetCurrentSubwindow(awvGetCurrentWindow())) nil nil)
\r (("rectTrace[3.3.8]") nil nil nil)
\a _ddtUpdateGraph(awvGetCurrentWindow()->vivaSession _vivaMapSubwinId(awvGetCurrentWindow()->vivaSession awvGetCurrentWindow() awvGetCurrentSubwindow(awvGetCurrentWindow())) nil nil)
\r (("rectTrace[3.3.8]") nil nil nil)
\a _ddtUpdateGraph(awvGetCurrentWindow()->vivaSession _vivaMapSubwinId(awvGetCurrentWindow()->vivaSession awvGetCurrentWindow() awvGetCurrentSubwindow(awvGetCurrentWindow())) nil nil)
\r (("rectTrace[3.3.8]") nil nil nil)
\a _ddtUpdateGraph(awvGetCurrentWindow()->vivaSession _vivaMapSubwinId(awvGetCurrentWindow()->vivaSession awvGetCurrentWindow() awvGetCurrentSubwindow(awvGetCurrentWindow())) nil nil)
\r (("rectTrace[3.3.8]") nil nil nil)
\a hiCloseWindow(swindow(12))
\r t
\a _hiSetCurrentWinNum(12)
\r t
\a hiSetCurrentWindow(window(10))
\r t
\a schSingleSelectPt()
\i 0.1875:1.25
\r nil
\a schSingleSelectPt()
\i -1.125:0.5
\r t
\a schHiObjectProperty()
\r t
\a hiFormCancel(schObjPropForm) 
\r t
\a schHiCreateInst()
\p > 
\a hiiSetCurrentForm('schCreateInstForm)
\r t
\a schCreateInstForm->cellName->value="vsin"
\r "vsin"
\a mouseAddPt(t)
\i 1.06875:1.3
\r t
\a cancelEnterFun()
\r t
\r nil
\a schSingleSelectPt()
\i -1.125:0.5
\r t
\a schHiDelete()
\r t
\a schDirectEdit(1)
\i 1.0625:1.0625
\i 1.0625:1.0625
\p > 
\a addPoint(hiGetCommandPoint())
\i -1.125:0.4375
\r t
\r nil
\a schSingleSelectPt()
\i -1.0625:0.5
\r t
\a schHiObjectProperty()
\r t
\a hiiSetCurrentForm('schObjPropForm)
\r t
\a schObjPropForm->va->value="1"
\r "1"
\a schObjPropForm->freq->value="5M"
\r "5M"
\a hiFormDone(schObjPropForm)
\r t
\a schHiCheckAndSave()
\o INFO (SCH-1170): Extracting "TB_TSPCFF schematic"
\o INFO (SCH-1426): Schematic check completed with no errors.
\o INFO (SCH-1181): "TSPCFF_LIB TB_TSPCFF schematic" saved.
\r t
\a (sevRunEngine sevSession(hiGetCurrentWindow()))
\o Delete psf data in /cal/exterieurs/afonlupt-25/simulation/TB_TSPCFF/spectre/schematic/psf.
\o generate netlist...
\o Begin Incremental Netlisting Nov 20 17:59:49 2025
\o WARNING (OSSHNL-160): The primitive, 'analogLib/vsin/spectre', was not used in the last netlisting session in this
\o current run directory. Therefore, re-netlisting all cell views where this
\o primitive is instantiated.
\o 
\o End netlisting Nov 20 17:59:49 2025
\o 
\o Netlisting Statistics:
\o 	Number of components:    4
\o 
\o 	Elapsed time:          1.0s (4.00/s)
\o Errors: 0	Warnings: 0
\o       ...successful.
\o compose simulator input file...
\o       ...successful.
\o start simulator if needed...
\o       ...successful.
\r t
\o simulate...
\o INFO (ADE-3071): Simulation completed successfully.
\o reading simulation data...
\o       ...successful.
\a schSingleSelectPt()
\i -0.125:1.5
\r nil
\a schSingleSelectPt()
\i -1.125:0.875
\r t
\a schHiMousePopUp()
\r t
\a hiPopupDown(schWirePopUp)
\r t
\a (_annPopUpPlot 'asiiPlotTranSignalCB "wire")
\i -1.125:0.875
\i -1.125:0.875
\a rdbLoadResults("sevSession2" "/cal/exterieurs/afonlupt-25/simulation/TB_TSPCFF/spectre/schematic/psf")
\r t
\r t
\a hiSetCurrentWindow(window(10))
\r t
\a schSingleSelectPt()
\i 2.25:1.3125
\r nil
\a schSingleSelectPt()
\i -0.6875:0.5625
\r t
\a schHiObjectProperty()
\r t
\a schObjPropForm->fundname->value=""
\r ""
\a hiFormCancel(schObjPropForm) 
\r t
\a schSingleSelectPt()
\i -0.5625:0.875
\r t
\a schHiMousePopUp()
\r t
\a hiPopupDown(schWirePopUp)
\r t
\a (_annPopUpPlot 'asiiPlotTranSignalCB "wire")
\i -0.5625:0.875
\i -0.5625:0.875
\r t
\a schSingleSelectPt()
\i 2.3125:1.125
\r nil
\a schSingleSelectPt()
\i -0.5625:0.5625
\r t
\a schHiObjectProperty()
\r t
\a schObjPropForm->fundname->value="5M"
\r "5M"
\a schObjPropForm->per->value="10n"
\r "10n"
\a schObjPropForm->pw->value="5n"
\r "5n"
\a schObjPropForm->fundname->value=""
\r ""
\a schObjPropForm->acm->value=""
\r ""
\a schObjPropForm->v1->value="0"
\r "0"
\a schObjPropForm->v2->value="1"
\r "1"
\a hiFormDone(schObjPropForm)
\r t
\a schHiCheckAndSave()
\o INFO (SCH-1170): Extracting "TB_TSPCFF schematic"
\o INFO (SCH-1426): Schematic check completed with no errors.
\o INFO (SCH-1181): "TSPCFF_LIB TB_TSPCFF schematic" saved.
\r t
\a (sevRunEngine sevSession(hiGetCurrentWindow()))
\o Delete psf data in /cal/exterieurs/afonlupt-25/simulation/TB_TSPCFF/spectre/schematic/psf.
\o generate netlist...
\o Begin Incremental Netlisting Nov 20 18:01:03 2025
\o End netlisting Nov 20 18:01:03 2025
\o 
\o Netlisting Statistics:
\o 	Number of components:    4
\o 
\o 	Elapsed time:          0.0s
\o Errors: 0	Warnings: 0
\o       ...successful.
\o compose simulator input file...
\o       ...successful.
\o start simulator if needed...
\o       ...successful.
\r t
\o simulate...
\o INFO (ADE-3071): Simulation completed successfully.
\o reading simulation data...
\o       ...successful.
\a schSingleSelectPt()
\i 0.5:0.3125
\r t
\a schHiMousePopUp()
\r t
\a hiPopupDown(schWirePopUp)
\r t
\a (_annPopUpPlot 'asiiPlotTranSignalCB "wire")
\i 0.5:0.3125
\i 0.5:0.3125
\r t
\a hiSetCurrentWindow(window(19))
\r t
\a hiSetCurrentWindow(window(10))
\r t
\a schSingleSelectPt()
\i 2.4375:1.4375
\r nil
\a hiSetCurrentWindow(window(19))
\r t
\a _ddtExecuteAction(awvGetCurrentWindow()->vivaSession "deleteObjects")
\r t
\a hiCloseWindow(swindow(13))
\r t
\a _hiSetCurrentWinNum(12)
\r t
\a hiSetCurrentWindow(window(10))
\r t
\a schSingleSelectPt()
\i -1.125:0.5
\r t
\a schHiDelete()
\r t
\a schHiCopy()
\p > 
\a mouseAddPt(t)
\i -0.6125:0.5125
\r t
\a mouseAddPt(t)
\i -1.16875:0.49375
\r t
\a cancelEnterFun()
\r t
\r nil
\a schSingleSelectPt()
\i -0.1875:0.625
\r nil
\a schSingleSelectPt()
\i -0.5:0.5625
\r t
\a schHiObjectProperty()
\r t
\a schObjPropForm->pw->value="10n s"
\r "10n s"
\a schObjPropForm->per->value="20n s"
\r "20n s"
\a hiFormDone(schObjPropForm)
\r t
\a schHiCheckAndSave()
\o INFO (SCH-1170): Extracting "TB_TSPCFF schematic"
\o INFO (SCH-1426): Schematic check completed with no errors.
\o INFO (SCH-1181): "TSPCFF_LIB TB_TSPCFF schematic" saved.
\r t
\a (sevRunEngine sevSession(hiGetCurrentWindow()))
\o Delete psf data in /cal/exterieurs/afonlupt-25/simulation/TB_TSPCFF/spectre/schematic/psf.
\o generate netlist...
\o Begin Incremental Netlisting Nov 20 18:01:40 2025
\o End netlisting Nov 20 18:01:40 2025
\o 
\o Netlisting Statistics:
\o 	Number of components:    4
\o 
\o 	Elapsed time:          1.0s (4.00/s)
\o Errors: 0	Warnings: 0
\o       ...successful.
\o compose simulator input file...
\o       ...successful.
\o start simulator if needed...
\o       ...successful.
\r t
\o simulate...
\o INFO (ADE-3071): Simulation completed successfully.
\o reading simulation data...
\o       ...successful.
\a schSingleSelectPt()
\i -0.25:0.125
\r nil
\a schHiMousePopUp()
\i 0.5:0.3125
\r t
\a hiPopupDown(schWirePopUp)
\r t
\a (_annPopUpPlot 'asiiPlotTranSignalCB "wire")
\i 0.5:0.3125
\i 0.5:0.3125
\a rdbLoadResults("sevSession2" "/cal/exterieurs/afonlupt-25/simulation/TB_TSPCFF/spectre/schematic/psf")
\r t
\r t
\a hiSetCurrentWindow(window(10))
\r t
\a schDirectEdit(1)
\i 2.5:0.3125
\i 2.5:0.3125
\p > 
\a addPoint(hiGetCommandPoint())
\i 2.75:0.3125
\r t
\r nil
\a schSingleSelectPt()
\i 2.4375:0.3125
\r t
\a schHiMousePopUp()
\r t
\a hiPopupDown(schWirePopUp)
\r t
\a (_annPopUpPlot 'asiiPlotTranSignalCB "wire")
\i 2.4375:0.3125
\o INFO (SCH-1170): Extracting "TB_TSPCFF schematic"
\i 2.4375:0.3125
\r t
\a hiSetCurrentWindow(window(21))
\r t
\a hiSetCurrentWindow(window(10))
\r t
\a schSingleSelectPt()
\i 2.5625:-0.4375
\r nil
\a schSingleSelectPt()
\i 1.5625:0.875
\r t
\a schHiMousePopUp()
\r t
\a hiPopupDown(schWirePopUp)
\r t
\a schHiMousePopUp()
\r t
\a hiPopupDown(schWirePopUp)
\r t
\a (_annPopUpPlot 'asiiPlotTranSignalCB "wire")
\i 1.5625:0.9375
\i 1.5625:0.9375
\r t
\a hiSetCurrentWindow(window(21))
\r t
\a hiCloseWindow(swindow(14))
\r t
\a _hiSetCurrentWinNum(12)
\r t
\a hiSetCurrentWindow(window(11))
\r t
\a sevChangeOutsOnSchematic('sevSession2 'plot)
\r t
\a hiSetCurrentWindow(window(10))
\r t
\a schSingleSelectPt()
\i -1.125:0.8125
\i -1.125:0.8125
\r t
\a schSingleSelectPt()
\i -0.5625:0.8125
\i -0.5625:0.8125
\r t
\a schSingleSelectPt()
\i 2.4375:0.3125
\i 2.4375:0.3125
\r t
\a astiCancelSelect(hiGetCurrentWindow())
\r unbound
\a schSingleSelectPt()
\i -1.1875:0.5
\r t
\a schHiObjectProperty()
\r t
\a schObjPropForm->per->value="100n s"
\r "100n s"
\a schObjPropForm->pw->value="50n s"
\r "50n s"
\a hiFormDone(schObjPropForm)
\r t
\a schSingleSelectPt()
\i -0.5625:0.5
\r t
\a schHiObjectProperty()
\r t
\a schObjPropForm->per->value="200n s"
\r "200n s"
\a schObjPropForm->pw->value="100n s"
\r "100n s"
\a hiFormDone(schObjPropForm)
\r t
\a schHiCheckAndSave()
\o INFO (SCH-1170): Extracting "TB_TSPCFF schematic"
\o INFO (SCH-1426): Schematic check completed with no errors.
\o INFO (SCH-1181): "TSPCFF_LIB TB_TSPCFF schematic" saved.
\r t
\a hiSetCurrentWindow(window(11))
\r t
\a (sevEditSelectedAnas 'sevSession2)
\p > 
\a asiHiEditEnvVariables( asiGetAnalysis( asiGetSession( 'spectre1 ) 'tran ) list( 'options ) nil )
\p > 
\a hiiSetCurrentForm('_asii_spectre1_tran_options_form)
\r t
\a _asii_spectre1_tran_options_form->page->page1->scroll1->tran_step->value=""
\r ""
\a hiFormDone(_asii_spectre1_tran_options_form)
\r t
\r t
\a hiiSetCurrentForm('_asii_spectre1_analysis_form)
\r t
\a hiFormDone(_asii_spectre1_analysis_form)
\r t
\r t
\a sevNetlistAndRun('sevSession2)
\o Delete psf data in /cal/exterieurs/afonlupt-25/simulation/TB_TSPCFF/spectre/schematic/psf.
\o generate netlist...
\o Begin Incremental Netlisting Nov 20 18:02:53 2025
\o End netlisting Nov 20 18:02:53 2025
\o 
\o Netlisting Statistics:
\o 	Number of components:    4
\o 
\o 	Elapsed time:          1.0s (4.00/s)
\o Errors: 0	Warnings: 0
\o       ...successful.
\o compose simulator input file...
\o       ...successful.
\o start simulator if needed...
\o       ...successful.
\r t
\o simulate...
\o INFO (ADE-3071): Simulation completed successfully.
\o reading simulation data...
\o       ...successful.
\a rdbLoadResults("sevSession2" "/cal/exterieurs/afonlupt-25/simulation/TB_TSPCFF/spectre/schematic/psf")
\r t
\a hiSetCurrentWindow(window(23))
\r t
\a _ddtExecuteAction(awvGetCurrentWindow()->vivaSession "splitStrip")
\r t
\a hiCloseWindow(swindow(15))
\r t
\a _hiSetCurrentWinNum(12)
\r t
\a hiSetCurrentWindow(window(10))
\r t
\a schSingleSelectPt()
\i 3.9375:0.9375
\r nil
\a schSingleSelectPt()
\i -0.4375:0.5
\r t
\a schHiObjectProperty()
\r t
\a hiiSetCurrentForm('schObjPropForm)
\r t
\a schObjPropForm->td->value="50n"
\r "50n"
\a hiFormDone(schObjPropForm)
\r t
\a schHiCheckAndSave()
\o INFO (SCH-1170): Extracting "TB_TSPCFF schematic"
\o INFO (SCH-1426): Schematic check completed with no errors.
\o INFO (SCH-1181): "TSPCFF_LIB TB_TSPCFF schematic" saved.
\r t
\a (sevRunEngine sevSession(hiGetCurrentWindow()))
\o Delete psf data in /cal/exterieurs/afonlupt-25/simulation/TB_TSPCFF/spectre/schematic/psf.
\o generate netlist...
\o Begin Incremental Netlisting Nov 20 18:03:53 2025
\o End netlisting Nov 20 18:03:53 2025
\o 
\o Netlisting Statistics:
\o 	Number of components:    4
\o 
\o 	Elapsed time:          1.0s (4.00/s)
\o Errors: 0	Warnings: 0
\o       ...successful.
\o compose simulator input file...
\o       ...successful.
\o start simulator if needed...
\o       ...successful.
\r t
\o simulate...
\o INFO (ADE-3071): Simulation completed successfully.
\o reading simulation data...
\o       ...successful.
\a rdbLoadResults("sevSession2" "/cal/exterieurs/afonlupt-25/simulation/TB_TSPCFF/spectre/schematic/psf")
\r t
\a hiSetCurrentWindow(window(25))
\r t
\a _ddtExecuteAction(awvGetCurrentWindow()->vivaSession "splitStrip")
\r t
\a hiCloseWindow(swindow(16))
\r t
\a _hiSetCurrentWinNum(12)
\r t
\a hiSetCurrentWindow(window(10))
\r t
\a schSingleSelectPt()
\i -0.6875:0.5625
\r t
\a schHiObjectProperty()
\r t
\a schObjPropForm->td->value="25n s"
\r "25n s"
\a hiFormDone(schObjPropForm)
\r t
\a schHiCheckAndSave()
\o INFO (SCH-1170): Extracting "TB_TSPCFF schematic"
\o INFO (SCH-1426): Schematic check completed with no errors.
\o INFO (SCH-1181): "TSPCFF_LIB TB_TSPCFF schematic" saved.
\r t
\a (sevRunEngine sevSession(hiGetCurrentWindow()))
\o Delete psf data in /cal/exterieurs/afonlupt-25/simulation/TB_TSPCFF/spectre/schematic/psf.
\o generate netlist...
\o Begin Incremental Netlisting Nov 20 18:04:38 2025
\o End netlisting Nov 20 18:04:38 2025
\o 
\o Netlisting Statistics:
\o 	Number of components:    4
\o 
\o 	Elapsed time:          1.0s (4.00/s)
\o Errors: 0	Warnings: 0
\o       ...successful.
\o compose simulator input file...
\o       ...successful.
\o start simulator if needed...
\o       ...successful.
\r t
\o simulate...
\o INFO (ADE-3071): Simulation completed successfully.
\o reading simulation data...
\o       ...successful.
\a rdbLoadResults("sevSession2" "/cal/exterieurs/afonlupt-25/simulation/TB_TSPCFF/spectre/schematic/psf")
\r t
\a hiSetCurrentWindow(window(27))
\r t
\a _ddtExecuteAction(awvGetCurrentWindow()->vivaSession "splitStrip")
\r t
\a hiCloseWindow(swindow(17))
\r t
\a _hiSetCurrentWinNum(12)
\r t
\a hiSetCurrentWindow(window(10))
\r t
\a schSingleSelectPt()
\i -0.625:0.5625
\r t
\a schHiObjectProperty()
\r t
\a schObjPropForm->td->value="tsetup"
\r "tsetup"
\a hiFormDone(schObjPropForm)
\r t
\a schHiCheckAndSave()
\o INFO (SCH-1170): Extracting "TB_TSPCFF schematic"
\o INFO (SCH-1426): Schematic check completed with no errors.
\o INFO (SCH-1181): "TSPCFF_LIB TB_TSPCFF schematic" saved.
\r t
\a hiSetCurrentWindow(window(11))
\r t
\a sevNetlistAndRun('sevSession2)
\o Delete psf data in /cal/exterieurs/afonlupt-25/simulation/TB_TSPCFF/spectre/schematic/psf.
\o generate netlist...
\o Begin Incremental Netlisting Nov 20 18:05:19 2025
\o End netlisting Nov 20 18:05:19 2025
\o 
\o Netlisting Statistics:
\o 	Number of components:    4
\o 
\o 	Elapsed time:          1.0s (4.00/s)
\o Errors: 0	Warnings: 0
\o *Warning*	Additional design variables have been found during netlisting.
\o  		A value is necessary for successful simulation.
\o 		To simulate, assign values to all design variables with 
\o 		the Variables->Edit... menu, and use "Netlist and Run".
\o       ...successful.
\o compose simulator input file...
\o       ...successful.
\o start simulator if needed...
\o       ...successful.
\r t
\a sevTableSelectRows(sevWindowForm2->varListBox 0)
\r t
\a (sevEditSelectedVars 'sevSession2)
\p > 
\o INFO (ADE-3069): Errors encountered during simulation. For more information, see the log files
\o         accessible from the Simulation -> Output Log menu.
\a hiiSetCurrentForm('sevVariablesForm2)
\r t
\a sevVariablesForm2->expression->value="25n"
\r "25n"
\a hiFormDone(sevVariablesForm2)
\r t
\r t
\a sevNetlistAndRun('sevSession2)
\o Delete psf data in /cal/exterieurs/afonlupt-25/simulation/TB_TSPCFF/spectre/schematic/psf.
\o generate netlist...
\o Begin Incremental Netlisting Nov 20 18:05:29 2025
\o End netlisting Nov 20 18:05:29 2025
\o 
\o 	The netlist is up to date.
\o 	Time taken to compare the design with netlist:   0.0s
\o       ...successful.
\o compose simulator input file...
\o       ...successful.
\o start simulator if needed...
\o       ...successful.
\r t
\o simulate...
\o INFO (ADE-3071): Simulation completed successfully.
\o reading simulation data...
\o       ...successful.
\a rdbLoadResults("sevSession2" "/cal/exterieurs/afonlupt-25/simulation/TB_TSPCFF/spectre/schematic/psf")
\r t
\a hiSetCurrentWindow(window(29))
\r t
\a hiSetCurrentWindow(window(11))
\r t
\a (sevEditSelectedVars 'sevSession2)
\p > 
\a hiFormCancel(sevVariablesForm2) 
\r t
\r nil
\a hiSetCurrentWindow(window(10))
\r t
\a schSingleSelectPt()
\i 3.375:1.125
\r nil
\a schSingleSelectPt()
\i -0.625:0.5
\r t
\a schHiObjectProperty()
\r t
\a hiiSetCurrentForm('schObjPropForm)
\r t
\a schObjPropForm->td->value=""
\r ""
\a hiFormDone(schObjPropForm)
\r t
\a schSingleSelectPt()
\i -1.125:0.5
\r t
\a schHiObjectProperty()
\r t
\a schObjPropForm->td->value="tsetup"
\r "tsetup"
\a hiFormDone(schObjPropForm)
\r t
\a schHiCheckAndSave()
\o INFO (SCH-1170): Extracting "TB_TSPCFF schematic"
\o INFO (SCH-1426): Schematic check completed with no errors.
\o INFO (SCH-1181): "TSPCFF_LIB TB_TSPCFF schematic" saved.
\r t
\a (sevRunEngine sevSession(hiGetCurrentWindow()))
\o Delete psf data in /cal/exterieurs/afonlupt-25/simulation/TB_TSPCFF/spectre/schematic/psf.
\o generate netlist...
\o Begin Incremental Netlisting Nov 20 18:06:04 2025
\o End netlisting Nov 20 18:06:04 2025
\o 
\o Netlisting Statistics:
\o 	Number of components:    4
\o 
\o 	Elapsed time:          1.0s (4.00/s)
\o Errors: 0	Warnings: 0
\o       ...successful.
\o compose simulator input file...
\o       ...successful.
\o start simulator if needed...
\o       ...successful.
\r t
\o simulate...
\o INFO (ADE-3071): Simulation completed successfully.
\o reading simulation data...
\o       ...successful.
\a hiSetCurrentWindow(window(29))
\r t
\a _ddtExecuteAction(awvGetCurrentWindow()->vivaSession "splitStrip")
\r t
\a hiResizeWindow(swindow(18) list(728:105 1728:905))
\r t
\a vvDisplayCalculator(list( "v(\"/net5\" ?result \"tran\")"))
\r t
\a hiResizeWindow(window(31) list(195:61 795:880))
\r t
\a hiSetCurrentWindow(window(11))
\r t
\a (sevEditSelectedOuts 'sevSession2)
\p > 
\a hiiSetCurrentForm('sevOutputsForm2)
\r t
\a hiResizeWindow(swindow(9) list(638:185 1330:660))
\r t
\a (hiGetCurrentForm)->expression->value = (or (sevCalcBuffer) (hiGetCurrentForm)->expression->value)
\r value(v("/net5" ?result "tran") 5e-08)
\a sevOutputsForm2->name->value="Dout50n"
\r "Dout50n"
\a hiFormDone(sevOutputsForm2)
\r t
\r t
\a sevPlotAllOutputs('sevSession2)
\r t
\a hiResizeWindow(swindow(18) list(345:64 1345:864))
\r t
\a hiCloseWindow(swindow(18))
\r t
\a sevSaveState('sevSession2)
\p > 
\a hiiSetCurrentForm('sevSaveForm2)
\r t
\a sevSaveForm2->optionCellView->value= "Cellview"
\r "Cellview"
\a hiFormDone(sevSaveForm2)
\o Loading adpServer.cxt 
\r t
\r t
\a schViewToViewForm->fromViewName->value="schematic"
\r "schematic"
\a _axlImportTestInADEXL('sevSession2 ?appName "ADE XL" ?tool "ADE")
\p > 
\a hiiSetCurrentForm('axlIntroForm)
\r t
\a axlIntroForm->radioField->value= "Create New View"
\r "Create New View"
\a hiFormDone(axlIntroForm)
\r t
\p > 
\a hiiSetCurrentForm('deNewForm)
\r t
\a hiFormDone(deNewForm)
\o Loading elec.cxt 
\o Loading vqp.cxt 
\# ADE XL session 'session0' started on Thu Nov 20 18:08:42 2025 
\a _parRptSet(dwindow('parReport1) "report" "Estimated")
\r t
\a _parRptSet(dwindow('parReport1) "showColumn/Type" "bool:t")
\r t
\a _parRptSet(dwindow('parReport1) "showColumn/Instance" "bool:t")
\r t
\a _parRptSet(dwindow('parReport1) "showColumn/Value" "bool:t")
\r t
\a _parRptSet(dwindow('parReport1) "showColumn/From" "bool:t")
\r t
\a _parRptSet(dwindow('parReport1) "showColumn/To" "bool:t")
\r t
\a _parRptSet(dwindow('parReport1) "viewBy/Type" "bool:f")
\r t
\a _parRptSet(dwindow('parReport1) "viewBy/From" "bool:f")
\r t
\a _parRptSet(dwindow('parReport1) "viewBy/To" "bool:f")
\r t
\a _parRptSet(dwindow('parReport1) "sortBy/Type" "bool:t")
\r t
\a _parRptSet(dwindow('parReport1) "sortBy/Instance" "bool:f")
\r t
\a _parRptSet(dwindow('parReport1) "sortBy/Value" "bool:f")
\r t
\a _parRptSet(dwindow('parReport1) "sortBy/From" "bool:f")
\r t
\a _parRptSet(dwindow('parReport1) "sortBy/To" "bool:f")
\r t
\a _parRptSet(dwindow('parReport1) "HeaderSize/Type" "57")
\r t
\a _parRptSet(dwindow('parReport1) "HeaderSize/Instance" "82")
\r t
\a _parRptSet(dwindow('parReport1) "HeaderSize/Value" "62")
\r t
\a _parRptSet(dwindow('parReport1) "HeaderSize/From" "60")
\r t
\a _parRptSet(dwindow('parReport1) "HeaderSize/To" "50")
\r t
\a _parRptSet(dwindow('parReport1) "showToolbarButton/Export parasitic report..." "bool:t")
\r t
\a _parRptSet(dwindow('parReport1) "showToolbarButton/Select Report Type" "bool:t")
\r t
\a _parRptSet(dwindow('parReport1) "showToolbarButton/Setup ~R reporting" "bool:t")
\r t
\a _parRptSet(dwindow('parReport1) "showToolbarButton/Show/Hide parasitic summary on schematic" "bool:t")
\r t
\a _parRptSet(dwindow('parReport1) "showToolbarButton/Open extracted view" "bool:t")
\r t
\a _parRptSet(dwindow('parReport1) "showToolbarButton/Show Columns" "bool:t")
\r t
\a _parRptSet(dwindow('parReport1) "showToolbarButton/Search" "bool:t")
\r t
\a _parRptSet(dwindow('parReport1) "showToolbarButton/ReportTitle" "bool:t")
\r t
\a _parRptSet(dwindow('parReport1) "showToolbarButton/ReportSummary" "bool:t")
\r t
\r t
\r "session0"
\a when(dwindow('axlDataViewessWindow0) hiMapWindow(dwindow('axlDataViewessWindow0)))
\a _axlDataViewSelect(axlDataViewForm0->axlDataViewWidget0 1 "add" "'(1 0 )" 0)
\r t
\a _axlDataViewSelect(axlDataViewForm0->axlDataViewWidget0 1 "add" "'(1 0 )" 1)
\r t
\a _axlDataViewSelect(axlDataViewForm0->axlDataViewWidget0 1 "remove" "'(1 0 )" 0)
\r t
\a _axlDataViewSelect(axlDataViewForm0->axlDataViewWidget0 1 "remove" "'(1 0 )" 1)
\r t
\r t
\a when(dwindow('axlRunSummaryessWindow0) hiMapWindow(dwindow('axlRunSummaryessWindow0)))
\r t
\a _axlDataViewSetDataInt(axlDataViewForm0->axlDataViewWidget0 "'(1 )" 0 0 10)
\r t
\a _axlDataViewItemClicked(axlDataViewForm0->axlDataViewWidget0 "'(1 )" 0)
\r t
\a _axlDataViewSetDataInt(axlDataViewForm0->axlDataViewWidget0 "'(2 )" 0 0 10)
\r t
\a _axlDataViewItemClicked(axlDataViewForm0->axlDataViewWidget0 "'(2 )" 0)
\r t
\a _axlDataViewSetCurrent(axlDataViewForm0->axlDataViewWidget0 "'(0 0 )" 0)
\r t
\a _axlDataViewSelect(axlDataViewForm0->axlDataViewWidget0 1 "add" "'(0 0 )" 0)
\r t
\a _axlDataViewSelect(axlDataViewForm0->axlDataViewWidget0 1 "add" "'(0 0 )" 1)
\r t
\a _axlDataViewItemClicked(axlDataViewForm0->axlDataViewWidget0 "'(0 0 )" 0)
\r t
\a _axlDataViewItemDoubleClicked(axlDataViewForm0->axlDataViewWidget0 "'(0 0 )" 0)
\r t
\a _axlDataViewItemClicked(axlDataViewForm0->axlDataViewWidget0 "'(0 0 )" 0)
\r t
\a sevTableSelectRows(sevOutForm4->outListBox 0)
\r t
\a sevSetTableItem(sevOutForm4->outListBox 0 2 "false")
\r t
\a _axlDataViewSelect(axlDataViewForm0->axlDataViewWidget0 1 "remove" "'(0 0 )" 0)
\r t
\a _axlDataViewSelect(axlDataViewForm0->axlDataViewWidget0 1 "remove" "'(0 0 )" 1)
\r t
\a sevTableSelectRows(sevOutForm4->outListBox 1)
\r t
\a sevSetTableItem(sevOutForm4->outListBox 1 2 "false")
\r t
\a sevTableSelectRows(sevOutForm4->outListBox 2)
\r t
\a sevSetTableItem(sevOutForm4->outListBox 2 2 "false")
\r t
\a hiCloseWindow(swindow(20))
\r t
\a _hiSetCurrentWinNum(32)
\r t
\a _axlDataViewItemClicked(axlDataViewForm0->axlDataViewWidget0 "'(3 0 )" 0)
\r t
\a _axlDataViewItemDoubleClicked(axlDataViewForm0->axlDataViewWidget0 "'(3 0 )" 0)
\r t
\a _axlDataViewItemClicked(axlDataViewForm0->axlDataViewWidget0 "'(3 0 )" 0)
\r t
\a hiiSetCurrentForm('axlCornersForm0)
\r t
\a _axlAddNewCorner(axlCornersForm0->axlCornersWidget0)
\r t
\a _axlSetOffsetDataOnCornerTable(axlCornersForm0->axlCornersWidget0 0 2 "0" 10 "'()")
\r t
\w Qt Warning: edit: index was invalid
\w Qt Warning: edit: editing failed
\a _axlSetOffsetDataOnCornerTable(axlCornersForm0->axlCornersWidget0 4 0 "tsetup" 2 "'()")
\r t
\a _axlSetOffsetDataOnCornerTable(axlCornersForm0->axlCornersWidget0 4 3 "{From/To}Auto:40p:40:0p{From/To}" 2 "'()")
\r t
\a hiFormDone(axlCornersForm0)
\a _axlDefSimUpdate(axlRunSummaryForm0->axlRunSummaryWidget0 0)
\r t
\r t
\a hiSetCurrentWindow(window(11))
\r t
\a sevTableSelectRows(sevAnaForm2->anaListBox 0)
\r t
\a (sevEditSelectedAnas 'sevSession2)
\p > 
\a _asii_spectre1_analysis_form->tran_stop->value="100n"
\r "100n"
\a hiFormDone(_asii_spectre1_analysis_form)
\r t
\r t
\a hiCloseWindow(swindow(9))
\p > 
\a hiDBoxOK(sevblockingDialogBox)
\r t
\p > 
\a hiiSetCurrentForm('sevSaveForm2)
\r t
\a hiFormDone(sevSaveForm2)
\p > 
\a hiDBoxOK(sevblockingDialogBox)
\r t
\a _axlWaveSpecGlobalSetReferenceLib(axlWaveGlobalSetupForm0->axlWaveGlobalSetupWidget0 "")
\r t
\r t
\o Simulation design variables differ from those on the cellView,
\o they have been saved in the file "/tmp/saved-design-variables".
\o To save future changes, copy variables to cellView before exiting.
\r t
\a _hiSetCurrentWinNum(10)
\r t
\a hiSetCurrentWindow(window(32))
\r t
\a _axlDataViewSelect(axlDataViewForm0->axlDataViewWidget0 1 "add" "'(0 0 )" 0)
\r t
\a _axlDataViewSelect(axlDataViewForm0->axlDataViewWidget0 1 "add" "'(0 0 )" 1)
\r t
\a _axlDataViewItemClicked(axlDataViewForm0->axlDataViewWidget0 "'(0 0 )" 0)
\r t
\a _axlDataViewItemDoubleClicked(axlDataViewForm0->axlDataViewWidget0 "'(0 0 )" 0)
\r t
\a _axlDataViewItemClicked(axlDataViewForm0->axlDataViewWidget0 "'(0 0 )" 0)
\r t
\a sevTableSelectRows(sevAnaForm4->anaListBox 0)
\r t
\a (sevEditSelectedAnas 'sevSession4)
\p > 
\a _asii_spectre3_analysis_form->tran_stop->value="100n"
\r "100n"
\a hiFormDone(_asii_spectre3_analysis_form)
\a _axlDataViewSelect(axlDataViewForm0->axlDataViewWidget0 1 "remove" "'(0 0 )" 0)
\r t
\a _axlDataViewSelect(axlDataViewForm0->axlDataViewWidget0 1 "remove" "'(0 0 )" 1)
\r t
\r t
\r t
\a hiCloseWindow(swindow(21))
\r t
\a _hiSetCurrentWinNum(32)
\r t
\a (_axlJPDisplayForm "session0" (list "ICRP"))
\p > 
\a hiiSetCurrentForm('axlJobPolicySetupForm0)
\r t
\a axlJobPolicySetupForm0->maxJobs->value=20
\r 20
\a hiFormDone(axlJobPolicySetupForm0)
\r t
\r t
\a (axlRunSimulation)
\a _axlSelectResultsTab(axlOutputsForm0->axlOutputsWidget0 0)
\r t
\r 0
\a (_axlJPDisplayForm "session0" (list "ICRP"))
\p > 
\a hiFormCancel(axlJobPolicySetupForm0) 
\r t
\r nil
\# Memory report: Maximum memory size now 16,527 MB at UTC 2025.11.20 17:11:24.197
\# Available memory:         16,077 MB at UTC 2025.11.20 17:11:34.197
\a _axlPlot(axlOutputsForm0->axlOutputsWidget0)
\r t
\a rdbLoadResults("session0" "/cal/exterieurs/afonlupt-25/simulation/TSPCFF_LIB/TB_TSPCFF/adexl/results/data/Interactive.0/psf/TSPCFF_LIB:TB_TSPCFF:1/psf")
\r t
\o Loading stats.cxt 
\a hiSetCurrentWindow(window(35))
\r t
\a hiResizeWindow(swindow(22) list(980:162 1980:962))
\r t
\a hiSetCurrentWindow(window(32))
\r t
\a _axlDataViewSetCurrent(axlDataViewForm0->axlDataViewWidget0 "'(0 1 )" 0)
\r t
\a _axlDataViewSelect(axlDataViewForm0->axlDataViewWidget0 1 "add" "'(0 1 )" 0)
\r t
\a _axlDataViewSelect(axlDataViewForm0->axlDataViewWidget0 1 "add" "'(0 1 )" 1)
\r t
\a _axlDataViewItemClicked(axlDataViewForm0->axlDataViewWidget0 "'(0 1 )" 0)
\r t
\p > 
\a hiiSetCurrentForm('sevDesignForm6)
\r t
\a hiFormCancel(sevDesignForm6)
\r t
\a _hiSetCurrentWinNum(36)
\r t
\a hiSetCurrentWindow(window(32))
\r t
\a _axlDataViewSetCurrent(axlDataViewForm0->axlDataViewWidget0 "'(0 0 )" 0)
\r t
\a _axlDataViewSelect(axlDataViewForm0->axlDataViewWidget0 1 "add" "'(0 0 )" 0)
\r t
\a _axlDataViewSelect(axlDataViewForm0->axlDataViewWidget0 1 "add" "'(0 0 )" 1)
\r t
\a _axlDataViewSelect(axlDataViewForm0->axlDataViewWidget0 1 "remove" "'(0 1 )" 0)
\r t
\a _axlDataViewSelect(axlDataViewForm0->axlDataViewWidget0 1 "remove" "'(0 1 )" 1)
\r t
\a _axlDataViewItemClicked(axlDataViewForm0->axlDataViewWidget0 "'(0 0 )" 0)
\r t
\a _axlDataViewItemDoubleClicked(axlDataViewForm0->axlDataViewWidget0 "'(0 0 )" 0)
\r t
\a _axlDataViewItemClicked(axlDataViewForm0->axlDataViewWidget0 "'(0 0 )" 0)
\r t
\a sevTableSelectRows(sevOutForm4->outListBox 2)
\r t
\a sevSetTableItem(sevOutForm4->outListBox 2 2 "true")
\r t
\a _axlDataViewSelect(axlDataViewForm0->axlDataViewWidget0 1 "remove" "'(0 0 )" 0)
\r t
\a _axlDataViewSelect(axlDataViewForm0->axlDataViewWidget0 1 "remove" "'(0 0 )" 1)
\r t
\a hiCloseWindow(swindow(24))
\r t
\a _hiSetCurrentWinNum(36)
\r t
\a hiSetCurrentWindow(window(32))
\r t
\a _axlDataViewSetCurrent(axlDataViewForm0->axlDataViewWidget0 "'(3 1 )" 0)
\r t
\a _axlDataViewSelect(axlDataViewForm0->axlDataViewWidget0 1 "add" "'(3 1 )" 0)
\r t
\a _axlDataViewSelect(axlDataViewForm0->axlDataViewWidget0 1 "add" "'(3 1 )" 1)
\r t
\a _axlDataViewItemClicked(axlDataViewForm0->axlDataViewWidget0 "'(3 1 )" 0)
\r t
\a _axlDataViewItemDoubleClicked(axlDataViewForm0->axlDataViewWidget0 "'(3 1 )" 0)
\r t
\a _axlDataViewItemClicked(axlDataViewForm0->axlDataViewWidget0 "'(3 1 )" 0)
\r t
\a hiiSetCurrentForm('axlCornersForm0)
\r t
\a _axlSetOffsetDataOnCornerTable(axlCornersForm0->axlCornersWidget0 4 3 "{From/To}Auto:60p:20:0p{From/To}" 2 "'()")
\r t
\a hiFormDone(axlCornersForm0)
\a _axlDataViewSelect(axlDataViewForm0->axlDataViewWidget0 1 "remove" "'(3 1 )" 0)
\r t
\a _axlDataViewSelect(axlDataViewForm0->axlDataViewWidget0 1 "remove" "'(3 1 )" 1)
\r t
\r t
\a (axlRunSimulation)
\a _axlSelectResultsTab(axlOutputsForm0->axlOutputsWidget0 1)
\r t
\r 1
\a _axlPlot(axlOutputsForm0->axlOutputsWidget0)
\r t
\# Memory report: using         662 MB, process size 3,186 MB at UTC 2025.11.20 17:13:24.089
\a hiResizeWindow(swindow(22) list(458:219 1458:1019))
\r t
\a hiSetCurrentWindow(window(35))
\r t
\a hiCloseWindow(swindow(22))
\r t
\a _hiSetCurrentWinNum(32)
\r t
\a _axlSetViewConfigMode(axlOutputsForm0->axlOutputsWidget0 "Detail - Transpose")
\r t
\a _axlPlot(axlOutputsForm0->axlOutputsWidget0)
\r t
\a rdbLoadResults("session0" "/cal/exterieurs/afonlupt-25/simulation/TSPCFF_LIB/TB_TSPCFF/adexl/results/data/Interactive.1/psf/TSPCFF_LIB:TB_TSPCFF:1/psf")
\r t
\a hiResizeWindow(swindow(25) list(924:144 1924:944))
\r t
\a hiSetCurrentWindow(window(32))
\r t
\a hiSetCurrentWindow(window(39))
\r t
\a hiSetCurrentWindow(window(32))
\r t
\a _axlDataViewSelect(axlDataViewForm0->axlDataViewWidget0 1 "add" "'(3 1 )" 0)
\r t
\a _axlDataViewSelect(axlDataViewForm0->axlDataViewWidget0 1 "add" "'(3 1 )" 1)
\r t
\a _axlDataViewItemClicked(axlDataViewForm0->axlDataViewWidget0 "'(3 1 )" 0)
\r t
\a _axlDataViewItemDoubleClicked(axlDataViewForm0->axlDataViewWidget0 "'(3 1 )" 0)
\r t
\a _axlDataViewItemClicked(axlDataViewForm0->axlDataViewWidget0 "'(3 1 )" 0)
\r t
\a _axlSetOffsetDataOnCornerTable(axlCornersForm0->axlCornersWidget0 4 3 "{From/To}Auto:500p:20:0p{From/To}" 2 "'()")
\r t
\a hiFormDone(axlCornersForm0)
\a _axlDataViewSelect(axlDataViewForm0->axlDataViewWidget0 1 "remove" "'(3 1 )" 0)
\r t
\a _axlDataViewSelect(axlDataViewForm0->axlDataViewWidget0 1 "remove" "'(3 1 )" 1)
\r t
\r t
\a (axlRunSimulation)
\a _axlSelectResultsTab(axlOutputsForm0->axlOutputsWidget0 2)
\r t
\r 2
\a hiCloseWindow(swindow(25))
\r t
\a _axlPlot(axlOutputsForm0->axlOutputsWidget0)
\r t
\a rdbLoadResults("session0" "/cal/exterieurs/afonlupt-25/simulation/TSPCFF_LIB/TB_TSPCFF/adexl/results/data/Interactive.2/psf/TSPCFF_LIB:TB_TSPCFF:1/psf")
\r t
\a hiSetCurrentWindow(window(41))
\r t
\a hiResizeWindow(swindow(26) list(195:80 1823:880))
\r t
\a hiSetCurrentWindow(window(32))
\r t
\a _axlDataViewSelect(axlDataViewForm0->axlDataViewWidget0 1 "add" "'(3 1 )" 0)
\r t
\a _axlDataViewSelect(axlDataViewForm0->axlDataViewWidget0 1 "add" "'(3 1 )" 1)
\r t
\a _axlDataViewItemClicked(axlDataViewForm0->axlDataViewWidget0 "'(3 1 )" 0)
\r t
\a _axlDataViewItemClicked(axlDataViewForm0->axlDataViewWidget0 "'(3 1 )" 0)
\r t
\a _axlDataViewItemDoubleClicked(axlDataViewForm0->axlDataViewWidget0 "'(3 1 )" 0)
\r t
\a _axlDataViewItemClicked(axlDataViewForm0->axlDataViewWidget0 "'(3 1 )" 0)
\r t
\a _axlSetOffsetDataOnCornerTable(axlCornersForm0->axlCornersWidget0 4 3 "{From/To}Auto:25n:20:0p{From/To}" 2 "'()")
\r t
\a hiFormDone(axlCornersForm0)
\a _axlDataViewSelect(axlDataViewForm0->axlDataViewWidget0 1 "remove" "'(3 1 )" 0)
\r t
\a _axlDataViewSelect(axlDataViewForm0->axlDataViewWidget0 1 "remove" "'(3 1 )" 1)
\r t
\r t
\a (axlRunSimulation)
\a _axlSelectResultsTab(axlOutputsForm0->axlOutputsWidget0 3)
\r t
\r 3
\a hiSetCurrentWindow(window(41))
\r t
\a _ddtUpdateGraph(awvGetCurrentWindow()->vivaSession _vivaMapSubwinId(awvGetCurrentWindow()->vivaSession awvGetCurrentWindow() awvGetCurrentSubwindow(awvGetCurrentWindow())) nil nil)
\r (("paramGroup[3.6.4]") nil nil nil)
\a _ddtUpdateGraph(awvGetCurrentWindow()->vivaSession _vivaMapSubwinId(awvGetCurrentWindow()->vivaSession awvGetCurrentWindow() awvGetCurrentSubwindow(awvGetCurrentWindow())) nil nil)
\r (("paramGroup[3.6.4]") nil nil nil)
\a _ddtUpdateGraph(awvGetCurrentWindow()->vivaSession _vivaMapSubwinId(awvGetCurrentWindow()->vivaSession awvGetCurrentWindow() awvGetCurrentSubwindow(awvGetCurrentWindow())) nil nil)
\r (("paramGroup[3.6.4]") nil nil nil)
\a _ddtUpdateGraph(awvGetCurrentWindow()->vivaSession _vivaMapSubwinId(awvGetCurrentWindow()->vivaSession awvGetCurrentWindow() awvGetCurrentSubwindow(awvGetCurrentWindow())) nil nil)
\r (("paramGroup[3.6.4]") nil nil nil)
\a _ddtUpdateGraph(awvGetCurrentWindow()->vivaSession _vivaMapSubwinId(awvGetCurrentWindow()->vivaSession awvGetCurrentWindow() awvGetCurrentSubwindow(awvGetCurrentWindow())) nil nil)
\r (("paramGroup[3.6.4]") nil nil nil)
\a _ddtUpdateGraph(awvGetCurrentWindow()->vivaSession _vivaMapSubwinId(awvGetCurrentWindow()->vivaSession awvGetCurrentWindow() awvGetCurrentSubwindow(awvGetCurrentWindow())) nil nil)
\r (("paramGroup[3.6.4]") nil nil nil)
\a _ddtUpdateGraph(awvGetCurrentWindow()->vivaSession _vivaMapSubwinId(awvGetCurrentWindow()->vivaSession awvGetCurrentWindow() awvGetCurrentSubwindow(awvGetCurrentWindow())) nil nil)
\r (("paramGroup[3.6.4]") nil nil nil)
\a hiSetCurrentWindow(window(32))
\r t
\a _axlPlot(axlOutputsForm0->axlOutputsWidget0)
\r t
\a hiSetCurrentWindow(window(41))
\r t
\a hiSetCurrentWindow(window(32))
\r t
\a _axlDataViewSelect(axlDataViewForm0->axlDataViewWidget0 1 "add" "'(3 1 )" 0)
\r t
\a _axlDataViewSelect(axlDataViewForm0->axlDataViewWidget0 1 "add" "'(3 1 )" 1)
\r t
\a _axlDataViewItemClicked(axlDataViewForm0->axlDataViewWidget0 "'(3 1 )" 0)
\r t
\a _axlDataViewItemDoubleClicked(axlDataViewForm0->axlDataViewWidget0 "'(3 1 )" 0)
\r t
\a _axlDataViewItemClicked(axlDataViewForm0->axlDataViewWidget0 "'(3 1 )" 0)
\r t
\a _axlSetOffsetDataOnCornerTable(axlCornersForm0->axlCornersWidget0 4 3 "{From/To}Auto:1n:20:0p{From/To}" 2 "'()")
\r t
\a hiFormDone(axlCornersForm0)
\a _axlDataViewSelect(axlDataViewForm0->axlDataViewWidget0 1 "remove" "'(3 1 )" 0)
\r t
\a _axlDataViewSelect(axlDataViewForm0->axlDataViewWidget0 1 "remove" "'(3 1 )" 1)
\r t
\r t
\a (axlRunSimulation)
\a _axlSelectResultsTab(axlOutputsForm0->axlOutputsWidget0 4)
\r t
\r 4
\a _axlPlot(axlOutputsForm0->axlOutputsWidget0)
\r t
\a hiSetCurrentWindow(window(41))
\r t
\a hiSetCurrentWindow(window(32))
\r t
\a _axlDataViewSelect(axlDataViewForm0->axlDataViewWidget0 1 "add" "'(3 1 )" 0)
\r t
\a _axlDataViewSelect(axlDataViewForm0->axlDataViewWidget0 1 "add" "'(3 1 )" 1)
\r t
\a _axlDataViewItemClicked(axlDataViewForm0->axlDataViewWidget0 "'(3 1 )" 0)
\r t
\a _axlDataViewItemDoubleClicked(axlDataViewForm0->axlDataViewWidget0 "'(3 1 )" 0)
\r t
\a _axlDataViewItemClicked(axlDataViewForm0->axlDataViewWidget0 "'(3 1 )" 0)
\r t
\a _axlSetOffsetDataOnCornerTable(axlCornersForm0->axlCornersWidget0 4 3 "{From/To}Auto:700:20:550p{From/To}" 2 "'()")
\r t
\a hiFormDone(axlCornersForm0)
\a _axlDataViewSelect(axlDataViewForm0->axlDataViewWidget0 1 "remove" "'(3 1 )" 0)
\r t
\a _axlDataViewSelect(axlDataViewForm0->axlDataViewWidget0 1 "remove" "'(3 1 )" 1)
\r t
\r t
\a (axlRunSimulation)
\a _axlSelectResultsTab(axlOutputsForm0->axlOutputsWidget0 5)
\r t
\r 5
\a hiSetCurrentWindow(window(41))
\r t
\a hiSetCurrentWindow(window(32))
\r t
\a _axlPlot(axlOutputsForm0->axlOutputsWidget0)
\r t
\# Memory report: using         770 MB, process size 3,229 MB at UTC 2025.11.20 17:17:46.409
\# Memory report: Maximum memory size now 16,906 MB at UTC 2025.11.20 17:17:55.411
\a hiSetCurrentWindow(window(41))
\r t
\a hiSetCurrentWindow(window(32))
\r t
\a _axlDataViewSelect(axlDataViewForm0->axlDataViewWidget0 1 "add" "'(3 1 )" 0)
\r t
\a _axlDataViewSelect(axlDataViewForm0->axlDataViewWidget0 1 "add" "'(3 1 )" 1)
\r t
\a _axlDataViewItemClicked(axlDataViewForm0->axlDataViewWidget0 "'(3 1 )" 0)
\r t
\a _axlDataViewItemDoubleClicked(axlDataViewForm0->axlDataViewWidget0 "'(3 1 )" 0)
\r t
\a _axlDataViewItemClicked(axlDataViewForm0->axlDataViewWidget0 "'(3 1 )" 0)
\r t
\a _axlSetOffsetDataOnCornerTable(axlCornersForm0->axlCornersWidget0 4 3 "{From/To}Auto:700p:20:550p{From/To}" 2 "'()")
\r t
\a hiFormDone(axlCornersForm0)
\a _axlDataViewSelect(axlDataViewForm0->axlDataViewWidget0 1 "remove" "'(3 1 )" 0)
\r t
\a _axlDataViewSelect(axlDataViewForm0->axlDataViewWidget0 1 "remove" "'(3 1 )" 1)
\r t
\r t
\a (axlRunSimulation)
\a _axlSelectResultsTab(axlOutputsForm0->axlOutputsWidget0 6)
\r t
\r 6
\a _axlPlot(axlOutputsForm0->axlOutputsWidget0)
\r t
\a hiSetCurrentWindow(window(41))
\r t
\# Memory report: Maximum memory size now 16,523 MB at UTC 2025.11.20 17:22:55.290
\a _ddtExecuteAction(awvGetCurrentWindow()->vivaSession "selectAllTracesInStrip")
\r t
\o Exported to File /cal/exterieurs/afonlupt-25/afonlupt/projetCD2IC/plotCadence.csv.
\o (The selected file is in CSV format that cannot be loaded into ViVA. It is recommended to export the files in VCSV format if you want to reload them later.)
\a hiResizeWindow(swindow(19) list(760:250 1660:950))
\r t
\a hiResizeWindow(swindow(19) list(753:247 1653:947))
\r t
\a hiResizeWindow(swindow(19) list(754:249 1654:949))
\r t
\a hiSetCurrentWindow(window(32))
\r t
\a _axlDataViewSetCurrent(axlDataViewForm0->axlDataViewWidget0 "'(0 0 )" 0)
\r t
\a _axlDataViewSelect(axlDataViewForm0->axlDataViewWidget0 1 "add" "'(0 0 )" 0)
\r t
\a _axlDataViewSelect(axlDataViewForm0->axlDataViewWidget0 1 "add" "'(0 0 )" 1)
\r t
\a _axlDataViewItemClicked(axlDataViewForm0->axlDataViewWidget0 "'(0 0 )" 0)
\r t
\a _axlDataViewItemDoubleClicked(axlDataViewForm0->axlDataViewWidget0 "'(0 0 )" 0)
\r t
\a _axlDataViewItemClicked(axlDataViewForm0->axlDataViewWidget0 "'(0 0 )" 0)
\r t
\a sevTableSelectRows(sevWindowForm4->varListBox 0)
\r t
\a (sevEditSelectedVars 'sevSession4)
\p > 
\a hiiSetCurrentForm('sevVariablesForm4)
\r t
\a sevVariablesForm4->expression->value="600p"
\r "600p"
\a hiFormDone(sevVariablesForm4)
\a _axlDataViewSelect(axlDataViewForm0->axlDataViewWidget0 1 "remove" "'(0 0 )" 0)
\r t
\a _axlDataViewSelect(axlDataViewForm0->axlDataViewWidget0 1 "remove" "'(0 0 )" 1)
\r t
\r t
\r t
\a hiSetCurrentWindow(window(32))
\r t
\a _axlDataViewSetCurrent(axlDataViewForm0->axlDataViewWidget0 "'(3 2 )" 0)
\r t
\a _axlDataViewSelect(axlDataViewForm0->axlDataViewWidget0 1 "add" "'(3 2 )" 0)
\r t
\a _axlDataViewSelect(axlDataViewForm0->axlDataViewWidget0 1 "add" "'(3 2 )" 1)
\r t
\a _axlDataViewItemClicked(axlDataViewForm0->axlDataViewWidget0 "'(3 2 )" 0)
\r t
\a hiiSetCurrentForm('axlCornersForm0)
\r t
\a _axlSetOffsetDataOnCornerTable(axlCornersForm0->axlCornersWidget0 0 3 "0" 10 "'()")
\r t
\a _axlAddNewCorner(axlCornersForm0->axlCornersWidget0)
\r t
\a _axlSetOffsetDataOnCornerTable(axlCornersForm0->axlCornersWidget0 5 0 "wmn2" 2 "'()")
\r t
\a hiSetCurrentWindow(window(43))
\r t
\a sevTableSelectRows(sevWindowForm4->varListBox 2)
\r t
\a (sevEditSelectedVars 'sevSession4)
\p > 
\a hiiSetCurrentForm('sevVariablesForm4)
\r t
\a sevVariablesForm4->expression->value="wmn2"
\r "wmn2"
\a hiFormDone(sevVariablesForm4)
\a _axlDataViewSelect(axlDataViewForm0->axlDataViewWidget0 1 "remove" "'(3 2 )" 0)
\r t
\a _axlDataViewSelect(axlDataViewForm0->axlDataViewWidget0 1 "remove" "'(3 2 )" 1)
\r t
\r t
\r t
\a sevTableSelectRows(sevWindowForm4->varListBox 3)
\r t
\a (sevEditSelectedVars 'sevSession4)
\p > 
\a sevVariablesForm4->expression->value="wmp5"
\r "wmp5"
\a hiFormDone(sevVariablesForm4)
\r t
\r t
\a hiiSetCurrentForm('axlCornersForm0)
\r t
\a sevTableSelectRows(sevWindowForm4->varListBox 1)
\r t
\a (sevEditSelectedVars 'sevSession4)
\p > 
\a hiiSetCurrentForm('sevVariablesForm4)
\r t
\a sevVariablesForm4->expression->value="105n"
\r "105n"
\a hiFormDone(sevVariablesForm4)
\r t
\r t
\a sevNetlistAndRun('sevSession4)
\p > 
\a hiiSetCurrentForm('testEditorRunMessage)
\r t
\a testEditorRunMessage->testEditorSetupValidateMessageText->value= t
\r t
\a hiFormClose(testEditorRunMessage)
\r t
\o Delete psf data in /cal/exterieurs/afonlupt-25/simulation/TSPCFF_LIB/TB_TSPCFF/adexl/results/data/Interactive.6/psf/TSPCFF_LIB:TB_TSPCFF:1/psf.
\o generate netlist...
\o Begin Incremental Netlisting Nov 20 18:28:41 2025
\o End netlisting Nov 20 18:28:41 2025
\o 
\o 	The netlist is up to date.
\o 	Time taken to compare the design with netlist:   0.0s
\o       ...successful.
\o compose simulator input file...
\o       ...successful.
\o start simulator if needed...
\o       ...successful.
\r t
\o INFO (ADE-3067): Errors encountered during simulation. For more information, right-click
\o         on a test name in the 'Results' tab of the Outputs pane and choose 'Output Log'
\o         to view the simulation run log.
\a hiResizeWindow(window(44) list(0:29 1340:729))
\r t
\a hiSetCurrentWindow(window(10))
\r t
\a schHiDefaultAction()
\i 1.5625:0.25
\i 1.5625:0.25
\p > 
\a hiiSetCurrentForm('schDescendForm)
\r t
\a schDescendForm->schDescendRadioField2->value= "current tab"
\r "current tab"
\a schDescendForm->schDescendRadioField2->value= "new tab"
\r "new tab"
\a hiFormDone(schDescendForm)
\r t
\r t
\a hiRaiseWindow(45 t)
\r t
\a hiZoomInAtMouse()
\i 1.4375:8
\r t
\a schHiCopy()
\p > 
\a mouseAddPt(t)
\i 1.3625:8.40625
\r t
\a mouseAddPt(t)
\i -0.99375:7.3375
\r t
\a hiZoomInAtMouse()
\i -1.875:7.75
\r t
\a hiZoomInAtMouse()
\i -1.875:7.75
\r t
\a cancelEnterFun()
\r t
\r nil
\a schSingleSelectPt()
\i -1:7.375
\r t
\a schHiObjectProperty()
\r t
\a hiiSetCurrentForm('schObjPropForm)
\r t
\a hiFormCancel(schObjPropForm) 
\r t
\a schHiObjectProperty()
\r t
\a schObjPropForm->w->value="0"
\e *Warning* Total Width (w) parameter: 0 exceeds the lower limit of 120n! 
\e 	Parameter value is set to its lower limit!
\o CDF: An error occurred when evaluating callback.
\o     Callback: w->callback => gpdk045_mosCB( 'w )
\o 
\o     Message:  *Error* plus: can't handle (2e-07 + "pPar(\"l0\")")
\r "0"
\a hiFormDone(schObjPropForm)
\r t
\a schSingleSelectPt()
\i -1:7.3125
\r t
\a schHiObjectProperty()
\r t
\a hiFormCancel(schObjPropForm) 
\r t
\a schSingleSelectPt()
\i -1.0625:7.5
\r t
\a schHiDelete()
\r t
\a hiZoomOutAtMouse()
\i -0.9375:7.8125
\r t
\a hiZoomOutAtMouse()
\i -0.9375:7.8125
\r t
\a hiZoomOutAtMouse()
\i -1:7.8125
\r t
\a hiZoomInAtMouse()
\i 1.875:0.875
\r t
\a hiZoomInAtMouse()
\i 1.875:0.875
\r t
\a schHiCopy()
\p > 
\a mouseAddPt(t)
\i 1.36875:0.76875
\r t
\a mouseAddPt(t)
\i 1.2:2.51875
\r t
\a cancelEnterFun()
\r t
\r nil
\a schSingleSelectPt()
\i 1.1875:2.5
\r t
\a schHiObjectProperty()
\r t
\a schObjPropForm->w->value="0"
\e *Warning* Total Width (w) parameter: 0 exceeds the lower limit of 120n! 
\e 	Parameter value is set to its lower limit!
\o CDF: An error occurred when evaluating callback.
\o     Callback: w->callback => gpdk045_mosCB( 'w )
\o 
\o     Message:  *Error* plus: can't handle (2e-07 + "pPar(\"l0\")")
\r "0"
\a hiFormDone(schObjPropForm)
\r t
\a schSingleSelectPt()
\i 0.5:2.25
\r nil
\a schSingleSelectPt()
\i 1.25:2.5
\r t
\a schHiObjectProperty()
\r t
\a hiFormCancel(schObjPropForm) 
\r t
\a schHiDelete()
\r t
\a schHiCheckAndSave()
\o INFO (SCH-1170): Extracting "TSPCFF_v2 schematic"
\o INFO (SCH-1426): Schematic check completed with no errors.
\o INFO (SCH-1181): "TSPCFF_LIB TSPCFF_v2 schematic" saved.
\r t
\a hiZoomOutAtMouse()
\i 0.9375:1.4375
\r t
\a hiZoomOutAtMouse()
\i 0.5625:2.25
\r t
\a hiZoomOutAtMouse()
\i 0.8125:3.375
\r t
\a hiZoomOutAtMouse()
\i 0.8125:3.375
\r t
\a hiZoomInAtMouse()
\i 2.9375:12.6875
\r t
\a hiZoomInAtMouse()
\i 1.0625:7.4375
\r t
\a hiZoomInAtMouse()
\i 1.0625:7.4375
\r t
\a hiRaiseWindow(10 t)
\r t
\a hiSetCurrentWindow(window(32))
\r t
\a _axlDataViewSetCurrent(axlDataViewForm0->axlDataViewWidget0 "'(3 1 )" 0)
\r t
\a _axlDataViewSelect(axlDataViewForm0->axlDataViewWidget0 1 "add" "'(3 1 )" 0)
\r t
\a _axlDataViewSelect(axlDataViewForm0->axlDataViewWidget0 1 "add" "'(3 1 )" 1)
\r t
\a _axlDataViewItemClicked(axlDataViewForm0->axlDataViewWidget0 "'(3 1 )" 0)
\r t
\a _axlDataViewItemDoubleClicked(axlDataViewForm0->axlDataViewWidget0 "'(3 1 )" 0)
\r t
\a _axlDataViewItemClicked(axlDataViewForm0->axlDataViewWidget0 "'(3 1 )" 0)
\r t
\a hiiSetCurrentForm('axlCornersForm0)
\r t
\a _axlSetOffsetDataOnCornerTable(axlCornersForm0->axlCornersWidget0 5 4 "{From/To}Auto:120n:8:250n{From/To}" 2 "'()")
\r t
\a _axlSetOffsetDataOnCornerTable(axlCornersForm0->axlCornersWidget0 6 0 "wmp5" 2 "'()")
\r t
\a _axlSetOffsetDataOnCornerTable(axlCornersForm0->axlCornersWidget0 6 4 "{From/To}Auto:120n:8:250n{From/To}" 2 "'()")
\r t
\a _axlDataViewSetCurrent(axlDataViewForm0->axlDataViewWidget0 "'(0 0 )" 0)
\r t
\a _axlDataViewSelect(axlDataViewForm0->axlDataViewWidget0 1 "add" "'(0 0 )" 0)
\r t
\a _axlDataViewSelect(axlDataViewForm0->axlDataViewWidget0 1 "add" "'(0 0 )" 1)
\r t
\a _axlDataViewSelect(axlDataViewForm0->axlDataViewWidget0 1 "remove" "'(3 1 )" 0)
\r t
\a _axlDataViewSelect(axlDataViewForm0->axlDataViewWidget0 1 "remove" "'(3 1 )" 1)
\r t
\a _axlDataViewItemClicked(axlDataViewForm0->axlDataViewWidget0 "'(0 0 )" 0)
\r t
\a _axlDataViewItemDoubleClicked(axlDataViewForm0->axlDataViewWidget0 "'(0 0 )" 0)
\r t
\a _axlDataViewItemClicked(axlDataViewForm0->axlDataViewWidget0 "'(0 0 )" 0)
\r t
\a hiFormDone(axlCornersForm0)
\a _axlDataViewSelect(axlDataViewForm0->axlDataViewWidget0 1 "remove" "'(0 0 )" 0)
\r t
\a _axlDataViewSelect(axlDataViewForm0->axlDataViewWidget0 1 "remove" "'(0 0 )" 1)
\r t
\a _axlDefSimUpdate(axlRunSummaryForm0->axlRunSummaryWidget0 2)
\r t
\r t
\a (axlRunSimulation)
\a _axlSelectResultsTab(axlOutputsForm0->axlOutputsWidget0 7)
\r t
\r 7
\o ERROR (ADEXL-5011): While simulating run Interactive.7, point 1, test TSPCFF_LIB:TB_TSPCFF:1, received error:
\o Simulation Error:
\o  ------------------------------
\o  Simulator failed to complete the simulation.
\o  Error found by spectre during initial setup.
\o Error found by spectre during initial setup.
\o ERROR (CMI-2942): I0.Mmn2: Instance length width or area does not fit the given lmax-lmin, wmax-wmin or areamax-areamin range for any model in the `I0
\o .Mmn2.nch' group. The nearest model could be chosen by setting option soft_bin=allmodels.
\o 
\o  
\o  For details open log: /cal/exterieurs/afonlupt-25/simulation/TSPCFF_LIB/TB_TSPCFF/adexl/results/data/Interactive.7/1/TSPCFF_LIB:TB_TSPCFF:1/psf/spectre.out for the point: (7 1)
\o  ------------------------------
\o 
\o For more details, consult the job log file:
\o /cal/exterieurs/afonlupt-25/afonlupt/projetCD2IC/CDS_wk_dir2/logs_afonlupt-25/logs0/Job28.log
\o ERROR (ADEXL-5011): While simulating run Interactive.7, point 1, test TSPCFF_LIB:TB_TSPCFF:1, received error:
\o Simulation Error:
\o  ------------------------------
\o  Simulator failed to complete the simulation.
\o  Error found by spectre during initial setup.
\o Error found by spectre during initial setup.
\o ERROR (CMI-2942): I0.Mmn2: Instance length width or area does not fit the given lmax-lmin, wmax-wmin or areamax-areamin range for any model in the `I0
\o .Mmn2.nch' group. The nearest model could be chosen by setting option soft_bin=allmodels.
\o 
\o  
\o  For details open log: /cal/exterieurs/afonlupt-25/simulation/TSPCFF_LIB/TB_TSPCFF/adexl/results/data/Interactive.7/1/TSPCFF_LIB:TB_TSPCFF:1/psf/spectre.out for the point: (7 1)
\o  ------------------------------
\o 
\o For more details, consult the job log file:
\o /cal/exterieurs/afonlupt-25/afonlupt/projetCD2IC/CDS_wk_dir2/logs_afonlupt-25/logs0/Job28.log
\a hiResizeWindow(swindow(19) list(-5:-5 1915:1024))
\r t
\a hiSetCurrentWindow(window(32))
\r t
\a _axlPlot(axlOutputsForm0->axlOutputsWidget0)
\r t
\a hiSetCurrentWindow(window(41))
\r t
\# Memory report: using         871 MB, process size 3,689 MB at UTC 2025.11.20 17:32:46.569
\a hiSetCurrentWindow(window(32))
\r t
\a _axlDataViewSelect(axlDataViewForm0->axlDataViewWidget0 1 "add" "'(0 0 )" 0)
\r t
\a _axlDataViewSelect(axlDataViewForm0->axlDataViewWidget0 1 "add" "'(0 0 )" 1)
\r t
\a _axlDataViewItemClicked(axlDataViewForm0->axlDataViewWidget0 "'(0 0 )" 0)
\r t
\a _axlDataViewItemDoubleClicked(axlDataViewForm0->axlDataViewWidget0 "'(0 0 )" 0)
\r t
\a _axlDataViewItemClicked(axlDataViewForm0->axlDataViewWidget0 "'(0 0 )" 0)
\r t
\a hiCloseWindow(swindow(27))
\r t
\a _axlSelectResultItem(axlOutputsForm0->axlOutputsWidget0 "'( (1 5))")
\r t
\o WARNING (OCN-6038): Results tran_info-tran_info are not available for /cal/exterieurs/afonlupt-25/simulation/TSPCFF_LIB/TB_TSPCFF/adexl/results/data/Interactive.7/psf/TSPCFF_LIB:TB_TSPCFF:1/psf. Use results() for a list of available results.
\o ERROR (WIA-1006): Unable to plot expression <VT("/net5" "/cal/exterieurs/afonlupt-25/simulation/TSPCFF_LIB/TB_TSPCFF/adexl/results/data/Interactive.7/psf/TSPCFF_LIB:TB_TSPCFF:1")>
\o            because it does not evaluate to an object that can be plotted, like a waveform or
\o            parametric wave. See the Visualization & Analysis Tool documentation for information
\o            about the types of objects that can be plotted in Visualization & Analysis Tool. Only
\o            the expressions that evaluate to those objects can be plotted.
\o *Warning* Wave178 is not a waveform object that can be displayed and
\o           will be DELETED automatically.
\o           name: "/net5"
\a _axlDataViewSelect(axlDataViewForm0->axlDataViewWidget0 1 "remove" "'(0 0 )" 0)
\r t
\a _axlDataViewSelect(axlDataViewForm0->axlDataViewWidget0 1 "remove" "'(0 0 )" 1)
\r t
\a _axlSelectResultItem(axlOutputsForm0->axlOutputsWidget0 "'( (1 5))")
\r t
\a hiCloseWindow(swindow(26))
\r t
\a _axlDataViewSetCurrent(axlDataViewForm0->axlDataViewWidget0 "'(3 2 )" 0)
\r t
\a _axlDataViewSelect(axlDataViewForm0->axlDataViewWidget0 1 "add" "'(3 2 )" 0)
\r t
\a _axlDataViewSelect(axlDataViewForm0->axlDataViewWidget0 1 "add" "'(3 2 )" 1)
\r t
\a _axlDataViewItemClicked(axlDataViewForm0->axlDataViewWidget0 "'(3 2 )" 0)
\r t
\a _axlDataViewItemDoubleClicked(axlDataViewForm0->axlDataViewWidget0 "'(3 2 )" 0)
\r t
\a _axlDataViewItemClicked(axlDataViewForm0->axlDataViewWidget0 "'(3 2 )" 0)
\r t
\a _axlSetOffsetDataOnCornerTable(axlCornersForm0->axlCornersWidget0 5 4 "{From/To}Auto:145n:8:250n{From/To}" 2 "'()")
\r t
\a _axlSetOffsetDataOnCornerTable(axlCornersForm0->axlCornersWidget0 6 4 "{From/To}Auto:145n:8:250n{From/To}" 2 "'()")
\r t
\a hiFormDone(axlCornersForm0)
\a _axlDataViewSelect(axlDataViewForm0->axlDataViewWidget0 1 "remove" "'(3 2 )" 0)
\r t
\a _axlDataViewSelect(axlDataViewForm0->axlDataViewWidget0 1 "remove" "'(3 2 )" 1)
\r t
\r t
\a (axlRunSimulation)
\a _axlSelectResultsTab(axlOutputsForm0->axlOutputsWidget0 8)
\r t
\r 8
\o ERROR (ADEXL-5011): While simulating run Interactive.8, point 1, test TSPCFF_LIB:TB_TSPCFF:1, received error:
\o Simulation Error:
\o  ------------------------------
\o  Simulator failed to complete the simulation.
\o  Error found by spectre during initial setup.
\o Error found by spectre during initial setup.
\o ERROR (CMI-2942): I0.Mmn2: Instance length width or area does not fit the given lmax-lmin, wmax-wmin or areamax-areamin range for any model in the `I0
\o .Mmn2.nch' group. The nearest model could be chosen by setting option soft_bin=allmodels.
\o 
\o  
\o  For details open log: /cal/exterieurs/afonlupt-25/simulation/TSPCFF_LIB/TB_TSPCFF/adexl/results/data/Interactive.8/1/TSPCFF_LIB:TB_TSPCFF:1/psf/spectre.out for the point: (8 1)
\o  ------------------------------
\o 
\o For more details, consult the job log file:
\o /cal/exterieurs/afonlupt-25/afonlupt/projetCD2IC/CDS_wk_dir2/logs_afonlupt-25/logs0/Job37.log
\a hiCloseWindow(window(47))
\r t
\a _hiSetCurrentWinNum(46)
\r t
\a hiSetCurrentWindow(window(32))
\r t
\a _axlPlot(axlOutputsForm0->axlOutputsWidget0)
\r t
\a rdbLoadResults("session0" "/cal/exterieurs/afonlupt-25/simulation/TSPCFF_LIB/TB_TSPCFF/adexl/results/data/Interactive.8/psf/TSPCFF_LIB:TB_TSPCFF:1/psf")
\r t
\o ERROR (ADEXL-5011): While simulating run Interactive.8, point 1, test TSPCFF_LIB:TB_TSPCFF:1, received error:
\o Simulation Error:
\o  ------------------------------
\o  Simulator failed to complete the simulation.
\o  Error found by spectre during initial setup.
\o Error found by spectre during initial setup.
\o ERROR (CMI-2942): I0.Mmn2: Instance length width or area does not fit the given lmax-lmin, wmax-wmin or areamax-areamin range for any model in the `I0
\o .Mmn2.nch' group. The nearest model could be chosen by setting option soft_bin=allmodels.
\o 
\o  
\o  For details open log: /cal/exterieurs/afonlupt-25/simulation/TSPCFF_LIB/TB_TSPCFF/adexl/results/data/Interactive.8/1/TSPCFF_LIB:TB_TSPCFF:1/psf/spectre.out for the point: (8 1)
\o  ------------------------------
\o 
\o For more details, consult the job log file:
\o /cal/exterieurs/afonlupt-25/afonlupt/projetCD2IC/CDS_wk_dir2/logs_afonlupt-25/logs0/Job37.log
\a hiCloseWindow(swindow(28))
\r t
\a _hiSetCurrentWinNum(46)
\r t
\a _hiSetCurrentWinNum(46)
\r t
\a hiSetCurrentWindow(window(32))
\r t
\a _axlDataViewSelect(axlDataViewForm0->axlDataViewWidget0 1 "add" "'(3 2 )" 0)
\r t
\a _axlDataViewSelect(axlDataViewForm0->axlDataViewWidget0 1 "add" "'(3 2 )" 1)
\r t
\a _axlDataViewItemClicked(axlDataViewForm0->axlDataViewWidget0 "'(3 2 )" 0)
\r t
\a _axlDataViewItemDoubleClicked(axlDataViewForm0->axlDataViewWidget0 "'(3 2 )" 0)
\r t
\a _axlDataViewItemClicked(axlDataViewForm0->axlDataViewWidget0 "'(3 2 )" 0)
\r t
\a _axlSetOffsetDataOnCornerTable(axlCornersForm0->axlCornersWidget0 6 4 "{From/To}Auto:214n:8:350n{From/To}" 2 "'()")
\r t
\a hiFormDone(axlCornersForm0)
\a _axlDataViewSelect(axlDataViewForm0->axlDataViewWidget0 1 "remove" "'(3 2 )" 0)
\r t
\a _axlDataViewSelect(axlDataViewForm0->axlDataViewWidget0 1 "remove" "'(3 2 )" 1)
\r t
\r t
\a (axlRunSimulation)
\a _axlSelectResultsTab(axlOutputsForm0->axlOutputsWidget0 9)
\r t
\r 9
\o ERROR (ADEXL-5011): While simulating run Interactive.9, point 1, test TSPCFF_LIB:TB_TSPCFF:1, received error:
\o Simulation Error:
\o  ------------------------------
\o  Simulator failed to complete the simulation.
\o  Error found by spectre during initial setup.
\o Error found by spectre during initial setup.
\o ERROR (CMI-2942): I0.Mmn2: Instance length width or area does not fit the given lmax-lmin, wmax-wmin or areamax-areamin range for any model in the `I0
\o .Mmn2.nch' group. The nearest model could be chosen by setting option soft_bin=allmodels.
\o 
\o  
\o  For details open log: /cal/exterieurs/afonlupt-25/simulation/TSPCFF_LIB/TB_TSPCFF/adexl/results/data/Interactive.9/1/TSPCFF_LIB:TB_TSPCFF:1/psf/spectre.out for the point: (9 1)
\o  ------------------------------
\o 
\o For more details, consult the job log file:
\o /cal/exterieurs/afonlupt-25/afonlupt/projetCD2IC/CDS_wk_dir2/logs_afonlupt-25/logs0/Job22.log
\a hiSetCurrentWindow(window(32))
\r t
\a _axlPlot(axlOutputsForm0->axlOutputsWidget0)
\r t
\a rdbLoadResults("session0" "/cal/exterieurs/afonlupt-25/simulation/TSPCFF_LIB/TB_TSPCFF/adexl/results/data/Interactive.9/psf/TSPCFF_LIB:TB_TSPCFF:1/psf")
\r t
\o ERROR (ADEXL-5011): While simulating run Interactive.9, point 1, test TSPCFF_LIB:TB_TSPCFF:1, received error:
\o Simulation Error:
\o  ------------------------------
\o  Simulator failed to complete the simulation.
\o  Error found by spectre during initial setup.
\o Error found by spectre during initial setup.
\o ERROR (CMI-2942): I0.Mmn2: Instance length width or area does not fit the given lmax-lmin, wmax-wmin or areamax-areamin range for any model in the `I0
\o .Mmn2.nch' group. The nearest model could be chosen by setting option soft_bin=allmodels.
\o 
\o  
\o  For details open log: /cal/exterieurs/afonlupt-25/simulation/TSPCFF_LIB/TB_TSPCFF/adexl/results/data/Interactive.9/1/TSPCFF_LIB:TB_TSPCFF:1/psf/spectre.out for the point: (9 1)
\o  ------------------------------
\o 
\o For more details, consult the job log file:
\o /cal/exterieurs/afonlupt-25/afonlupt/projetCD2IC/CDS_wk_dir2/logs_afonlupt-25/logs0/Job22.log
\a hiSetCurrentWindow(window(51))
\r t
\a hiSetCurrentWindow(window(32))
\r t
\a _axlSetViewConfigMode(axlOutputsForm0->axlOutputsWidget0 "Detail - Transpose")
\r t
\a _axlDataViewSetCurrent(axlDataViewForm0->axlDataViewWidget0 "'(0 0 )" 0)
\r t
\a _axlDataViewSelect(axlDataViewForm0->axlDataViewWidget0 1 "add" "'(0 0 )" 0)
\r t
\a _axlDataViewSelect(axlDataViewForm0->axlDataViewWidget0 1 "add" "'(0 0 )" 1)
\r t
\a _axlDataViewItemClicked(axlDataViewForm0->axlDataViewWidget0 "'(0 0 )" 0)
\r t
\a _axlDataViewItemDoubleClicked(axlDataViewForm0->axlDataViewWidget0 "'(0 0 )" 0)
\r t
\a _axlDataViewItemClicked(axlDataViewForm0->axlDataViewWidget0 "'(0 0 )" 0)
\r t
\a sevTableSelectRows(sevWindowForm4->varListBox 1)
\r t
\a (sevEditSelectedVars 'sevSession4)
\p > 
\a hiiSetCurrentForm('sevVariablesForm4)
\r t
\a sevVariablesForm4->expression->value="120n"
\r "120n"
\a hiFormDone(sevVariablesForm4)
\a _axlDataViewSelect(axlDataViewForm0->axlDataViewWidget0 1 "remove" "'(0 0 )" 0)
\r t
\a _axlDataViewSelect(axlDataViewForm0->axlDataViewWidget0 1 "remove" "'(0 0 )" 1)
\r t
\r t
\r t
\a hiCloseWindow(swindow(30))
\r t
\a _hiSetCurrentWinNum(52)
\r t
\a hiSetCurrentWindow(window(32))
\r t
\a _axlDataViewSetCurrent(axlDataViewForm0->axlDataViewWidget0 "'(3 2 )" 0)
\r t
\a _axlDataViewSelect(axlDataViewForm0->axlDataViewWidget0 1 "add" "'(3 2 )" 0)
\r t
\a _axlDataViewSelect(axlDataViewForm0->axlDataViewWidget0 1 "add" "'(3 2 )" 1)
\r t
\a _axlDataViewItemClicked(axlDataViewForm0->axlDataViewWidget0 "'(3 2 )" 0)
\r t
\a _axlDataViewItemDoubleClicked(axlDataViewForm0->axlDataViewWidget0 "'(3 2 )" 0)
\r t
\a _axlDataViewItemClicked(axlDataViewForm0->axlDataViewWidget0 "'(3 2 )" 0)
\r t
\a hiiSetCurrentForm('axlCornersForm0)
\r t
\a _axlSetOffsetDataOnCornerTable(axlCornersForm0->axlCornersWidget0 5 4 "{From/To}Auto:120n:8:250n{From/To}" 2 "'()")
\r t
\a _axlSetOffsetDataOnCornerTable(axlCornersForm0->axlCornersWidget0 6 4 "{From/To}Auto:120n:8:350n{From/To}" 2 "'()")
\r t
\a hiFormDone(axlCornersForm0)
\a _axlDataViewSelect(axlDataViewForm0->axlDataViewWidget0 1 "remove" "'(3 2 )" 0)
\r t
\a _axlDataViewSelect(axlDataViewForm0->axlDataViewWidget0 1 "remove" "'(3 2 )" 1)
\r t
\r t
\a (axlRunSimulation)
\a _axlSelectResultsTab(axlOutputsForm0->axlOutputsWidget0 8)
\r t
\a _axlSelectResultsTab(axlOutputsForm0->axlOutputsWidget0 9)
\r t
\r 10
\a hiCloseWindow(window(50))
\r t
\a _axlSelectResultsTab(axlOutputsForm0->axlOutputsWidget0 8)
\r t
\a hiSetCurrentWindow(window(51))
\r t
\a hiCloseWindow(swindow(29))
\r t
\a _hiSetCurrentWinNum(46)
\r t
\a hiSetCurrentWindow(window(10))
\r t
\a hiQuit()
\p > 
\a hiSetCurrentWindow(window(44))
\r t
\a hiDBoxCancel(hiQuitDBox)
\r t
\r nil
\a hiSetCurrentWindow(window(32))
\r t
\# Thread usage report: 22 active threads, active load 1.00 at UTC 2025.11.20 17:40:44.121
\a _axlSelectResultsTab(axlOutputsForm0->axlOutputsWidget0 9)
\r t
\a _axlSetViewConfigMode(axlOutputsForm0->axlOutputsWidget0 "Detail - Transpose")
\r t
\a _axlPlot(axlOutputsForm0->axlOutputsWidget0)
\r t
\a rdbLoadResults("session0" "/cal/exterieurs/afonlupt-25/simulation/TSPCFF_LIB/TB_TSPCFF/adexl/results/data/Interactive.10/psf/TSPCFF_LIB:TB_TSPCFF:1/psf")
\r t
\a hiCloseWindow(swindow(31))
\r t
\a _hiSetCurrentWinNum(46)
\r t
\a _hiSetCurrentWinNum(46)
\r t
\a hiSetCurrentWindow(window(32))
\r t
\a _axlDataViewSetCurrent(axlDataViewForm0->axlDataViewWidget0 "'(0 0 )" 0)
\r t
\a _axlDataViewSelect(axlDataViewForm0->axlDataViewWidget0 1 "add" "'(0 0 )" 0)
\r t
\a _axlDataViewSelect(axlDataViewForm0->axlDataViewWidget0 1 "add" "'(0 0 )" 1)
\r t
\a _axlDataViewItemClicked(axlDataViewForm0->axlDataViewWidget0 "'(0 0 )" 0)
\r t
\a _axlDataViewItemDoubleClicked(axlDataViewForm0->axlDataViewWidget0 "'(0 0 )" 0)
\r t
\a _axlDataViewItemClicked(axlDataViewForm0->axlDataViewWidget0 "'(0 0 )" 0)
\r t
\a sevTableSelectRows(sevWindowForm4->varListBox 0)
\r t
\a (sevEditSelectedVars 'sevSession4)
\p > 
\a hiiSetCurrentForm('sevVariablesForm4)
\r t
\a sevVariablesForm4->expression->value="660p"
\r "660p"
\a hiFormDone(sevVariablesForm4)
\a _axlDataViewSelect(axlDataViewForm0->axlDataViewWidget0 1 "remove" "'(0 0 )" 0)
\r t
\a _axlDataViewSelect(axlDataViewForm0->axlDataViewWidget0 1 "remove" "'(0 0 )" 1)
\r t
\r t
\r t
\a hiSetCurrentWindow(window(32))
\r t
\a (axlRunSimulation)
\a _axlSelectResultsTab(axlOutputsForm0->axlOutputsWidget0 8)
\r t
\a _axlSelectResultsTab(axlOutputsForm0->axlOutputsWidget0 9)
\r t
\r 11
\a _axlPlot(axlOutputsForm0->axlOutputsWidget0)
\r t
\a rdbLoadResults("session0" "/cal/exterieurs/afonlupt-25/simulation/TSPCFF_LIB/TB_TSPCFF/adexl/results/data/Interactive.11/psf/TSPCFF_LIB:TB_TSPCFF:1/psf")
\r t
\# Memory report: using         999 MB, process size 4,379 MB at UTC 2025.11.20 17:42:13.663
\a hiResizeWindow(swindow(33) list(-5:-5 1915:1024))
\r t
\a hiSetCurrentWindow(window(57))
\r t
\o Exported to File /cal/exterieurs/afonlupt-25/afonlupt/projetCD2IC/sweepBivar.csv.
\o (The selected file is in CSV format that cannot be loaded into ViVA. It is recommended to export the files in VCSV format if you want to reload them later.)
\a hiCloseWindow(swindow(33))
\r t
\a _hiSetCurrentWinNum(56)
\r t
\a hiSetCurrentWindow(window(32))
\r t
\a _axlPlot(axlOutputsForm0->axlOutputsWidget0)
\r t
\a rdbLoadResults("session0" "/cal/exterieurs/afonlupt-25/simulation/TSPCFF_LIB/TB_TSPCFF/adexl/results/data/Interactive.11/psf/TSPCFF_LIB:TB_TSPCFF:1/psf")
\r t
\a hiSetCurrentWindow(window(59))
\r t
\o Exported to File /cal/exterieurs/afonlupt-25/afonlupt/projetCD2IC/sweepBivar.csv.
\o (The selected file is in CSV format that cannot be loaded into ViVA. It is recommended to export the files in VCSV format if you want to reload them later.)
\a hiSetCurrentWindow(window(32))
\r t
\a _axlPlot(axlOutputsForm0->axlOutputsWidget0)
\r t
\a _axlSortOutputResultsColumn(axlOutputsForm0->axlOutputsWidget0 12)
\r t
\a _axlSortOutputResultsColumn(axlOutputsForm0->axlOutputsWidget0 12)
\r t
\a _axlSortOutputResultsColumn(axlOutputsForm0->axlOutputsWidget0 12)
\r t
\a _axlSetViewConfigMode(axlOutputsForm0->axlOutputsWidget0 "Detail - Transpose")
\r t
\a hiSetCurrentWindow(window(59))
\r t
\a hiCloseWindow(swindow(34))
\r t
\a _hiSetCurrentWinNum(56)
\r t
\a hiSetCurrentWindow(window(32))
\r t
\a rdbLoadResults("session0" "/cal/exterieurs/afonlupt-25/simulation/TSPCFF_LIB/TB_TSPCFF/adexl/results/data/Interactive.11/psf/TSPCFF_LIB:TB_TSPCFF:1/psf")
\r t
\a hiSetCurrentWindow(window(61))
\r t
\a hiCloseWindow(swindow(35))
\r t
\a _hiSetCurrentWinNum(56)
\r t
\a hiSetCurrentWindow(window(32))
\r t
\a _deUpdateWindowMenu('_axlWindowMenu_none32 32)
\r t
\a _deUpdateWindowMenu('_axlWindowMenu_none32 32)
\r t
\a _deUpdateWindowMenu('_axlWindowMenu_none32 32)
\r t
\a rdbLoadResults("session0" "/cal/exterieurs/afonlupt-25/simulation/TSPCFF_LIB/TB_TSPCFF/adexl/results/data/Interactive.11/psf/TSPCFF_LIB:TB_TSPCFF:1/psf")
\r t
\a hiResizeWindow(swindow(36) list(587:90 1587:890))
\r t
\a hiSetCurrentWindow(window(63))
\r t
\a rdbSetCurrentDirectory("session0" "/cal/exterieurs/afonlupt-25/simulation/TSPCFF_LIB/TB_TSPCFF/adexl/results/data/Interactive.11/psf/TSPCFF_LIB:TB_TSPCFF:1/psf/tran-tran")
\r t
\a hiCloseWindow(swindow(36))
\r t
\a _hiSetCurrentWinNum(56)
\r t
\a hiSetCurrentWindow(window(32))
\r t
\a _axlSetViewConfigMode(axlOutputsForm0->axlOutputsWidget0 "Summary")
\r t
\a _axlSetViewConfigMode(axlOutputsForm0->axlOutputsWidget0 "Detail - Transpose")
\r t
\a _axlSetViewConfigMode(axlOutputsForm0->axlOutputsWidget0 "Summary")
\r t
\a _axlSetViewConfigMode(axlOutputsForm0->axlOutputsWidget0 "Yield")
\r t
\a _axlSetViewConfigMode(axlOutputsForm0->axlOutputsWidget0 "Checks/Asserts")
\r t
\a _axlSetViewConfigMode(axlOutputsForm0->axlOutputsWidget0 "Detail - Transpose")
\r t
\a _axlSetViewConfigMode(axlOutputsForm0->axlOutputsWidget0 "Optimization")
\r t
\a _axlSetViewConfigMode(axlOutputsForm0->axlOutputsWidget0 "Detail - Transpose")
\r t
\a _axlDataViewSetCurrent(axlDataViewForm0->axlDataViewWidget0 "'(3 2 )" 0)
\r t
\a _axlDataViewSelect(axlDataViewForm0->axlDataViewWidget0 1 "add" "'(3 2 )" 0)
\r t
\a _axlDataViewSelect(axlDataViewForm0->axlDataViewWidget0 1 "add" "'(3 2 )" 1)
\r t
\a _axlDataViewItemClicked(axlDataViewForm0->axlDataViewWidget0 "'(3 2 )" 0)
\r t
\a _axlDataViewItemDoubleClicked(axlDataViewForm0->axlDataViewWidget0 "'(3 2 )" 0)
\r t
\a _axlDataViewItemClicked(axlDataViewForm0->axlDataViewWidget0 "'(3 2 )" 0)
\r t
\a hiiSetCurrentForm('axlCornersForm0)
\r t
\a _axlSetOffsetDataOnCornerTable(axlCornersForm0->axlCornersWidget0 0 2 "0" 10 "'()")
\r t
\w Qt Warning: edit: index was invalid
\w Qt Warning: edit: editing failed
\a _axlSetOffsetDataOnCornerTable(axlCornersForm0->axlCornersWidget0 0 2 "2" 10 "'()")
\r t
\w Qt Warning: edit: index was invalid
\w Qt Warning: edit: editing failed
\a hiFormCancel(axlCornersForm0)
\r t
\a _axlPlot(axlOutputsForm0->axlOutputsWidget0)
\r t
\a _axlDataViewSelect(axlDataViewForm0->axlDataViewWidget0 1 "remove" "'(3 2 )" 0)
\r t
\a _axlDataViewSelect(axlDataViewForm0->axlDataViewWidget0 1 "remove" "'(3 2 )" 1)
\r t
\a rdbLoadResults("session0" "/cal/exterieurs/afonlupt-25/simulation/TSPCFF_LIB/TB_TSPCFF/adexl/results/data/Interactive.11/psf/TSPCFF_LIB:TB_TSPCFF:1/psf")
\r t
\a hiSetCurrentWindow(window(65))
\r t
\a hiResizeWindow(swindow(37) list(924:58 1924:858))
\r t
\a hiResizeWindow(swindow(19) list(-36:224 864:924))
\r t
\a hiSetCurrentWindow(window(32))
\r t
\a hiSetCurrentWindow(window(65))
\r t
\a hiResizeWindow(swindow(37) list(249:87 1249:887))
\r t
\a _ddtExecuteAction(awvGetCurrentWindow()->vivaSession "selectAllTracesInStrip")
\r t
\o Exported to File /cal/exterieurs/afonlupt-25/afonlupt/projetCD2IC/sweepBivar.csv.
\o (The selected file is in CSV format that cannot be loaded into ViVA. It is recommended to export the files in VCSV format if you want to reload them later.)
\a hiResizeWindow(swindow(19) list(533:206 1433:906))
\r t
\a hiSetCurrentWindow(window(32))
\r t
\a _axlDataViewSetDataInt(axlDataViewForm0->axlDataViewWidget0 "'(3 0 )" 0 0 10)
\r t
\a _axlDataViewItemClicked(axlDataViewForm0->axlDataViewWidget0 "'(3 0 )" 0)
\r t
\a _axlDefSimUpdate(axlRunSummaryForm0->axlRunSummaryWidget0 0)
\r t
\a _axlDataViewSelect(axlDataViewForm0->axlDataViewWidget0 1 "add" "'(3 2 )" 0)
\r t
\a _axlDataViewSelect(axlDataViewForm0->axlDataViewWidget0 1 "add" "'(3 2 )" 1)
\r t
\a _axlDataViewItemClicked(axlDataViewForm0->axlDataViewWidget0 "'(3 2 )" 0)
\r t
\a _axlDataViewItemDoubleClicked(axlDataViewForm0->axlDataViewWidget0 "'(3 2 )" 0)
\r t
\a _axlDataViewItemClicked(axlDataViewForm0->axlDataViewWidget0 "'(3 2 )" 0)
\r t
\a _axlSetOffsetDataOnCornerTable(axlCornersForm0->axlCornersWidget0 5 4 "{From/To}Auto:120n:20:250n{From/To}" 2 "'()")
\r t
\a _axlSetOffsetDataOnCornerTable(axlCornersForm0->axlCornersWidget0 6 4 "{From/To}Auto:120n:20:350n{From/To}" 2 "'()")
\r t
\a _axlSetOffsetDataOnCornerTable(axlCornersForm0->axlCornersWidget0 5 4 "{From/To}Auto:120n:20:250n{From/To}" 2 "'()")
\r t
\a hiFormDone(axlCornersForm0)
\a _axlDataViewSelect(axlDataViewForm0->axlDataViewWidget0 1 "remove" "'(3 2 )" 0)
\r t
\a _axlDataViewSelect(axlDataViewForm0->axlDataViewWidget0 1 "remove" "'(3 2 )" 1)
\r t
\r t
\a (axlRunSimulation)
\p > 
\a hiDBoxOK(adexlMessageDialog)
\r t
\a _axlSelectResultsTab(axlOutputsForm0->axlOutputsWidget0 8)
\r t
\a _axlSelectResultsTab(axlOutputsForm0->axlOutputsWidget0 9)
\r t
\r 12
\# Memory report: Maximum memory size now 16,151 MB at UTC 2025.11.20 18:08:15.471
\# Available memory:         14,406 MB at UTC 2025.11.20 18:08:55.434
\# Memory report: Maximum memory size now 15,378 MB at UTC 2025.11.20 18:08:55.434
\a hiCloseWindow(window(46))
\r t
\a hiCloseWindow(window(44))
\r t
\a hiResizeWindow(swindow(19) list(1107:250 2007:950))
\r t
\a hiResizeWindow(swindow(19) list(1094:251 1994:951))
\r t
\a hiResizeWindow(swindow(19) list(1085:250 1985:950))
\r t
\a hiResizeWindow(swindow(19) list(435:245 1335:945))
\r t
\a _axlPlot(axlOutputsForm0->axlOutputsWidget0)
\r t
\# Memory report: using       1,166 MB, process size 4,902 MB at UTC 2025.11.20 18:17:03.059
\a hiSetCurrentWindow(window(65))
\r t
\a _ddtExecuteAction(awvGetCurrentWindow()->vivaSession "selectAllTracesInStrip")
\r t
\o Exported to File /cal/exterieurs/afonlupt-25/afonlupt/projetCD2IC/sweepBivar.csv.
\o (The selected file is in CSV format that cannot be loaded into ViVA. It is recommended to export the files in VCSV format if you want to reload them later.)
\a hiResizeWindow(swindow(37) list(49:99 1049:899))
\r t
\a hiResizeWindow(swindow(37) list(49:99 1409:899))
\r t
\a hiSetCurrentWindow(window(56))
\r t
\a sevTableSelectRows(sevOutForm4->outListBox 1)
\r t
\a sevSetTableItem(sevOutForm4->outListBox 1 2 "true")
\r t
\a sevTableSelectRows(sevOutForm4->outListBox 0)
\r t
\a sevSetTableItem(sevOutForm4->outListBox 0 2 "true")
\r t
\a sevNetlistAndRun('sevSession4)
\o INFO (ADEXL-1772): This simulation run should be used only
\o for setup validation because the results might not reflect
\o the actual simulation run in ADE XL.
\o Delete psf data in /cal/exterieurs/afonlupt-25/simulation/TSPCFF_LIB/TB_TSPCFF/adexl/results/data/Interactive.12/psf/TSPCFF_LIB:TB_TSPCFF:1/psf.
\o generate netlist...
\o Begin Incremental Netlisting Nov 20 19:27:13 2025
\o End netlisting Nov 20 19:27:13 2025
\o 
\o 	The netlist is up to date.
\o 	Time taken to compare the design with netlist:   0.0s
\o       ...successful.
\o compose simulator input file...
\o       ...successful.
\o start simulator if needed...
\o       ...successful.
\r t
\a hiSetCurrentWindow(window(65))
\r t
\a hiResizeWindow(swindow(37) list(519:117 1879:917))
\r t
\o simulate...
\o INFO (ADE-3071): Simulation completed successfully.
\o reading simulation data...
\o       ...successful.
\a hiResizeWindow(swindow(37) list(471:140 1831:940))
\r t
\a hiSetCurrentWindow(window(65))
\r t
\# Memory report: Maximum memory size now 15,691 MB at UTC 2025.11.20 18:28:11.152
\a hiSetCurrentWindow(window(10))
\r t
\a schSingleSelectPt()
\i -1.1875:0.5625
\r t
\a schHiObjectProperty()
\r t
\a hiiSetCurrentForm('schObjPropForm)
\r t
\a hiFormCancel(schObjPropForm) 
\r t
\a schHiObjectProperty()
\r t
\a schObjPropForm->per->value="50n s"
\r "50n s"
\a schObjPropForm->pw->value="25n s"
\r "25n s"
\a hiFormDone(schObjPropForm)
\r t
\a schSingleSelectPt()
\i -0.5:0.5625
\r t
\a schHiObjectProperty()
\r t
\a schObjPropForm->per->value="100n s"
\r "100n s"
\a schObjPropForm->pw->value="50n s"
\r "50n s"
\a hiFormDone(schObjPropForm)
\r t
\a schHiCheckAndSave()
\o INFO (SCH-1170): Extracting "TB_TSPCFF schematic"
\o INFO (SCH-1426): Schematic check completed with no errors.
\o INFO (SCH-1181): "TSPCFF_LIB TB_TSPCFF schematic" saved.
\r t
\a hiSetCurrentWindow(window(56))
\r t
\a sevNetlistAndRun('sevSession4)
\o INFO (ADEXL-1772): This simulation run should be used only
\o for setup validation because the results might not reflect
\o the actual simulation run in ADE XL.
\o Delete psf data in /cal/exterieurs/afonlupt-25/simulation/TSPCFF_LIB/TB_TSPCFF/adexl/results/data/Interactive.12/psf/TSPCFF_LIB:TB_TSPCFF:1/psf.
\o generate netlist...
\o Begin Incremental Netlisting Nov 20 19:30:23 2025
\o End netlisting Nov 20 19:31:01 2025
\o 
\o Netlisting Statistics:
\o 	Number of components:    4
\o 
\o 	Elapsed time:         54.0s (0.07/s)
\o Errors: 0	Warnings: 0
\o       ...successful.
\o compose simulator input file...
\o       ...successful.
\o start simulator if needed...
\o       ...successful.
\r t
\o simulate...
\o INFO (ADE-3071): Simulation completed successfully.
\o reading simulation data...
\o       ...successful.
\a hiSetCurrentWindow(window(65))
\r t
\a hiSetCurrentWindow(window(10))
\r t
\a schSingleSelectPt()
\i 1.8125:-1.25
\r nil
\a schSingleSelectPt()
\i -0.625:0.5
\r t
\a schHiObjectProperty()
\r t
\a schObjPropForm->tr->value="0"
\r "0"
\a schObjPropForm->tf->value="0"
\r "0"
\a hiFormDone(schObjPropForm)
\r t
\a schSingleSelectPt()
\i -1.5:0.9375
\r nil
\a schSingleSelectPt()
\i -1.1875:0.5
\r t
\a schHiObjectProperty()
\r t
\a schObjPropForm->tr->value="0"
\r "0"
\a schObjPropForm->tf->value="0"
\r "0"
\a hiFormDone(schObjPropForm)
\r t
\a schSingleSelectPt()
\i -0.5625:0.4375
\r t
\a schHiObjectProperty()
\r t
\a hiFormDone(schObjPropForm)
\o INFO (SCH-1183): No changes were made. No objects updated.
\r t
\a schHiCheckAndSave()
\o INFO (SCH-1170): Extracting "TB_TSPCFF schematic"
\o INFO (SCH-1426): Schematic check completed with no errors.
\o INFO (SCH-1181): "TSPCFF_LIB TB_TSPCFF schematic" saved.
\r t
\a hiSetCurrentWindow(window(56))
\r t
\a sevNetlistAndRun('sevSession4)
\o INFO (ADEXL-1772): This simulation run should be used only
\o for setup validation because the results might not reflect
\o the actual simulation run in ADE XL.
\o Delete psf data in /cal/exterieurs/afonlupt-25/simulation/TSPCFF_LIB/TB_TSPCFF/adexl/results/data/Interactive.12/psf/TSPCFF_LIB:TB_TSPCFF:1/psf.
\o generate netlist...
\o Begin Incremental Netlisting Nov 20 19:33:15 2025
\o End netlisting Nov 20 19:33:15 2025
\o 
\o Netlisting Statistics:
\o 	Number of components:    4
\o 
\o 	Elapsed time:          1.0s (4.00/s)
\o Errors: 0	Warnings: 0
\o       ...successful.
\o compose simulator input file...
\o       ...successful.
\o start simulator if needed...
\o       ...successful.
\r t
\o INFO (ADE-3067): Errors encountered during simulation. For more information, right-click
\o         on a test name in the 'Results' tab of the Outputs pane and choose 'Output Log'
\o         to view the simulation run log.
\o reading simulation data...
\o       ...successful.
\a hiSetCurrentWindow(window(67))
\r t
\a hiSetCurrentWindow(window(10))
\r t
\a schSingleSelectPt()
\i -0.4375:-1.125
\r nil
\a schSingleSelectPt()
\i -0.5625:0.5625
\r t
\a schHiObjectProperty()
\r t
\a schObjPropForm->tr->value="1p"
\r "1p"
\a schObjPropForm->tr->value="10p"
\r "10p"
\a schObjPropForm->tf->value="10p"
\r "10p"
\a hiFormDone(schObjPropForm)
\r t
\a schSingleSelectPt()
\i -1.125:0.5
\r t
\a schHiObjectProperty()
\r t
\a schObjPropForm->tf->value="10p"
\r "10p"
\a schObjPropForm->tr->value="10p"
\r "10p"
\a hiFormDone(schObjPropForm)
\r t
\a schHiCheckAndSave()
\o INFO (SCH-1170): Extracting "TB_TSPCFF schematic"
\o INFO (SCH-1426): Schematic check completed with no errors.
\o INFO (SCH-1181): "TSPCFF_LIB TB_TSPCFF schematic" saved.
\r t
\a hiSetCurrentWindow(window(56))
\r t
\a sevNetlistAndRun('sevSession4)
\o INFO (ADEXL-1772): This simulation run should be used only
\o for setup validation because the results might not reflect
\o the actual simulation run in ADE XL.
\o Delete psf data in /cal/exterieurs/afonlupt-25/simulation/TSPCFF_LIB/TB_TSPCFF/adexl/results/data/Interactive.12/psf/TSPCFF_LIB:TB_TSPCFF:1/psf.
\o generate netlist...
\o Begin Incremental Netlisting Nov 20 19:33:49 2025
\o End netlisting Nov 20 19:33:50 2025
\o 
\o Netlisting Statistics:
\o 	Number of components:    4
\o 
\o 	Elapsed time:          2.0s (2.00/s)
\o Errors: 0	Warnings: 0
\o       ...successful.
\o compose simulator input file...
\o       ...successful.
\o start simulator if needed...
\o       ...successful.
\r t
\o simulate...
\o INFO (ADE-3071): Simulation completed successfully.
\o reading simulation data...
\o       ...successful.
\a hiSetCurrentWindow(window(65))
\r t
\a hiCloseWindow(swindow(37))
\r t
\a _hiSetCurrentWinNum(56)
\r t
\a sevSetTableItem(sevOutForm4->outListBox 0 2 "false")
\r t
\a sevTableSelectRows(sevOutForm4->outListBox 1)
\r t
\a sevSetTableItem(sevOutForm4->outListBox 1 2 "false")
\r t
\a sevTableSelectRows(sevOutForm4->outListBox 2)
\r t
\a hiSetCurrentWindow(window(32))
\r t
\a (axlRunSimulation)
\p > 
\a hiDBoxOK(adexlMessageDialog)
\r t
\a _axlSelectResultsTab(axlOutputsForm0->axlOutputsWidget0 8)
\r t
\a _axlSelectResultsTab(axlOutputsForm0->axlOutputsWidget0 9)
\r t
\r 13
\# Memory report: Maximum memory size now 15,382 MB at UTC 2025.11.20 18:35:27.174
\a (_axlJPDisplayForm "session0" (list "ICRP"))
\p > 
\a axlJobPolicySetupForm0->maxJobs->value=24
\r 24
\a hiFormDone(axlJobPolicySetupForm0)
\r t
\r t
\# Memory report: Maximum memory size now 14,968 MB at UTC 2025.11.20 18:37:07.206
\a _axlPlot(axlOutputsForm0->axlOutputsWidget0)
\r t
\a rdbLoadResults("session0" "/cal/exterieurs/afonlupt-25/simulation/TSPCFF_LIB/TB_TSPCFF/adexl/results/data/Interactive.13/psf/TSPCFF_LIB:TB_TSPCFF:1/psf")
\r t
\a hiSetCurrentWindow(window(68))
\r t
\a hiSetCurrentWindow(window(32))
\r t
\a _axlDataViewSetDataInt(axlDataViewForm0->axlDataViewWidget0 "'(3 2 )" 0 0 10)
\r t
\a _axlDataViewItemClicked(axlDataViewForm0->axlDataViewWidget0 "'(3 2 )" 0)
\r t
\a _axlDefSimUpdate(axlRunSummaryForm0->axlRunSummaryWidget0 2)
\r t
\a _axlDataViewSetDataInt(axlDataViewForm0->axlDataViewWidget0 "'(3 1 )" 0 2 10)
\r t
\a _axlDataViewItemClicked(axlDataViewForm0->axlDataViewWidget0 "'(3 1 )" 0)
\r t
\a _axlDataViewSetDataInt(axlDataViewForm0->axlDataViewWidget0 "'(3 0 )" 0 0 10)
\r t
\a _axlDataViewItemClicked(axlDataViewForm0->axlDataViewWidget0 "'(3 0 )" 0)
\r t
\a _axlDefSimUpdate(axlRunSummaryForm0->axlRunSummaryWidget0 0)
\r t
\a _axlDataViewSetCurrent(axlDataViewForm0->axlDataViewWidget0 "'(3 1 )" 0)
\r t
\a _axlDataViewSelect(axlDataViewForm0->axlDataViewWidget0 1 "add" "'(3 1 )" 0)
\r t
\a _axlDataViewSelect(axlDataViewForm0->axlDataViewWidget0 1 "add" "'(3 1 )" 1)
\r t
\a _axlDataViewItemClicked(axlDataViewForm0->axlDataViewWidget0 "'(3 1 )" 0)
\r t
\a _axlDataViewItemDoubleClicked(axlDataViewForm0->axlDataViewWidget0 "'(3 1 )" 0)
\r t
\a _axlDataViewItemClicked(axlDataViewForm0->axlDataViewWidget0 "'(3 1 )" 0)
\r t
\a hiiSetCurrentForm('axlCornersForm0)
\r t
\a _axlSetOffsetDataOnCornerTable(axlCornersForm0->axlCornersWidget0 4 3 "{From/To}Auto:700p:20:200p{From/To}" 2 "'()")
\r t
\a hiFormDone(axlCornersForm0)
\a _axlDataViewSelect(axlDataViewForm0->axlDataViewWidget0 1 "remove" "'(3 1 )" 0)
\r t
\a _axlDataViewSelect(axlDataViewForm0->axlDataViewWidget0 1 "remove" "'(3 1 )" 1)
\r t
\r t
\a _axlDataViewSelect(axlDataViewForm0->axlDataViewWidget0 1 "add" "'(3 1 )" 0)
\r t
\a _axlDataViewSelect(axlDataViewForm0->axlDataViewWidget0 1 "add" "'(3 1 )" 1)
\r t
\a _axlDataViewItemClicked(axlDataViewForm0->axlDataViewWidget0 "'(3 1 )" 0)
\r t
\a _axlDataViewItemDoubleClicked(axlDataViewForm0->axlDataViewWidget0 "'(3 1 )" 0)
\r t
\a _axlDataViewItemClicked(axlDataViewForm0->axlDataViewWidget0 "'(3 1 )" 0)
\r t
\a hiFormDone(axlCornersForm0)
\a _axlSetOffsetDataOnCornerTable(axlCornersForm0->axlCornersWidget0 4 3 "{From/To}Auto:700p:20:200p{From/To}" 2 "'()")
\r t
\a _axlDataViewSelect(axlDataViewForm0->axlDataViewWidget0 1 "remove" "'(3 1 )" 0)
\r t
\a _axlDataViewSelect(axlDataViewForm0->axlDataViewWidget0 1 "remove" "'(3 1 )" 1)
\r t
\r t
\a (axlRunSimulation)
\a _axlSelectResultsTab(axlOutputsForm0->axlOutputsWidget0 8)
\r t
\a _axlSelectResultsTab(axlOutputsForm0->axlOutputsWidget0 9)
\r t
\r 14
\a _axlPlot(axlOutputsForm0->axlOutputsWidget0)
\r t
\a _axlDataViewSetCurrent(axlDataViewForm0->axlDataViewWidget0 "'(0 0 )" 0)
\r t
\a _axlDataViewSelect(axlDataViewForm0->axlDataViewWidget0 1 "add" "'(0 0 )" 0)
\r t
\a _axlDataViewSelect(axlDataViewForm0->axlDataViewWidget0 1 "add" "'(0 0 )" 1)
\r t
\a _axlDataViewItemClicked(axlDataViewForm0->axlDataViewWidget0 "'(0 0 )" 0)
\r t
\a _axlDataViewItemDoubleClicked(axlDataViewForm0->axlDataViewWidget0 "'(0 0 )" 0)
\r t
\a _axlDataViewItemClicked(axlDataViewForm0->axlDataViewWidget0 "'(0 0 )" 0)
\r t
\a hiSetCurrentWindow(window(56))
\r t
\a sevTableSelectRows(sevWindowForm4->varListBox 0)
\r t
\a (sevEditSelectedVars 'sevSession4)
\p > 
\a hiiSetCurrentForm('sevVariablesForm4)
\r t
\a sevVariablesForm4->expression->value="250p"
\r "250p"
\a hiFormDone(sevVariablesForm4)
\a _axlDataViewSelect(axlDataViewForm0->axlDataViewWidget0 1 "remove" "'(0 0 )" 0)
\r t
\a _axlDataViewSelect(axlDataViewForm0->axlDataViewWidget0 1 "remove" "'(0 0 )" 1)
\r t
\r t
\r t
\a hiSetCurrentWindow(window(32))
\r t
\a _axlDataViewSelect(axlDataViewForm0->axlDataViewWidget0 1 "add" "'(3 1 )" 0)
\r t
\a _axlDataViewSelect(axlDataViewForm0->axlDataViewWidget0 1 "add" "'(3 1 )" 1)
\r t
\a _axlDataViewSetCurrent(axlDataViewForm0->axlDataViewWidget0 "'(3 1 )" 0)
\r t
\a _axlDataViewSetDataInt(axlDataViewForm0->axlDataViewWidget0 "'(3 1 )" 0 0 10)
\r t
\a _axlDataViewSelect(axlDataViewForm0->axlDataViewWidget0 1 "remove" "'(3 1 )" 0)
\r t
\a _axlDataViewSelect(axlDataViewForm0->axlDataViewWidget0 1 "remove" "'(3 1 )" 1)
\r t
\a _axlDataViewItemClicked(axlDataViewForm0->axlDataViewWidget0 "'(3 1 )" 0)
\r t
\a _axlDefSimUpdate(axlRunSummaryForm0->axlRunSummaryWidget0 2)
\r t
\a _axlDataViewSelect(axlDataViewForm0->axlDataViewWidget0 1 "add" "'(3 2 )" 0)
\r t
\a _axlDataViewSelect(axlDataViewForm0->axlDataViewWidget0 1 "add" "'(3 2 )" 1)
\r t
\a _axlDataViewSetCurrent(axlDataViewForm0->axlDataViewWidget0 "'(3 2 )" 0)
\r t
\a _axlDataViewSetDataInt(axlDataViewForm0->axlDataViewWidget0 "'(3 2 )" 0 2 10)
\r t
\a _axlDataViewSelect(axlDataViewForm0->axlDataViewWidget0 1 "remove" "'(3 2 )" 0)
\r t
\a _axlDataViewSelect(axlDataViewForm0->axlDataViewWidget0 1 "remove" "'(3 2 )" 1)
\r t
\a _axlDataViewItemClicked(axlDataViewForm0->axlDataViewWidget0 "'(3 2 )" 0)
\r t
\a _axlDataViewSetDataInt(axlDataViewForm0->axlDataViewWidget0 "'(3 0 )" 0 0 10)
\r t
\a _axlDataViewItemClicked(axlDataViewForm0->axlDataViewWidget0 "'(3 0 )" 0)
\r t
\a _axlDefSimUpdate(axlRunSummaryForm0->axlRunSummaryWidget0 0)
\r t
\a (axlRunSimulation)
\p > 
\a hiDBoxOK(adexlMessageDialog)
\r t
\# Memory report: Maximum memory size now 14,672 MB at UTC 2025.11.20 18:40:49.057
\a _axlSelectResultsTab(axlOutputsForm0->axlOutputsWidget0 8)
\r t
\a _axlSelectResultsTab(axlOutputsForm0->axlOutputsWidget0 9)
\r t
\r 15
\# Memory report: Maximum memory size now 14,192 MB at UTC 2025.11.20 18:41:28.431
\# Available memory:         13,050 MB at UTC 2025.11.20 18:41:48.502
\# Memory report: Maximum memory size now 13,901 MB at UTC 2025.11.20 18:42:40.120
\a _axlPlot(axlOutputsForm0->axlOutputsWidget0)
\r t
\# Memory report: using       1,287 MB, process size 5,121 MB at UTC 2025.11.20 18:44:59.271
\a hiSetCurrentWindow(window(68))
\r t
\a hiResizeWindow(swindow(38) list(-5:-5 1915:1024))
\r t
\# Memory report: Maximum memory size now 13,624 MB at UTC 2025.11.20 18:59:06.542
\a hiCloseWindow(swindow(38))
\r t
\a _hiSetCurrentWinNum(67)
\r t
\a hiSetCurrentWindow(window(32))
\r t
\a _axlDataViewSetCurrent(axlDataViewForm0->axlDataViewWidget0 "'(0 0 )" 0)
\r t
\a _axlDataViewSelect(axlDataViewForm0->axlDataViewWidget0 1 "add" "'(0 0 )" 0)
\r t
\a _axlDataViewSelect(axlDataViewForm0->axlDataViewWidget0 1 "add" "'(0 0 )" 1)
\r t
\a _axlDataViewItemClicked(axlDataViewForm0->axlDataViewWidget0 "'(0 0 )" 0)
\r t
\a _axlDataViewItemDoubleClicked(axlDataViewForm0->axlDataViewWidget0 "'(0 0 )" 0)
\r t
\a hiResizeWindow(swindow(32) list(1086:323 1778:798))
\r t
\a hiResizeWindow(window(67) list(372:69 887:769))
\r t
\a hiCloseWindow(window(67))
\r t
\a hiCloseWindow(window(67))
\w *WARNING* Window 67 does not exist
\e *Error* hiCloseWindow: argument #1 should be a window type (type template = "w") - nil
\r ERROR
\a _axlDataViewItemClicked(axlDataViewForm0->axlDataViewWidget0 "'(0 0 )" 0)
\r t
\a _axlDataViewItemDoubleClicked(axlDataViewForm0->axlDataViewWidget0 "'(0 0 )" 0)
\r t
\a _axlDataViewItemClicked(axlDataViewForm0->axlDataViewWidget0 "'(0 0 )" 0)
\r t
\a hiSetCurrentWindow(window(56))
\r t
\a sevTableSelectRows(sevWindowForm4->varListBox nil)
\r t
\a sevTableSelectRows(sevWindowForm4->varListBox 2)
\r t
\a sevTableSelectRows(sevWindowForm4->varListBox nil)
\r t
\a sevTableSelectRows(sevWindowForm4->varListBox 2)
\r t
\a sevTableSelectRows(sevWindowForm4->varListBox nil)
\r t
\a sevTableSelectRows(sevWindowForm4->varListBox 1)
\r t
\a hiSetCurrentWindow(window(32))
\r t
\a hiSetCurrentWindow(window(56))
\r t
