\# Program start time:     UTC 2025.11.06 14:48:24.782
\# Local time: CET (UTC+01:00) 2025.11.06 15:48:24.782
\o Program:		@(#)$CDS: virtuoso version 6.1.7-64b 09/01/2017 12:09 (sjfhw313) $
\o Hierarchy:		/comelec/softs/opt/Cadence/releases/IC617/tools.lnx86/dfII/
\o Sub version:		sub-version  IC6.1.7-64b.500.14  (64-bit addresses)
\# Command line:	/comelec/softs/opt/Cadence/releases/IC617/tools.lnx86/dfII/bin/64bit/virtuoso
\# Host name (type):	tp-3a107-06 (x86_64)
\# Operating system:	Linux 6.1.0-40-amd64 #1 SMP PREEMPT_DYNAMIC Debian 6.1.153-1 (2025-09-20)
\# Linux /etc/issue:	Debian GNU/Linux 12 \n \l
\# X display name (WxH):	:0.0 (1920x1080)
\# Available geometry:			TL(0:27) BR(1919:1079)
\# X server:			The X.Org Foundation
\# Depth of Visual (Root):	24 (24)
\# Number of Planes Used:	24
\# X version:		11.0 (vendor release 12101007)
\# X resource pool:	base 0x3e00000, mask 0x1fffff (2097151), shift 0
\# 			current id 0x0, current max 0x1ffffa (2097146)
\# Max data seg size:	     unlimited
\# Max process size:	     unlimited
\# Initial sbrk value:	      1,342 MB
\# Available memory:	     15,862 MB
\# System memory:	     19,583 MB
\# Maximum memory size:	     18,337 MB
\# Max mem available:	     15,958 MB
\# Initial memory used:	         96 MB
\#        process size:	        951 MB
\# Thread usage limits (effective/default):	maxthreads 62496/62496 maxload 20.00/20.00
\# Qt version:		4.8.5
\# Window Manager:	other
\# User Name:		afonlupt-25
\o Working Directory:	tp-3a107-06:/cal/exterieurs/afonlupt-25/afonlupt/projetCD2IC
\# Process Id:		931692
\o 
\o COPYRIGHT (C) 1992-2017  CADENCE DESIGN SYSTEMS INC.  ALL RIGHTS RESERVED.
\o           (C) 1992-2017  UNIX SYSTEMS Laboratories INC.,
\o                          Reproduced with permission.
\o 
\o This Cadence Design Systems program and online documentation are
\o proprietary/confidential information and may be disclosed/used only
\o as authorized in a license agreement controlling such use and disclosure.
\o 
\o           RESTRICTED RIGHTS NOTICE (SHORT FORM)
\o Use/reproduction/disclosure is subject to restriction
\o set forth at FAR 1252.227-19 or its equivalent.
\o Loading geView.cxt 
\o Loading menuBuilder.cxt 
\o Loading schView.cxt 
\o Loading selectSv.cxt 
\o Loading wireEdit.cxt 
\o Loading pte2.cxt 
\o Loading xlUI.cxt 
\o Loading auCore.cxt 
\o Loading vhdl.cxt 
\o Loading seismic.cxt 
\o Loading ci.cxt 
\o Loading ams.cxt 
\o Virtuoso Framework License (111) was checked out successfully. Total checkout time was 0.13s.
\p > 
\o Loading pe.cxt 
\a _treeSetOpcGUI(t)
\r t
\# Available memory:         15,831 MB at UTC 2025.11.06 14:48:36.387
\# Memory report: Maximum memory size now 16,010 MB at UTC 2025.11.06 14:48:36.387
\# Thread usage report: 21 active threads, active load 1.00 at UTC 2025.11.06 14:48:36.387
\a ddsOpenLibManager()
\r t
\i ddsServOpen("TSPCFF_LIB" "TSPCFF" "schematic" "edit" nil)
\w *WARNING* envSetVal: Can't set the value of variable 'ADE_UseNextLicense',
\w 	in tool[.partition] 'license' - it has not been registered.
\w *WARNING* envSetVal: Can't set the value of variable 'Explorer_UseNextLicense',
\w 	in tool[.partition] 'license' - it has not been registered.
\o *INFO* (icLic-302) License Virtuoso_Schematic_Editor_XL ("95115") was used to run Schematics L.
\o Loading gpdk045/libInit.il ...
\o 	Loading gpdk045/loadCxt.ile ... done!
\o 	Loading context 'gpdk045' from library 'gpdk045' ... done!
\o 	Loading context 'pdkUtils' from library 'gpdk045' ... done!
\o 	Loading gpdk045/gpdk045_customFilter.il ... done!
\o 	Loading gpdk045/libInitCustomExit.il ... 
\o 	Loading Environment Settings ...
\o 	Loading Model Management File ...
\o Loading oasis.cxt 
\o Loading analog.cxt 
\o Loading asimenv.cxt 
\o Loading spectrei.cxt 
\o Loading devCheck.cxt 
\o Loading relXpert.cxt 
\o Loading hspiceD.cxt 
\o Loading spectreinl.cxt 
\o Loading UltraSim.cxt 
\o Loading msgHandler.cxt 
\o Loading AMSOSS.cxt 
\o Loading AMS.cxt 
\# Memory report: using         280 MB, process size 1,164 MB at UTC 2025.11.06 14:49:34.156
\o 	Loading gpdk045/gpdk045_PDKRegistrations.il ... done!
\o 
\o   *************************************************************           
\o   *              Cadence Design Systems, Inc.                 *           
\o   *                                                           *           
\o   *                    Generic 45nm PDK                       *           
\o   *                        (gpdk045)                          *           
\o   *                                                           *           
\o   *************************************************************           
\o 	
\o 
\o 	VERSION: 4.0 (17-June-2014)
\o 
\o done!
\o Loaded gpdk045/libInit.il successfully!
\o Loading schematic.cxt 
\o Loading ddui.cxt 
\o Loading vb.cxt 
\o Loading nt.cxt 
\o Loading oi.cxt 
\o Loading see.cxt 
\o Loading treeAssistant.cxt 
\o Loading asst.cxt 
\o Loading mtv.cxt 
\o Loading le.cxt 
\o Loading leToolbox.cxt 
\a _treeNavActivateOpc(dwindow('treeAssistant1) "")
\r t
\o Loading hsm.cxt 
\o Loading simui.cxt 
\o Loading lx.cxt 
\o Loading lce.cxt 
\o Loading rte.cxt 
\o Loading mpt.cxt 
\a when(dwindow('oiAssistant1) hiMapWindow(dwindow('oiAssistant1)))
\r t
\a when(dwindow('treeAssistant1) hiMapWindow(dwindow('treeAssistant1)))
\r t
\a hiZoomInAtMouse()
\i 4.4375:3.9375
\r t
\a hiZoomInAtMouse()
\i 4.4375:3.9375
\r t
\a hiZoomInAtMouse()
\i 4.4375:3.9375
\r t
\a hiZoomOutAtMouse()
\i 4.5:4.0625
\r t
\a hiZoomOutAtMouse()
\i 4.5625:4.1875
\r t
\a hiZoomOutAtMouse()
\i 4.5625:4.3125
\r t
\a hiResizeWindow(swindow(1) list(-5:-5 1915:1024))
\r t
\a schZoomFit(1.0 0.9)
\r t
\a hiZoomInAtMouse()
\i 3.0625:5.5
\r t
\a hiZoomInAtMouse()
\i 3.0625:5.5
\r t
\a hiZoomOutAtMouse()
\i 3.0625:5.5
\r t
\a schDirectEdit(1)
\i 3.8125:6.625
\i 3.8125:6.625
\p > 
\a addPoint(hiGetCommandPoint())
\i 3.6875:6.375
\r t
\r nil
\a hiZoomOutAtMouse()
\i 2.875:5.875
\r t
\a hiZoomInAtMouse()
\i 5.5625:7.0625
\r t
\a hiZoomIn()
\i 5.4375:6.9375
\p > 
\a addPoint(hiGetCommandPoint())
\i 5.125:6.75
\r t
\r t
\a schZoomFit(1.0 0.9)
\r t
\a hiZoomInAtMouse()
\i 5.1875:9
\r t
\a hiZoomInAtMouse()
\i 5.1875:9
\r t
\a hiZoomOutAtMouse()
\i 5.1875:9
\r t
\a hiDynamicPanGrabbing()
\i 4.1125:8.1375
\p > 
\a addPoint(hiGetCommandPoint())
\i 4.11875:8.1375
\a hiZoomIn(window(2) list(-1.30625:3.65625 9.11875:9.03125))
\r t
\r t
\r t
\a hiDynamicPanGrabbing()
\i 4.11875:6.05
\p > 
\a addPoint(hiGetCommandPoint())
\i 4.11875:6.05
\a hiZoomIn(window(2) list(-0.29375:1.35625 10.13125:6.73125))
\r t
\r t
\r t
\a hiDynamicPanGrabbing()
\i 4.025:3.825
\p > 
\a addPoint(hiGetCommandPoint())
\i 4.025:3.825
\a hiZoomIn(window(2) list(-0.84375:3.275 9.58125:8.65))
\r t
\r t
\r t
\a hiDynamicPanGrabbing()
\i 4.13125:7.00625
\p > 
\a addPoint(hiGetCommandPoint())
\i 4.13125:7.00625
\a hiZoomIn(window(2) list(-0.75:4.8625 9.675:10.2375))
\r t
\r t
\r t
\a hiZoomIn()
\i 4.1875:6.9375
\p > 
\a addPoint(hiGetCommandPoint())
\i 3.8125:6.8125
\r t
\r t
\a schZoomFit(1.0 0.9)
\r t
\a _deUpdateMenu('schematicTools 2)
\r t
\a lxLaunchLayoutXL()
\p > 
\a hiiSetCurrentForm('lxCVPairActionForm)
\r t
\a hiFormDone(lxCVPairActionForm)
\r t
\p > 
\a hiFormDone(deNewForm)
\p > 
\a hiDBoxUser(_icLicLicenseQuestionDBox nil 3)
\w *WARNING* envSetVal: Can't set the value of variable 'ADE_UseNextLicense',
\w 	in tool[.partition] 'license' - it has not been registered.
\w *WARNING* envSetVal: Can't set the value of variable 'Explorer_UseNextLicense',
\w 	in tool[.partition] 'license' - it has not been registered.
\w *WARNING* envSetVal: Can't set the value of variable 'ADE_UseNextLicense',
\w 	in tool[.partition] 'license' - it has not been registered.
\w *WARNING* envSetVal: Can't set the value of variable 'Explorer_UseNextLicense',
\w 	in tool[.partition] 'license' - it has not been registered.
\r t
\o *INFO* (icLic-302) License Virtuoso_Layout_Suite_GXL ("95321") was used to run Layout XL.
\o Loading cph.cxt 
\o Loading drdEdit.cxt 
\o Loading soi.cxt 
\o Loading wsp.cxt 
\o Load shared object file /comelec/softs/opt/Cadence/releases/ASSURA41_617/tools.lnx86/assura/lib/64bit/libavview.so
\o Version:  @(#)$CDS: libavview.so version av4.1:Production:dfII6.1.7-64b:IC6.1.7-64b.500.4 07/10/17 21:50 (sjfnl321) $
\o The QRC UI context file was successfully loaded
\o INFO: Adding Quantus QRC SND Analysis into Assura Menu
\o Loading lo.cxt 
\o Loading vfp.cxt 
\o Loading apInfra.cxt 
\o Loading smd.cxt 
\o Loading ncl.cxt 
\# Memory report: using         398 MB, process size 1,293 MB at UTC 2025.11.06 14:50:39.433
\o Loading te.cxt 
\o Loading schHDL.cxt 
\o Loading techComp.cxt 
\o Loading vca.cxt 
\r t
\o function gsclib045_stretch redefined
\o function gsclib045_round redefined
\o function gsclib045_cellTmplCB redefined
\o function gsclib045_stretch redefined
\o function gsclib045_round redefined
\o function gsclib045_cellTmplCB redefined
\o function gsclib045_stretch redefined
\o function gsclib045_round redefined
\o function gsclib045_cellTmplCB redefined
\o function gsclib045_stretch redefined
\o function gsclib045_round redefined
\o function gsclib045_cellTmplCB redefined
\o *INFO* (icLic-302) License Virtuoso_Schematic_Editor_XL ("95115") was used to run Schematics L.
\o INFO (BND-1003): Binder initialized for layout cellview 'TSPCFF_LIB/TSPCFF/layout' and source cellview 'TSPCFF_LIB/TSPCFF/schematic':
\o 
\o                  bound       unbound     ungenerated
\o   terminals          0             0               5
\o   nets               0             0              12
\o   instances          0             0              13
\o 
\w *WARNING* (BND-2005): Layout instances and terminals do not match the source.
\w Use 'XL Status' in the Navigator or run 'Connectivity - Check - Against Source' for more details.
\w If the bindings are correct, run the 'Update from Source' commands,
\w otherwise run 'Connectivity - Update - Binding'.
\o Loading cpf.cxt 
\a hiResizeWindow(swindow(1) list(-5:-5 1915:1024))
\r t
\a _ciAssistantReplay_newAssistantByName(dwindow('ciProspector1) "Rapid Analog Prototype")
\r t
\a _ciBrowserReplay_sort(dwindow('ciManager1) 0 0)
\r t
\a _ciBrowserReplay_changeSetting(dwindow('ciManager1) "sortBy/Type" "bool:t")
\r t
\a _ciBrowserReplay_changeSetting(dwindow('ciManager1) "sortBy/Creation Date" "bool:f")
\r t
\r t
\a when(dwindow('ptePaletteAssistant1) hiMapWindow(dwindow('ptePaletteAssistant1)))
\r t
\a hiSetCurrentWindow(window(2))
\r t
\a hiResizeWindow(swindow(1) list(44:125 944:815))
\r t
\a hiResizeWindow(swindow(1) list(86:182 986:872))
\r t
\a hiResizeWindow(swindow(1) list(22:268 922:958))
\r t
\a hiResizeWindow(swindow(1) list(15:265 915:955))
\r t
\a hiResizeWindow(swindow(1) list(15:265 952:955))
\r t
\a hiZoomOutAtMouse()
\i -0.75:0.75
\r t
\a hiDynamicPanGrabbing()
\i 8.8875:0.6
\p > 
\a addPoint(hiGetCommandPoint())
\i 8.8875:0.6
\a hiZoomIn(window(2) list(-4.41875:-4.11875 14.41875:16.46875))
\r t
\r t
\r t
\a hiZoomInAtMouse()
\i 9.0625:0.625
\r t
\a hiDynamicPanGrabbing()
\i 7.84375:0.63125
\p > 
\a addPoint(hiGetCommandPoint())
\i 7.84375:0.63125
\a hiZoomIn(window(2) list(-0.54375:-0.45 8.8875:9.85))
\r t
\r t
\r t
\a hiSetCurrentWindow(window(3))
\r t
\a leHiEditDisplayOptions()
\r t
\a hiFormCancel(leDisplayOptionsForm) 
\r t
\a lxHiReInitDesign()
\o INFO (LX-1063): Building the layout generation form...
\o Loading layers.cxt 
\a lxTemplateForm->templateTab->page2->pLPP_->value = "Metal1 drawing"
\r "Metal1 drawing"
\a lxTemplateForm->templateTab->page2->pLPP_1->value = "Metal1 drawing"
\r "Metal1 drawing"
\p > 
\a hiiSetCurrentForm('lxTemplateForm)
\r t
\a lxTemplateForm->templateTab->page1->bToggle->boundary->value =  nil
\r nil
\a lxTemplateForm->templateTab->page1->cToggle->stacks->value =  t
\r t
\a lxTemplateForm->templateTab->page1->cToggle->stacks->value =  nil
\r nil
\a lxTemplateForm->templateTab->page1->bToggle->boundary->value =  t
\r t
\a lxTemplateForm->templateTab->page1->cToggle->stacks->value =  t
\r t
\a lxTemplateForm->templateTab->value=2
\r 2
\a lxTemplateForm->templateTab->page2->pLPP_->value = "Metal1 drawing"
\r "Metal1 drawing"
\a lxTemplateForm->templateTab->page2->pLPP_->value = "Metal1 pin"
\r "Metal1 pin"
\a lxTemplateForm->templateTab->page2->pLPP_->value = "Metal1 pin"
\r "Metal1 pin"
\a lxTemplateForm->templateTab->value=3
\r 3
\a lxTemplateForm->templateTab->value=4
\r 4
\a lxTemplateForm->templateTab->value=1
\r 1
\a hiFormDone(lxTemplateForm)
\r t
\o INFO (LCE-1007): The cell verifier found
\o INFO (LCE-1008):    35 open(s)
\r t
\a hiZoomOutAtMouse()
\i 1.295:-1.19
\r t
\a hiGetCurrentWindow()->stopLevel = dbGetMaxHierDepth()-1
\r 31
\a hiZoomOutAtMouse()
\i 2.745:-1.98
\r t
\a hiZoomInAtMouse()
\i 2.635:-0.625
\r t
\a hiZoomInAtMouse()
\i 2.675:-0.475
\r t
\a hiResizeWindow(swindow(2) list(-5:-5 1915:1024))
\r t
\a hiZoomOutAtMouse()
\i 3.635:-2.505
\r t
\a hiZoomOutAtMouse()
\i 3.5:-2.695
\r t
\a hiZoomInAtMouse()
\i 0.04:-5.7
\r t
\a hiZoomInAtMouse()
\i 0.04:-5.7
\r t
\a hiZoomInAtMouse()
\i 0.2:-5.655
\r t
\a hiDynamicPanGrabbing()
\i 2.869:-3.426
\p > 
\a addPoint(hiGetCommandPoint())
\i 2.8695:-3.426
\a hiZoomIn(window(3) list(-1.046:-4.009 7.128:-0.2255))
\r t
\r t
\r t
\a hiDynamicPanGrabbing()
\i 3.0385:-2.185
\p > 
\a addPoint(hiGetCommandPoint())
\i 3.0385:-2.1855
\a hiZoomIn(window(3) list(-1.1495:-3.445 7.0245:0.3385))
\r t
\r t
\r t
\a hiZoomOutAtMouse()
\i 3.07:-2.075
\r t
\a hiZoomInAtMouse()
\i 3.12:-2.165
\r t
\a _deUpdateWindowMenu('leSessionWindowMenu3 3)
\r t
\a AssistSlider3->AnnotationBrowser->checked=t
\r t
\a _vbAssistantReplay_treeEvent(dwindow('annotationBrowser2) "expand = 0")
\r t
\a _vbAssistantReplay_treeEvent(dwindow('annotationBrowser2) "collapse = 0")
\r t
\a _vbAssistantReplay_treeEvent(dwindow('annotationBrowser2) "expand = 0")
\r t
\a _vbAssistantReplay_treeEvent(dwindow('annotationBrowser2) "toggleAllVisibilityState")
\r t
\a _vbAssistantReplay_treeEvent(dwindow('annotationBrowser2) "sortAscendant = BBox")
\r t
\a leHiCreateVia()
\o Loading via.cxt 
\p > 
\a le0ViaForm->viaSingleModeScrollView->viaDefName->value="M1_NIMP"
\r "M1_NIMP"
\a le0ViaForm->viaSingleModeScrollView->rows->value= 2
\r 2
\a le0ViaForm->viaSingleModeScrollView->rows->value= 3
\r 3
\a le0ViaForm->viaSingleModeScrollView->rows->value= 4
\r 4
\a le0ViaForm->viaSingleModeScrollView->rows->value= 5
\r 5
\a le0ViaForm->viaSingleModeScrollView->rows->value= 4
\r 4
\a le0ViaForm->viaSingleModeScrollView->rows->value= 3
\r 3
\a le0ViaForm->viaSingleModeScrollView->rows->value= 2
\r 2
\a le0ViaForm->viaSingleModeScrollView->rows->value= 1
\r 1
\a le0ViaForm->viaSingleModeScrollView->columns->value= 2
\r 2
\a le0ViaForm->viaSingleModeScrollView->columns->value= 3
\r 3
\a le0ViaForm->viaSingleModeScrollView->columns->value= 4
\r 4
\a le0ViaForm->viaSingleModeScrollView->columns->value= 5
\r 5
\a mouseAddPt(t)
\i 1.855:-0.1575
\r t
\a leHiCreateVia()
\r t
\a leHiCreateVia()
\r t
\a cancelEnterFun()
\r t
\r nil
\a leHiCreateVia()
\p > 
\a le0ViaForm->viaSingleModeScrollView->viaDefName->value="M1_PIMP"
\r "M1_PIMP"
\a le0ViaForm->viaSingleModeScrollView->columns->value= 2
\r 2
\a le0ViaForm->viaSingleModeScrollView->columns->value= 3
\r 3
\a le0ViaForm->viaSingleModeScrollView->columns->value= 4
\r 4
\a le0ViaForm->viaSingleModeScrollView->columns->value= 5
\r 5
\a mouseAddPt(t)
\i 1.86:-0.44
\r t
\a cancelEnterFun()
\r t
\r nil
\a leHiCreateVia()
\p > 
\a hiiToggleEnterForm(le0ViaForm) 
\r t
\a cancelEnterFun()
\r t
\r nil
\a hiZoomAbsoluteScale(hiGetCurrentWindow() 0.9)
\r t
\a hiZoomInAtMouse()
\i 1.11:-1.21
\r t
\a hiZoomInAtMouse()
\i 1.11:-1.21
\r t
\a hiZoomInAtMouse()
\i 1.11:-1.21
\r t
\a hiZoomInAtMouse()
\i 1.11:-1.21
\r t
\a hiZoomOutAtMouse()
\i 1.11:-1.21
\r t
\a hiZoomOutAtMouse()
\i 1.105:-1.21
\r t
\a hiZoomOutAtMouse()
\i 0.13:-0.795
\r t
\a leSelBoxOrStretch()
\i 0.15:-0.795
\i 0.15:-0.795
\p > 
\a addPoint(hiGetCommandPoint())
\i -0.3:-0.925
\r t
\r t
\a mouseSingleSelectPt()
\i 0.33:-0.625
\r t
\a leSelBoxOrStretch()
\i 0.25:-0.66
\a leMoveForm->leMoveFormLayerField->value = "As Is"
\r "As Is"
\a leMoveForm->leMoveFormLayerField->value = "Nwell drawing"
\r "Nwell drawing"
\a leMoveForm->leMoveFormLayerField->value = "As Is"
\r "As Is"
\i 0.25:-0.66
\p > 
\a addPoint(hiGetCommandPoint())
\i -0.415:-0.845
\r t
\r t
\a mouseSingleSelectPt()
\i -0.405:-1.065
\r nil
\a mouseSingleSelectPt()
\i -0.47:-1.16
\r nil
\a mouseSingleSelectPt()
\i -0.45:-0.795
\r t
\a hiZoomInAtMouse()
\i -0.45:-0.795
\r t
\a hiZoomInAtMouse()
\i -0.45:-0.795
\r t
\a hiZoomInAtMouse()
\i -0.45:-0.795
\r t
\a hiZoomInAtMouse()
\i -0.45:-0.795
\r t
\a hiZoomInAtMouse()
\i -0.45:-0.795
\r t
\a hiZoomOutAtMouse()
\i -0.45:-0.795
\r t
\a hiZoomOutAtMouse()
\i -0.45:-0.795
\r t
\a hiZoomOutAtMouse()
\i -0.45:-0.795
\r t
\a hiZoomInAtMouse()
\i -0.375:-0.735
\r t
\a hiZoomOutAtMouse()
\i -0.37:-0.85
\r t
\a hiZoomOutAtMouse()
\i -0.265:-0.78
\r t
\a hiZoomInAtMouse()
\i -0.2:-0.83
\r t
\a hiUndockWindow(dwindow('annotationBrowser2))
\a hiDockWindow(?window dwindow('annotationBrowser2) ?session swindow(2) ?side 'right)
\a pteSetActiveLpp("Nlvt drawing")
\r nil
\a pteSetNoneVisible(?panel "Layers")
\r t
\a mouseSingleSelectPt()
\i -0.14:-0.45
\r nil
\a hiZoomOutAtMouse()
\i -0.295:-0.735
\r t
\a hiZoomOutAtMouse()
\i -0.3:-0.73
\r t
\a hiZoomOutAtMouse()
\i -0.3:-0.735
\r t
\a hiZoomOutAtMouse()
\i -0.295:-0.73
\r t
\a hiZoomInAtMouse()
\i 1.07:-1.52
\r t
\a hiZoomInAtMouse()
\i 1.07:-1.52
\r t
\a _vbAssistantReplay_treeEvent(dwindow('annotationBrowser2) "toggleAllVisibilityState")
\r t
\a _vbAssistantReplay_treeEvent(dwindow('annotationBrowser2) "sortAscendant = BBox")
\r t
\a pteSetActiveLpp("Nhvt drawing")
\r nil
\a pteSetAllVisible(?panel "Layers")
\r t
\a pteSetActiveLpp("Plvt drawing")
\r nil
\a pteShowUsedLPP(t)
\r t
\a pteSetActiveLpp("Nimp drawing")
\r nil
\a pteSetNoneVisible(?panel "Layers")
\r t
\a pteSetAllVisible(?panel "Layers")
\r t
\a hiZoomInAtMouse()
\i 1.685:-2.475
\r t
\a hiZoomInAtMouse()
\i 1.685:-2.475
\r t
\a hiZoomInAtMouse()
\i 1.685:-2.455
\r t
\a hiZoomOutAtMouse()
\i 1.535:-2.355
\r t
\a hiZoomOutAtMouse()
\i 1.535:-2.35
\r t
\a hiZoomOutAtMouse()
\i 1.535:-2.355
\r t
\a _vbAssistantReplay_treeEvent(dwindow('annotationBrowser2) "toggleAllVisibilityState")
\r t
\a _vbAssistantReplay_treeEvent(dwindow('annotationBrowser2) "sortAscendant = BBox")
\r t
\a _vbAssistantReplay_treeEvent(dwindow('annotationBrowser2) "toggleAllVisibilityState")
\r t
\a _vbAssistantReplay_treeEvent(dwindow('annotationBrowser2) "sortAscendant = BBox")
\r t
\a hiZoomInAtMouse()
\i 2.305:-1.69
\r t
\a hiZoomInAtMouse()
\i 1.515:-1.825
\r t
\a hiZoomInAtMouse()
\i 1.515:-1.825
\r t
\a hiZoomOutAtMouse()
\i 1.615:-1.835
\r t
\a pteSetActiveLpp("Pimp drawing")
\r nil
\a hiZoomOutAtMouse()
\i 1.5:-1.75
\r t
\a hiZoomOutAtMouse()
\i 1.495:-1.745
\r t
\a hiZoomOutAtMouse()
\i 3.005:-2.395
\r t
\a hiZoomInAtMouse()
\i 0.18:-0.11
\r t
\a hiZoomOutAtMouse()
\i 2.18:-0.77
\r t
\a hiZoomInAtMouse()
\i 0.99:-0.295
\r t
\a leSelBoxOrStretch()
\i 1.855:-0.515
\i 1.855:-0.515
\p > 
\a addPoint(hiGetCommandPoint())
\i 1.715:-0.57
\r t
\r t
\a mouseSingleSelectPt()
\i 1.785:-0.2
\r t
\a leSelBoxOrStretch()
\i 1.8:-0.11
\a leMoveForm->leMoveFormLayerField->value = "As Is"
\r "As Is"
\i 1.8:-0.11
\p > 
\a addPoint(hiGetCommandPoint())
\i 1.04:-0.295
\r t
\r t
\a leSelBoxOrStretch()
\i 1.07:-0.25
\a leMoveForm->leMoveFormLayerField->value = "As Is"
\r "As Is"
\i 1.07:-0.25
\p > 
\a addPoint(hiGetCommandPoint())
\i 1.225:-0.125
\r t
\r t
\a leCycleSnapModes()
\r t
\a leCycleSnapModes()
\r t
\a leSelBoxOrStretch()
\i 1.245:-0.095
\a leMoveForm->leMoveFormLayerField->value = "As Is"
\r "As Is"
\i 1.245:-0.095
\p > 
\a addPoint(hiGetCommandPoint())
\i 1.185:-0.115
\r t
\r t
\a leCycleSnapModes()
\r t
\a leCycleSnapModes()
\r t
\a leSelBoxOrStretch()
\i 1.22:-0.15
\a leMoveForm->leMoveFormLayerField->value = "As Is"
\r "As Is"
\i 1.22:-0.15
\p > 
\a addPoint(hiGetCommandPoint())
\i 1.52:0.005
\r t
\r t
\a leCycleSnapModes()
\r t
\a mouseSingleSelectPt()
\i 0.545:0.43
\r t
\a mouseSingleSelectPt()
\i 0.15:0.495
\r t
\a leSelBoxOrStretch()
\i 1.445:-0.08
\i 1.445:-0.08
\p > 
\a addPoint(hiGetCommandPoint())
\i 1.215:-0.275
\r t
\r t
\a mouseSingleSelectPt()
\i 1.235:-0.125
\r t
\a leSelBoxOrStretch()
\i 1.225:-0.1
\a leMoveForm->leMoveFormLayerField->value = "As Is"
\r "As Is"
\i 1.225:-0.1
\p > 
\a addPoint(hiGetCommandPoint())
\i 1.01:-0.22
\r t
\r t
\a hiZoomOutAtMouse()
\i 2.865:-0.945
\r t
\a hiZoomInAtMouse()
\i 2.535:-1.035
\r t
\a hiZoomInAtMouse()
\i 2.535:-1.035
\r t
\a hiZoomInAtMouse()
\i 2.535:-1.035
\r t
\a hiZoomOutAtMouse()
\i 2.205:-1
\r t
\a hiZoomOutAtMouse()
\i 2.205:-0.995
\r t
\a _vbAssistantReplay_treeEvent(dwindow('annotationBrowser2) "toggleAllVisibilityState")
\r t
\a _vbAssistantReplay_treeEvent(dwindow('annotationBrowser2) "sortAscendant = BBox")
\r t
\a _vbAssistantReplay_treeEvent(dwindow('annotationBrowser2) "toggleAllVisibilityState")
\r t
\a _vbAssistantReplay_treeEvent(dwindow('annotationBrowser2) "sortAscendant = BBox")
\r t
\a leSelBoxOrStretch()
\i 0.365:-0.725
\i 0.365:-0.725
\p > 
\a addPoint(hiGetCommandPoint())
\i 0.61:-0.745
\r t
\r t
\a mouseSingleSelectPt()
\i 0.465:-0.835
\r t
\a leSelBoxOrStretch()
\i 0.56:-0.87
\a leMoveForm->leMoveFormLayerField->value = "As Is"
\r "As Is"
\i 0.56:-0.87
\p > 
\a addPoint(hiGetCommandPoint())
\i 1.25:-0.855
\r t
\r t
\a leSelBoxOrStretch()
\i 1.265:-0.84
\a leMoveForm->leMoveFormLayerField->value = "As Is"
\r "As Is"
\i 1.265:-0.84
\p > 
\a addPoint(hiGetCommandPoint())
\i 1.295:-0.625
\r t
\r t
\a mouseSingleSelectPt()
\i 1.28:-1.19
\r nil
\a hiZoomInAtMouse()
\i 1.56:-0.785
\r t
\a hiZoomOutAtMouse()
\i 1.56:-0.785
\r t
\a hiZoomInAtMouse()
\i 1.55:-0.785
\r t
\a leSelBoxOrStretch()
\i 1.165:-0.61
\i 1.165:-0.61
\p > 
\a addPoint(hiGetCommandPoint())
\i 1.17:-0.545
\r t
\r t
\a leSelBoxOrStretch()
\i 1.295:-0.605
\i 1.295:-0.605
\p > 
\a addPoint(hiGetCommandPoint())
\i 1.295:-0.53
\r t
\r t
\a mouseSingleSelectPt()
\i 1.4:-0.875
\r nil
\a hiZoomOutAtMouse()
\i 1.4:-0.875
\r t
\a hiZoomOutAtMouse()
\i 1.4:-0.87
\r t
\a hiZoomInAtMouse()
\i 1.395:-0.875
\r t
\a hiZoomInAtMouse()
\i 1.395:-0.875
\r t
\a leHiMove()
\a leMoveForm->leMoveFormLayerField->value = "As Is"
\r "As Is"
\p > 
\a geSingleSelectBox()
\i 1.265:-0.63
\p > 
\a addPoint(hiGetCommandPoint())
\i 1.25:-0.54
\r t
\r nil
\a hiZoomInAtMouse()
\i 1.45:-0.73
\r t
\a hiZoomInAtMouse()
\i 1.45:-0.73
\r t
\a hiZoomInAtMouse()
\i 1.45:-0.73
\r t
\a hiZoomOutAtMouse()
\i 1.41:-0.7
\r t
\a hiZoomOutAtMouse()
\i 1.41:-0.705
\r t
\a hiZoomOutAtMouse()
\i 1.41:-0.705
\r t
\a hiZoomOutAtMouse()
\i 1.405:-0.7
\r t
\a hiZoomInAtMouse()
\i 0.995:-0.075
\r t
\a hiZoomInAtMouse()
\i 1.015:-0.14
\r t
\a hiZoomInAtMouse()
\i 1.03:-0.18
\r t
\a hiZoomOutAtMouse()
\i 1.115:-0.32
\r t
\a mouseAddPt(t)
\i 1.1235:-0.4185
\r t
\a mouseAddPt(t)
\i 1.131:-0.3715
\r t
\a hiZoomOutAtMouse()
\i 1.5:-0.495
\r t
\a hiZoomInAtMouse()
\i 1.41:-0.59
\r t
\a hiZoomOutAtMouse()
\i 1.4:-0.62
\r t
\a hiZoomOutAtMouse()
\i 1.395:-0.625
\r t
\a hiZoomOutAtMouse()
\i 1.38:-0.64
\r t
\a hiZoomOutAtMouse()
\i 1.295:-0.75
\r t
\a hiZoomInAtMouse()
\i 1.45:-1.77
\r t
\a hiZoomInAtMouse()
\i 1.535:-1.78
\r t
\a _cmdOptionDrawThru2()
\i 1.5995:-1.438
\p > 
\a addPoint(hiGetCommandPoint())
\i 1.5995:-1.438
\a hiZoomIn(window(3) list(-0.626:-2.7425 5.8545:0.6895))
\r t
\r t
\r nil
\a mouseAddPt(t)
\i -0.238:-0.828
\r t
\a mouseAddPt(t)
\i -0.238:-0.828
\r t
\a _vbAssistantReplay_treeEvent(dwindow('annotationBrowser2) "toggleAllVisibilityState")
\r t
\a _vbAssistantReplay_treeEvent(dwindow('annotationBrowser2) "sortAscendant = BBox")
\r t
\a mouseAddPt(t)
\i 0.38:-2.478
\r t
\a mouseAddPt(t)
\i 1.254:-0.888
\r t
\a mouseAddPt(t)
\i 1.915:-0.436
\r t
\a mouseAddPt(t)
\i 1.237:-1.182
\r t
\a leHiCreateMeasurement()
\p > 
\a hiZoomInAtMouse()
\i 1.16:-0.085
\r t
\a hiZoomInAtMouse()
\i 1.16:-0.085
\r t
\a hiZoomInAtMouse()
\i 1.16:-0.085
\r t
\a hiZoomInAtMouse()
\i 1.16:-0.085
\r t
\a hiZoomOutAtMouse()
\i 1.14:-0.105
\r t
\a hiZoomOutAtMouse()
\i 1.08:-0.095
\r t
\a mouseAddPt(t)
\i 1.0075:-0.088
\r t
\a hiZoomOutAtMouse()
\i 1.045:-0.435
\r t
\a hiZoomOutAtMouse()
\i 1.045:-0.4375
\r t
\a hiZoomOutAtMouse()
\i 1.04:-0.4375
\r t
\a _cmdOptionDrawThru2()
\i 1.1095:-1.652
\p > 
\a addPoint(hiGetCommandPoint())
\i 1.1095:-1.6435
\a hiZoomIn(window(3) list(-0.937:-8.7125 12.024:-1.8485))
\r t
\r t
\r nil
\a _cmdOptionDrawThru2()
\i 1.3655:-8.1495
\p > 
\a addPoint(hiGetCommandPoint())
\i 1.3655:-8.1495
\a hiZoomIn(window(3) list(-0.809:-8.235 12.152:-1.371))
\r t
\r t
\r nil
\a hiZoomInAtMouse()
\i 0.955:-2.105
\r t
\a _cmdOptionDrawThru2()
\i 0.9555:-2.109
\p > 
\a addPoint(hiGetCommandPoint())
\i 0.9555:-2.109
\a hiZoomIn(window(3) list(-0.153:-2.774 6.3275:0.658))
\r t
\r t
\r nil
\a mouseAddPt(t)
\i 1.0025:-1.7935
\r t
\a _lxHiMousePopUp()
\o Loading apAssist.cxt 
\o Loading ap.cxt 
\r t
\a hiPopupDown(ruler)
\r t
\a cancelEnterFun()
\r t
\r nil
\a geSingleSelectBox()
\i 1.24:-1.28
\p > 
\a addPoint(hiGetCommandPoint())
\i 1.205:-1.665
\r t
\r nil
\a mouseAddPt(t)
\i 1.1815:-1.286
\r t
\a hiZoomInAtMouse()
\i 1.11:-1.96
\r t
\a hiZoomInAtMouse()
\i 1.11:-1.96
\r t
\a hiZoomInAtMouse()
\i 1.11:-1.96
\r t
\a hiZoomInAtMouse()
\i 1.11:-1.96
\r t
\a hiZoomOutAtMouse()
\i 1.11:-1.96
\r t
\a mouseAddPt(t)
\i 1.1065:-1.9535
\r t
\a hiZoomInAtMouse()
\i 1.215:-1.975
\r t
\a hiZoomInAtMouse()
\i 1.215:-1.975
\r t
\a hiZoomInAtMouse()
\i 1.215:-1.975
\r t
\a hiZoomInAtMouse()
\i 1.215:-1.975
\r t
\a hiZoomOutAtMouse()
\i 1.215:-1.975
\r t
\a hiZoomOutAtMouse()
\i 1.215:-1.975
\r t
\a hiZoomOutAtMouse()
\i 1.215:-1.975
\r t
\a hiZoomOutAtMouse()
\i 1.215:-1.98
\r t
\a hiZoomOutAtMouse()
\i 1.215:-1.975
\r t
\a hiZoomOutAtMouse()
\i 1.22:-1.98
\r t
\a hiZoomOutAtMouse()
\i 1.215:-1.98
\r t
\a hiZoomInAtMouse()
\i 1.565:-1.435
\r t
\a mouseAddPt(t)
\i 1.2535:-1.0095
\r t
\a mouseAddPt(t)
\i 1.214:-1.6955
\r t
\a mouseAddPt(t)
\i 1.554:-1.154
\r t
\a hiZoomInAtMouse()
\i 1.25:-0.885
\r t
\a hiZoomInAtMouse()
\i 1.25:-0.885
\r t
\a hiZoomOutAtMouse()
\i 1.25:-0.885
\r t
\a hiZoomOutAtMouse()
\i 1.25:-0.885
\r t
\a hiZoomOutAtMouse()
\i 1.25:-0.885
\r t
\a mouseAddPt(t)
\i 1.7195:-1.8475
\r t
\a mouseAddPt(t)
\i 2.3115:-2.0185
\r t
\a mouseAddPt(t)
\i 2.829:-1.2205
\r t
\a mouseAddPt(t)
\i 3.2325:-1.093
\r t
\a mouseAddPt(t)
\i 2.478:-1.3345
\r t
\a mouseAddPt(t)
\i 2.5615:-0.488
\r t
\a mouseAddPt(t)
\i 2.557:-1.33
\r t
\a mouseAddPt(t)
\i 2.5085:-1.352
\r t
\a mouseAddPt(t)
\i 2.4865:-0.479
\r t
\a mouseAddPt(t)
\i 2.4825:-1.159
\r t
\a mouseAddPt(t)
\i 2.9075:-1.1455
\r t
\a mouseAddPt(t)
\i 2.956:-1.15
\r t
\a mouseAddPt(t)
\i 2.4295:-1.128
\r t
\a mouseAddPt(t)
\i 1.943:-1.299
\r t
\a mouseAddPt(t)
\i 3.193:-2.6675
\r t
\a mouseAddPt(t)
\i 2.7805:-2.7025
\r t
\a mouseAddPt(t)
\i 1.373:-3.1585
\r t
\a mouseAddPt(t)
\i 1.715:-3.1455
\r t
\a mouseAddPt(t)
\i 0.1845:-2.0095
\r t
\a mouseAddPt(t)
\i -0.272:-2.001
\r t
\a _cmdOptionDrawThru2()
\i 0.4255:-2.4395
\p > 
\a addPoint(hiGetCommandPoint())
\i 0.4255:-2.4395
\a hiZoomIn(window(3) list(-0.8465:-3.755 5.8195:-0.225))
\r t
\r t
\r nil
\a mouseAddPt(t)
\i -0.5175:-0.6805
\r t
\a mouseAddPt(t)
\i -0.1315:-0.9395
\r t
\a _cmdOptionDrawThru2()
\i 0.956:-2.5315
\p > 
\a addPoint(hiGetCommandPoint())
\i 0.9565:-2.5315
\a hiZoomIn(window(3) list(-0.719:-3.299 5.947:0.231))
\r t
\r t
\r nil
\a leHiSave()
\r t
\a vuiDRCRun()
\w *WARNING* No tech lib map file 'assura_tech.lib' or 'pvtech.lib' found
\w *WARNING* Form 'vuiDRCForm', field 'technologyField': Bad value "gpdk045_av".
\w 	Cyclic value must be one in the list of choices.
\w *WARNING* Form 'vuiDRCForm', field 'technologyField': Bad value "gpdk045_av".
\w 	Cyclic value must be one in the list of choices.
\o Assura DRC: State loaded "Last"
\p > 
\a hiiSetCurrentForm('vuiDRCForm)
\r t
\a hiFormCancel(vuiDRCForm) 
\r t
\r nil
\a _vuiSelectTechnologyForm()
\w *WARNING* No tech lib map file 'assura_tech.lib' or 'pvtech.lib' found
\p > 
\a hiiSetCurrentForm('vuiTechForm)
\r t
\a _vuiEditFile(vuiTechForm->techFileName->value t nil 'vuiTechnologyViewSym)
\w *WARNING* No file specified.
\r nil
\a _vuiTechDefaultsCB()
\w *WARNING* No tech lib map file 'assura_tech.lib' or 'pvtech.lib' found
\w *WARNING* Could not find "assura_tech.lib" file.
\p > 
\a hiDBoxOK(vuiDBox) 
\r t
\r t
\a _vuiSelectTechFileButtonCB()
\p > 
\a hiiSetCurrentForm('vuiRcxFileSelectForm)
\r t
\a hiiSetCurrentForm('vuiTechForm)
\r t
\a hiiSetCurrentForm('vuiRcxFileSelectForm)
\r t
\a vuiRcxFileSelectForm->filter->value="/comelec/softs/"
\r "/comelec/softs/"
\a hiFormDone(vuiRcxFileSelectForm)
\o File Selector: Selection already exists as a directory
\r t
\a vuiRcxFilterButtonCB(vuiRcxFileSelectForm)
\r nil
\a vuiRcxFileSelectForm->dirList->value= '( "opt" )
\r ("opt")
\a vuiRcxFileSelectForm->dirList->value= '("opt" )
\r ("opt")
\a vuiRcxDirDoubleCB(vuiRcxFileSelectForm)
\r (".Lisez_moi.stretch.swp" ".nsr" "@LongLink" "LISEZ_MOI" "Lisez_moi.stretch"
\r     "Xyce.tar.gz" "catalog" "ttool.tar"
\r )
\a vuiRcxFileSelectForm->dirList->value= '( "opus_kits" )
\r ("opus_kits")
\a vuiRcxFileSelectForm->dirList->value= '("opus_kits" )
\r ("opus_kits")
\a vuiRcxDirDoubleCB(vuiRcxFileSelectForm)
\r ("._NanGate_15nm_OCL_v0.1_2014_06_Apache.A")
\a vuiRcxFileSelectForm->dirList->value= '( "CADENCE_PDKS" )
\r ("CADENCE_PDKS")
\a vuiRcxFileSelectForm->dirList->value= '("CADENCE_PDKS" )
\r ("CADENCE_PDKS")
\a vuiRcxDirDoubleCB(vuiRcxFileSelectForm)
\r ("LISEZMOI" "giolib045_v3.3.tgz" "gpdk045_v_6_0.tar.gz" "gsclib045_all_v4.4.tgz")
\a vuiRcxFileSelectForm->dirList->value= '( "gpdk045_v_4_0" )
\r ("gpdk045_v_4_0")
\a vuiRcxFileSelectForm->dirList->value= '("gpdk045_v_4_0" )
\r ("gpdk045_v_4_0")
\a vuiRcxDirDoubleCB(vuiRcxFileSelectForm)
\r ("assura_tech.lib" "cds.lib" "klayout.lyp" "lib.defs" "pvtech.lib")
\a vuiRcxFileSelectForm->dirList->value= '( "assura" )
\r ("assura")
\a vuiRcxFileSelectForm->dirList->value= '("assura" )
\r ("assura")
\a vuiRcxDirDoubleCB(vuiRcxFileSelectForm)
\r (".avc_setup.tpl" ".compare.rul.swp" ".drc_setup.tpl" ".extract.rul.ORIG.swp" ".lvs_setup.tpl"
\r     ".rcx_setup.tpl" "LVSinclude.rsf" "assuraDRC.rul" "assuraFillMetal.rul" "cdsinfo.tag"
\r     "compare.rul" "drcSwitches.txt" "extract.rul" "fill.rsf" "techRuleSets"
\r )
\a vuiRcxFileSelectForm->filter->value="/comelec/softs/opt/opus_kits/CADENCE_PDKS/gpdk045_v_4_0/"
\r "/comelec/softs/opt/opus_kits/CADENCE_PDKS/gpdk045_v_4_0/"
\a vuiRcxFilterButtonCB(vuiRcxFileSelectForm)
\r ("assura_tech.lib" "cds.lib" "klayout.lyp" "lib.defs" "pvtech.lib")
\a vuiRcxFileSelectForm->fileList->value= '( "assura_tech.lib" )
\r ("assura_tech.lib")
\a vuiRcxFileSelectForm->fileList->value= '("assura_tech.lib" )
\r ("assura_tech.lib")
\a vuiRcxFileDoubleCB(vuiRcxFileSelectForm)
\r t
\r t
\a hiiSetCurrentForm('vuiTechForm)
\r t
\a _hiFormApplyCB(vuiTechForm)
\w *WARNING* No tech lib map file 'assura_tech.lib' or 'pvtech.lib' found
\r t
\a hiFormDone(vuiTechForm)
\w *WARNING* No tech lib map file 'assura_tech.lib' or 'pvtech.lib' found
\r t
\r t
\a vuiDRCRun()
\o 
\o Loading tech rule set file : /comelec/softs/opt/opus_kits/CADENCE_PDKS/gpdk045_v_4_0/assura/techRuleSets
\o 
\o Loading tech rule set file : /comelec/softs/opt/opus_kits/CADENCE_PDKS/gpdk045_v_4_0/assura/techRuleSets
\o 
\o Loading tech rule set file : /comelec/softs/opt/opus_kits/CADENCE_PDKS/gpdk045_v_4_0/assura/techRuleSets
\o 
\o Loading tech rule set file : /comelec/softs/opt/opus_kits/CADENCE_PDKS/gpdk045_v_4_0/assura/techRuleSets
\o 
\o Loading tech rule set file : /comelec/softs/opt/opus_kits/CADENCE_PDKS/gpdk045_v_4_0/assura/techRuleSets
\o Assura DRC: State loaded "Last"
\p > 
\a hiiSetCurrentForm('vuiDRCForm)
\r t
\a hiFormDone(vuiDRCForm)
\o Assura DRC: State saved "Last"
\o 
\o Loading tech rule set file : /comelec/softs/opt/opus_kits/CADENCE_PDKS/gpdk045_v_4_0/assura/techRuleSets
\o 
\o Loading tech rule set file : /comelec/softs/opt/opus_kits/CADENCE_PDKS/gpdk045_v_4_0/assura/techRuleSets
\o 
\o Loading tech rule set file : /comelec/softs/opt/opus_kits/CADENCE_PDKS/gpdk045_v_4_0/assura/techRuleSets
\o 
\o Loading tech rule set file : /comelec/softs/opt/opus_kits/CADENCE_PDKS/gpdk045_v_4_0/assura/techRuleSets
\o 
\o Loading tech rule set file : /comelec/softs/opt/opus_kits/CADENCE_PDKS/gpdk045_v_4_0/assura/techRuleSets
\o Compiling rules...
\o 
\# Memory report: using         515 MB, process size 1,410 MB at UTC 2025.11.06 15:08:25.157
\o 
\o 
\o Host is 
\o cmd  is /comelec/softs/opt/Cadence/releases/ASSURA41_617/tools.lnx86/assura/bin/assura /cal/exterieurs/afonlupt-25/afonlupt/projetCD2IC/DRC/TSPCFF.rsf -cdslib /cal/exterieurs/afonlupt-25/afonlupt/projetCD2IC/cds.lib -restart -gui
\o Starting the Assura DRC Run: IPC Id ipc:8: pid 939125.
\r t
\r t
\a hiiSetCurrentForm('tmp11)
\r t
\a vuiTailFile( "/cal/exterieurs/afonlupt-25/afonlupt/projetCD2IC/DRC/TSPCFF.log" )
\o Tailing "/cal/exterieurs/afonlupt-25/afonlupt/projetCD2IC/DRC/TSPCFF.log"
\r window:4
\p > 
\a hiDBoxOK(vuiDBox)
\r t
\o Checking out license for "Assura_UI"
\o Checking out license for "Phys_Ver_Sys_Results_Mgr"
\# Memory report: using         706 MB, process size 1,605 MB at UTC 2025.11.06 15:08:36.113
\a vuiELWResize( list(535:426 840:220))
\r t
\a vuiELWResize( list(-5:22 1920:1029))
\r t
\a vuiELWResize( list(-5:27 1920:1029))
\r t
\a vuiELWResize( list(-5:22 1920:1029))
\r t
\a vuiELWResize( list(-5:27 1920:1029))
\r t
\# Memory report: Maximum memory size now 16,500 MB at UTC 2025.11.06 15:08:45.157
\a vuiELWResize( list(-5:22 1920:1029))
\r t
\a vuiELWResize( list(-5:27 1920:1029))
\r t
\a vuiELWResize( list(-53:101 1920:1029))
\r t
\a vuiELWResize( list(-56:103 1920:1029))
\r t
\a vuiELWResize( list(194:93 1920:1029))
\r t
\a vuiELWResize( list(254:87 1920:1029))
\r t
\a vuiELWResize( list(254:87 1647:960))
\r t
\a vuiELWResize( list(254:87 1619:960))
\r t
\a vuiELWResize( list(254:87 1574:934))
\r t
\a vuiELWResize( list(254:87 1459:870))
\r t
\a vuiELWResize( list(254:87 790:876))
\r t
\a vuiELWResize( list(254:87 375:840))
\r t
\a vuiELWResize( list(254:87 374:839))
\r t
\a vuiELWResize( list(254:87 393:801))
\r t
\a vuiELWResize( list(254:87 442:712))
\r t
\a vuiELWResize( list(254:87 555:735))
\r t
\a vuiELWResize( list(254:87 658:762))
\r t
\a vuiELWResize( list(254:87 718:756))
\r t
\a vuiELWResize( list(254:87 758:739))
\r t
\a vuiELWResize( list(254:87 791:724))
\r t
\a vuiELWResize( list(254:87 828:706))
\r t
\a vuiELWResize( list(254:87 848:693))
\r t
\a vuiELWResize( list(254:87 849:692))
\r t
\a vuiELWResize( list(254:87 838:635))
\r t
\a vuiELWResize( list(254:87 827:539))
\r t
\a vuiELWResize( list(254:87 832:450))
\r t
\a vuiELWResize( list(254:87 848:402))
\r t
\a vuiELWResize( list(254:87 851:396))
\r t
\a vuiELWResize( list(254:87 882:396))
\r t
\a vuiELWResize( list(254:87 897:391))
\r t
\a vuiELWResize( list(254:87 911:388))
\r t
\a vuiELWResize( list(254:87 924:384))
\r t
\a vuiELWResize( list(254:87 925:383))
\r t
\a vuiELWResize( list(254:87 932:380))
\r t
\a vuiELWResize( list(254:87 958:368))
\r t
\a vuiELWResize( list(254:87 960:368))
\r t
\a vuiELWResize( list(254:87 981:375))
\r t
\a vuiELWResize( list(254:87 1002:379))
\r t
\a vuiELWResize( list(254:87 1019:378))
\r t
\a vuiELWResize( list(254:87 1046:364))
\r t
\a vuiELWResize( list(254:87 1065:361))
\r t
\a vuiELWResize( list(254:87 1092:365))
\r t
\a vuiELWResize( list(254:87 1113:366))
\r t
\a vuiELWResize( list(254:87 1135:366))
\r t
\a vuiELWResize( list(254:87 1160:366))
\r t
\a vuiELWResize( list(254:87 1179:366))
\r t
\a vuiELWResize( list(254:87 1212:363))
\r t
\a vuiELWResize( list(254:87 1227:359))
\r t
\a vuiELWResize( list(254:87 1234:358))
\r t
\a vuiELWResize( list(254:87 1289:360))
\r t
\a vuiELWResize( list(254:87 1371:360))
\r t
\a vuiELWResize( list(254:87 1408:362))
\r t
\a vuiELWResize( list(254:87 1433:362))
\r t
\a vuiELWResize( list(254:87 1436:362))
\r t
\a _cmdOptionDrawThru2()
\i 2.202:-2.5885
\p > 
\a addPoint(hiGetCommandPoint())
\i 2.2015:-2.5885
\a hiZoomIn(window(3) list(-0.855:-2.856 5.811:0.674))
\r t
\r t
\r nil
\a vuiiELWMouseSetEntryLayer(1)
\r t
\a vuiiELWMouseSetEntryLayer(1)
\r t
\a vuiiELWMouseSetEntryLayer(1)
\r t
\a vuiiELWMouseSetEntryLayer(1)
\r t
\a vuiiELWMouseSetEntryLayer(1)
\r t
\a vuiELWSetCell( "TSPCFF layout TSPCFF_LIB"  )
\r nil
\a vuiELWSetCell( "TSPCFF layout TSPCFF_LIB"  )
\r nil
\a vuiELWSetCell( "TSPCFF layout TSPCFF_LIB"  )
\r nil
\a vuiELWSetCell( "TSPCFF layout TSPCFF_LIB"  )
\r nil
\a vuiELWSetCell( "TSPCFF layout TSPCFF_LIB"  )
\r nil
\a vuiELWSetCell( "TSPCFF layout TSPCFF_LIB"  )
\r nil
\a hiSetCurrentWindow(window(3))
\r t
\a _cmdOptionDrawThru2()
\i 0.75:-1.4305
\p > 
\a addPoint(hiGetCommandPoint())
\i 0.7455:-1.435
\a hiZoomIn(window(3) list(-0.8945:-2.378 5.7715:1.152))
\r t
\r t
\r nil
\a vuiiELWMouseSetEntryLayer(1)
\r t
\a vuiELWSetCell( "TSPCFF layout TSPCFF_LIB"  )
\r nil
\a vuiELWSetCell( "TSPCFF layout TSPCFF_LIB"  )
\r nil
\a vuiELWSetCell( "TSPCFF layout TSPCFF_LIB"  )
\r nil
\a vuiELWSetCell( "TSPCFF layout TSPCFF_LIB"  )
\r nil
\a vuiELWSetCell( "TSPCFF layout TSPCFF_LIB"  )
\r nil
\a hiSetCurrentWindow(window(3))
\r t
\a hiZoomOutAtMouse()
\i 0.97:-1.02
\r t
\a hiZoomInAtMouse()
\i 1.31:-0.465
\r t
\a hiZoomInAtMouse()
\i 1.31:-0.465
\r t
\a vuiELWSetCell( "TSPCFF layout TSPCFF_LIB"  )
\r nil
\a vuiiELWMouseSetEntryLayer(2)
\a hiSetCurrentWindow(window(3))
\r t
\r t
\a vuiiELWMouseSetEntryLayer(2)
\r t
\a vuiiELWMouseSetEntryLayer(3)
\r t
\a vuiiELWMouseSetEntryLayer(4)
\r t
\a vuiiELWMouseSetEntryLayer(6)
\r t
\a vuiiELWMouseSetEntryLayer(7)
\r t
\a vuiiELWMouseSetEntryLayer(8)
\r t
\a vuiiELWMouseSetEntryLayer(9)
\r t
\a vuiiELWMouseSetEntryLayer(10)
\r t
\a vuiiELWMouseSetEntryLayer(12)
\r t
\a vuiiELWMouseSetEntryLayer(12)
\r t
\a vuiiELWMouseSetEntryLayer(13)
\r t
\a vuiiELWMouseSetEntryLayer(11)
\r t
\a vuiiELWMouseSetEntryLayer(5)
\r t
\a hiZoomInAtMouse()
\i 1.135:-0.69
\r t
\a hiZoomInAtMouse()
\i 1.135:-0.69
\r t
\a hiZoomOutAtMouse()
\i 1.135:-0.69
\r t
\a hiZoomOutAtMouse()
\i 1.135:-0.69
\r t
\a hiZoomOutAtMouse()
\i 1.135:-0.69
\r t
\a hiZoomOutAtMouse()
\i 1.14:-0.685
\r t
\a _cmdOptionDrawThru2()
\i 2.0515:-2.5235
\p > 
\a addPoint(hiGetCommandPoint())
\i 2.052:-2.523
\a hiZoomIn(window(3) list(-2.1345:-3.98 11.2055:3.085))
\r t
\r t
\r nil
\a vuiiELWMouseSetEntryLayer(4)
\r t
\a vuiiELWMouseSetEntryLayer(4)
\r t
\a vuiiELWMouseSetEntryLayer(1)
\r t
\a vuiiELWMouseSetEntryLayer(3)
\r t
\a vuiELWApplayFilterLayers("") vuiiELWMouseSetEntryLayer(0)
\r t
\a vuiiELWMouseSetEntryLayer(1)
\r t
\a vuiiELWMouseSetEntryLayer(3)
\r t
\a vuiiELWMouseSetEntryLayer(4)
\r t
\a vuiELWSetAllLayerVisible(t)
\r t
\a vuiELWSetAllLayerVisible(t)
\r t
\a vuiPrevLayer()
\r t
\r nil
\a vuiNextLayer()
\r t
\a vuiNextLayer()
\r t
\a vuiNextLayer()
\r t
\a vuiNextLayer()
\r t
\a vuiNextLayer()
\r t
\a vuiPrevLayer()
\r t
\a vuiPrevLayer()
\r t
\a vuiPrevLayer()
\r t
\a vuiPrevLayer()
\r t
\a vuiPrevLayer()
\r t
\a vuiPrevLayer()
\r t
\a vuiPrevLayer()
\r t
\a vuiPrevLayer()
\r t
\a vuiELWSetCell( "TSPCFF layout TSPCFF_LIB"  )
\r nil
\a vuiELWSetCell( "TSPCFF layout TSPCFF_LIB"  )
\r nil
\a vuiELWSetCell( "TSPCFF layout TSPCFF_LIB"  )
\r nil
\a vuiiELWMouseSetEntryLayer(10)
\a hiSetCurrentWindow(window(3))
\r t
\r t
\a vuiiELWMouseSetEntryLayer(10)
\r t
\a vuiiELWMouseSetEntryLayer(10)
\r t
\a vuiiELWMouseSetEntryLayer(10)
\r t
\a vuiiELWMouseSetEntryLayer(10)
\r t
\a pteSetNoneVisible(?panel "Layers")
\r t
\a mouseSingleSelectPt()
\i 4.37:-0.7
\r nil
\a _vbAssistantReplay_treeEvent(dwindow('annotationBrowser2) "toggleAllVisibilityState")
\r t
\a _vbAssistantReplay_treeEvent(dwindow('annotationBrowser2) "sortAscendant = BBox")
\r t
\a mouseSingleSelectPt()
\i 6.315:-0.55
\r nil
\a vuiiELWMouseSetEntryLayer(6)
\r t
\a vuiiELWMouseSetEntryLayer(4)
\r t
\a vuiiELWMouseSetEntryLayer(4)
\r t
\a vuiiELWMouseSetEntryLayer(4)
\r t
\a vuiiELWMouseSetEntryLayer(4)
\r t
\a vuiiELWMouseSetEntryLayer(6)
\r t
\a vuiiELWMouseSetEntryLayer(6)
\r t
\a mouseSingleSelectPt()
\i 5.79:-2.1
\r nil
\a hiZoomInAtMouse()
\i 1.14:-0.88
\r t
\a hiZoomInAtMouse()
\i 1.22:-0.67
\r t
\a hiZoomInAtMouse()
\i 1.22:-0.67
\r t
\a hiZoomOutAtMouse()
\i 1.45:-0.51
\r t
\a pteSetVisible("Pimp drawing" nil "Layers")
\r t
\a hiZoomOutAtMouse()
\i 1.695:-0.695
\r t
\a hiZoomOutAtMouse()
\i 1.695:-0.7
\r t
\a hiZoomInAtMouse()
\i 1.7:-0.695
\r t
\a mouseSingleSelectPt()
\i 1.82:-0.695
\r nil
\a pteSetActiveLpp("Nwell drawing")
\r nil
\a pteSetVisible("Nimp drawing" nil "Layers")
\r t
\a mouseSingleSelectPt()
\i 1.67:-0.695
\r nil
\a hiZoomInAtMouse()
\i 2.3:-1.33
\r t
\a hiZoomInAtMouse()
\i 2.3:-1.33
\r t
\a hiZoomInAtMouse()
\i 2.25:-1.295
\r t
\a hiZoomInAtMouse()
\i 2.25:-1.295
\r t
\a hiZoomOutAtMouse()
\i 2.22:-1.275
\r t
\a hiZoomOutAtMouse()
\i 2.21:-1.275
\r t
\a hiZoomOutAtMouse()
\i 2.21:-1.275
\r t
\a hiZoomOutAtMouse()
\i 2.205:-1.28
\r t
\a hiZoomOutAtMouse()
\i 2.1:-1.31
\r t
\a hiZoomInAtMouse()
\i 2.61:-1.28
\r t
\a vuiiMouseToggleLayerVisible(1)
\r t
\a vuiiMouseToggleLayerVisible(1)
\r t
\a vuiiMouseToggleLayerVisible(2)
\r t
\a vuiiMouseToggleLayerVisible(3)
\r t
\a vuiiMouseToggleLayerVisible(4)
\r t
\a vuiiMouseToggleLayerVisible(5)
\r t
\a vuiiMouseToggleLayerVisible(6)
\r t
\a vuiiMouseToggleLayerVisible(6)
\r t
\a vuiiMouseToggleLayerVisible(5)
\r t
\a vuiiMouseToggleLayerVisible(4)
\r t
\a vuiiMouseToggleLayerVisible(3)
\r t
\a vuiiMouseToggleLayerVisible(2)
\r t
\a vuiSetAllLayerVisible(t "original")
\r t
\a vuiiELWMouseSetEntryLayer(6)
\r t
\a vuiiELWMouseSetEntryLayer(6)
\r t
\a vuiiELWMouseSetEntryLayer(5)
\r t
\a vuiiELWMouseSetEntryLayer(5)
\r t
\a vuiiELWMouseSetEntryLayer(8)
\r t
\a vuiiELWMouseSetEntryLayer(8)
\r t
\a hiZoomOutAtMouse()
\i 3.325:-1.435
\r t
\a hiZoomOutAtMouse()
\i 3.325:-1.43
\r t
\a hiZoomInAtMouse()
\i 3.33:-1.435
\r t
\a hiZoomInAtMouse()
\i 3.33:-1.435
\r t
\a hiZoomInAtMouse()
\i 1.28:-1.13
\r t
\a hiZoomOutAtMouse()
\i 1.715:-1.305
\r t
\a vuiiELWMouseSetEntryLayer(7)
\r t
\a vuiiELWMouseSetEntryLayer(9)
\r t
\a vuiiELWMouseSetEntryLayer(12)
\r t
\a vuiiELWMouseSetEntryLayer(10)
\r t
\a vuiiELWMouseSetEntryLayer(4)
\r t
\a vuiiELWMouseSetEntryLayer(2)
\r t
\a vuiiELWMouseSetEntryLayer(1)
\r t
\a vuiiELWMouseSetEntryLayer(2)
\r t
\a vuiiELWMouseSetEntryLayer(0)
\r t
\a pteShowUsedLPP(nil)
\r t
\a pteShowUsedLPP(t)
\r t
\a pteSetVisible("Oxide drawing" t "Layers")
\r t
\a pteSetVisible("Pimp drawing" t "Layers")
\r t
\a pteSetVisible("Metal1 drawing" t "Layers")
\r t
\a pteSetVisible("Cont drawing" t "Layers")
\r t
\a pteSetVisible("Nimp drawing" t "Layers")
\r t
\a pteSetVisible("PWdummy drawing" t "Layers")
\r t
\a pteSetVisible("Poly drawing" t "Layers")
\r t
\a pteSetActiveLpp("Cont drawing")
\r nil
\a pteSetVisible("Metal1 drawing" nil "Layers")
\r t
\a pteSetVisible("PWdummy drawing" nil "Layers")
\r t
\a pteSetNoneVisible(?panel "Layers")
\r t
\a pteSetNoneVisible(?panel "Layers")
\r t
\a pteSetVisible("Nwell drawing" t "Layers")
\r t
\a pteSetVisible("Oxide drawing" t "Layers")
\r t
\a pteSetAllVisible(?panel "Layers")
\r t
\a vuiiELWMouseSetEntryLayer(9)
\r t
\a hiDynamicPanGrabbing()
\i 1.8315:-1.8135
\p > 
\a addPoint(hiGetCommandPoint())
\i 1.831:-1.8135
\a hiZoomIn(window(3) list(-0.732:-2.4335 5.95:1.1055))
\r t
\r t
\r t
\a hiZoomInAtMouse()
\i 1.345:-0.76
\r t
\a hiZoomInAtMouse()
\i 1.345:-0.76
\r t
\a hiDynamicPanGrabbing()
\i 1.339:-0.687
\p > 
\a addPoint(hiGetCommandPoint())
\i 1.3395:-0.687
\r t
\r t
\a hiZoomIn(window(3) list(0.5635:-0.782 2.234:0.1025))
\r t
\a leSelBoxOrStretch()
\i 1:-0.435
\i 1:-0.435
\p > 
\a addPoint(hiGetCommandPoint())
\i 0.98:-0.54
\r t
\r t
\a leSelBoxOrStretch()
\i 0.935:-0.555
\i 0.935:-0.555
\p > 
\a addPoint(hiGetCommandPoint())
\i 0.935:-0.625
\r t
\r t
\a mouseSingleSelectPt()
\i 1.01:-0.545
\r t
\a leSelBoxOrStretch()
\i 1.09:-0.57
\a leMoveForm->leMoveFormLayerField->value = "As Is"
\r "As Is"
\i 1.09:-0.57
\p > 
\a addPoint(hiGetCommandPoint())
\i 1.085:-0.62
\r t
\r t
\a leSelBoxOrStretch()
\i 1.065:-0.605
\a leMoveForm->leMoveFormLayerField->value = "As Is"
\r "As Is"
\i 1.065:-0.605
\p > 
\a addPoint(hiGetCommandPoint())
\i 1.07:-0.67
\r t
\r t
\a hiZoomOutAtMouse()
\i 1.605:-0.52
\r t
\a hiZoomInAtMouse()
\i 1.595:-0.545
\r t
\a hiZoomInAtMouse()
\i 1.59:-0.555
\r t
\a hiZoomOutAtMouse()
\i 1.535:-0.56
\r t
\a hiZoomOutAtMouse()
\i 1.53:-0.56
\r t
\a hiZoomOutAtMouse()
\i 1.53:-0.555
\r t
\a hiZoomInAtMouse()
\i 1.53:-0.83
\r t
\a leSelBoxOrStretch()
\i 0.95:-0.72
\a leMoveForm->leMoveFormLayerField->value = "As Is"
\r "As Is"
\i 0.95:-0.72
\p > 
\a addPoint(hiGetCommandPoint())
\i 0.95:-0.905
\r t
\r t
\a mouseSingleSelectPt()
\i 1.645:-0.525
\r nil
\a hiZoomInAtMouse()
\i 1.64:-0.71
\r t
\a leSelBoxOrStretch()
\i 1.3:-0.76
\i 1.3:-0.76
\p > 
\a addPoint(hiGetCommandPoint())
\i 1.295:-0.69
\r t
\r t
\a leSelBoxOrStretch()
\i 1.295:-0.705
\i 1.295:-0.705
\p > 
\a addPoint(hiGetCommandPoint())
\i 1.285:-0.625
\r t
\r t
\a leSelBoxOrStretch()
\i 1.34:-0.67
\i 1.34:-0.67
\p > 
\a addPoint(hiGetCommandPoint())
\i 1.33:-0.605
\r t
\r t
\a hiZoomRelativeScale(hiGetCurrentWindow() 2.0)
\r t
\a hiZoomRelativeScale(hiGetCurrentWindow() 2.0)
\r t
\a hiZoomInAtMouse()
\i 1.51:-0.51
\r t
\a hiZoomInAtMouse()
\i 1.51:-0.51
\r t
\a hiZoomInAtMouse()
\i 1.51:-0.51
\r t
\a hiZoomInAtMouse()
\i 1.51:-0.51
\r t
\a hiZoomInAtMouse()
\i 1.51:-0.51
\r t
\a hiZoomInAtMouse()
\i 1.51:-0.51
\r t
\a hiZoomOutAtMouse()
\i 1.51:-0.51
\r t
\a hiZoomOutAtMouse()
\i 1.51:-0.51
\r t
\a hiZoomOutAtMouse()
\i 1.51:-0.51
\r t
\a hiZoomOutAtMouse()
\i 1.51:-0.51
\r t
\a hiZoomOutAtMouse()
\i 1.515:-0.51
\r t
\a hiZoomOutAtMouse()
\i 1.515:-0.515
\r t
\a hiZoomOutAtMouse()
\i 1.51:-0.51
\r t
\a hiZoomOutAtMouse()
\i 1.51:-0.515
\r t
\a hiZoomOutAtMouse()
\i 1.51:-0.515
\r t
\a hiZoomOutAtMouse()
\i 1.505:-0.51
\r t
\a hiZoomInAtMouse()
\i 1.12:-0.625
\r t
\a hiZoomInAtMouse()
\i 1.12:-0.625
\r t
\a _vuiAVTechnologyRulesetUI()
\p > 
\a hiiSetCurrentForm('vuiRSForm)
\r t
\a hiFormCancel(vuiRSForm) 
\r t
\r nil
\a vuiDRCRun()
\o 
\o Loading tech rule set file : /comelec/softs/opt/opus_kits/CADENCE_PDKS/gpdk045_v_4_0/assura/techRuleSets
\o 
\o Loading tech rule set file : /comelec/softs/opt/opus_kits/CADENCE_PDKS/gpdk045_v_4_0/assura/techRuleSets
\o 
\o Loading tech rule set file : /comelec/softs/opt/opus_kits/CADENCE_PDKS/gpdk045_v_4_0/assura/techRuleSets
\o 
\o Loading tech rule set file : /comelec/softs/opt/opus_kits/CADENCE_PDKS/gpdk045_v_4_0/assura/techRuleSets
\o 
\o Loading tech rule set file : /comelec/softs/opt/opus_kits/CADENCE_PDKS/gpdk045_v_4_0/assura/techRuleSets
\o Assura DRC: State loaded "Last"
\p > 
\a hiiSetCurrentForm('vuiDRCForm)
\r t
\a hiFormDone(vuiDRCForm)
\p > 
\a hiiSetCurrentForm('geSaveAllForm)
\r t
\a hiFormDone(geSaveAllForm)
\r t
\o Assura DRC: State saved "Last"
\p > 
\a hiDBoxOK(filexistDBox)
\r t
\w *WARNING* A new Assura job cannot be started when a run is currently active.
\w Do you want to stop viewing the current job and continue?
\w 
\p > 
\a hiDBoxOK(vuiDBox)
\r t
\o Checking in license for "Phys_Ver_Sys_Results_Mgr"
\o 
\o Loading tech rule set file : /comelec/softs/opt/opus_kits/CADENCE_PDKS/gpdk045_v_4_0/assura/techRuleSets
\o 
\o Loading tech rule set file : /comelec/softs/opt/opus_kits/CADENCE_PDKS/gpdk045_v_4_0/assura/techRuleSets
\o 
\o Loading tech rule set file : /comelec/softs/opt/opus_kits/CADENCE_PDKS/gpdk045_v_4_0/assura/techRuleSets
\o 
\o Loading tech rule set file : /comelec/softs/opt/opus_kits/CADENCE_PDKS/gpdk045_v_4_0/assura/techRuleSets
\o 
\o Loading tech rule set file : /comelec/softs/opt/opus_kits/CADENCE_PDKS/gpdk045_v_4_0/assura/techRuleSets
\o Compiling rules...
\o 
\o function switchProc0 redefined
\o function switchProc1 redefined
\o function switchProc2 redefined
\o function switchProc3 redefined
\o function switchProc4 redefined
\o function switchProc5 redefined
\o function switchProc6 redefined
\o function switchProc7 redefined
\o function switchProc8 redefined
\o function switchProc9 redefined
\o function switchProc10 redefined
\o function switchProc11 redefined
\o function switchProc12 redefined
\o function switchProc13 redefined
\o function switchProc14 redefined
\o function switchProc15 redefined
\o function switchProc16 redefined
\o function switchProc17 redefined
\o function switchProc18 redefined
\o function switchProc19 redefined
\o function switchProc20 redefined
\o function switchProc21 redefined
\o function switchProc22 redefined
\o function switchProc23 redefined
\o function switchProc24 redefined
\o function switchProc25 redefined
\o function switchProc26 redefined
\o function switchProc27 redefined
\o function switchProc28 redefined
\o function switchProc29 redefined
\o function switchProc30 redefined
\o function switchProc31 redefined
\o function switchProc32 redefined
\o function switchProc33 redefined
\o function switchProc34 redefined
\o function switchProc35 redefined
\o function switchProc36 redefined
\o function switchProc37 redefined
\o function switchProc38 redefined
\o function switchProc39 redefined
\o function switchProc40 redefined
\o 
\o 
\o Host is 
\o cmd  is /comelec/softs/opt/Cadence/releases/ASSURA41_617/tools.lnx86/assura/bin/assura /cal/exterieurs/afonlupt-25/afonlupt/projetCD2IC/DRC/TSPCFF.rsf -cdslib /cal/exterieurs/afonlupt-25/afonlupt/projetCD2IC/cds.lib -restart -gui
\o Starting the Assura DRC Run: IPC Id ipc:10: pid 942644.
\r t
\r t
\a hiiSetCurrentForm('vuiDRCForm)
\r t
\a hiiSetCurrentForm('tmp12)
\r t
\p > 
\a hiDBoxOK(vuiDBox)
\r t
\o Checking out license for "Assura_UI"
\o Checking out license for "Phys_Ver_Sys_Results_Mgr"
\a vuiELWResize( list(254:87 1436:362))
\r t
\a hiZoomInAtMouse()
\i 1.21:-0.755
\r t
\a hiZoomInAtMouse()
\i 1.21:-0.755
\r t
\a hiZoomInAtMouse()
\i 1.21:-0.755
\r t
\a hiZoomOutAtMouse()
\i 1.21:-0.755
\r t
\a hiZoomOutAtMouse()
\i 1.21:-0.755
\r t
\a hiZoomOutAtMouse()
\i 1.21:-0.755
\r t
\a hiZoomOutAtMouse()
\i 1.215:-0.755
\r t
\a hiZoomOutAtMouse()
\i 1.21:-0.76
\r t
\a hiZoomInAtMouse()
\i 1.33:-0.64
\r t
\a hiZoomInAtMouse()
\i 1.33:-0.64
\r t
\a vuiELWSetColor( "drawing2" 0 "[7]  nwell_conn_StampErrorFloat"  )
\r t
\a vuiELWSetColor( "drawing1" 0 "[7]  nwell_conn_StampErrorFloat"  )
\r t
\a vuiELWSetColor( "drawing2" 0 "[7]  nwell_conn_StampErrorFloat"  )
\r t
\a hiZoomOutAtMouse()
\i 1.035:-0.66
\r t
\a hiZoomOutAtMouse()
\i 1.03:-0.66
\r t
\a hiZoomOutAtMouse()
\i 1.03:-0.665
\r t
\a hiZoomOutAtMouse()
\i 2.81:-2.25
\r t
\a hiZoomInAtMouse()
\i 2.805:-2.245
\r t
\a hiZoomInAtMouse()
\i 2.805:-2.245
\r t
\a hiZoomInAtMouse()
\i 2.805:-2.245
\r t
\a vuiiELWMouseSetEntryLayer(0)
\r t
\a vuiiELWMouseSetEntryLayer(0)
\r t
\a vuiiELWMouseSetEntryLayer(0)
\r t
\a vuiDRCExplain()
\p > 
\a vuiiELWMouseSetEntryLayer(8)
\r t
\a vuiiELWMouseSetEntryLayer(7)
\r t
\a vuiiELWMouseSetEntryLayer(8)
\r t
\a vuiDRCHideArea(t)
\w *WARNING* The markers on the all visible layers in the
\w selected area will be hidden from view.
\p > 
\a hiDBoxCancel(vuiDBox)
\r t
\r nil
\a vuiDRCExposeCB()
\w *WARNING* You must select a marker using the
\w `Explain' command before it can be exposed
\p > 
\a hiDBoxOK(vuiDBox)
\r t
\r nil
\a vuiiELWMouseSetEntryLayer(8)
\r t
\a vuiiELWMouseSetEntryLayer(8)
\r t
\a vuiiELWMouseSetEntryLayer(7)
\r t
\a vuiiELWMouseSetEntryLayer(7)
\r t
\a vuiDRCExposeCB()
\w *WARNING* You must select a marker using the
\w `Explain' command before it can be exposed
\p > 
\a hiDBoxOK(vuiDBox)
\r t
\r nil
\a vuiDRCExplain()
\r nil
\a vuiiELWMouseSetEntryLayer(8)
\r t
\a vuiiELWMouseSetEntryLayer(7)
\r t
\a vuiiELWMouseSetEntryLayer(7)
\r t
\a vuiiELWMouseSetEntryLayer(7)
\r t
\a vuiDRCExplain()
\r nil
\a vuiDRCExposeCB()
\w *WARNING* You must select a marker using the
\w `Explain' command before it can be exposed
\p > 
\a hiDBoxOK(vuiDBox)
\r t
\r nil
\a vuiELWSetCell( "TSPCFF layout TSPCFF_LIB"  )
\r nil
\a vuiDRCExposeCB()
\a hiSetCurrentWindow(window(3))
\r t
\w *WARNING* You must select a marker using the
\w `Explain' command before it can be exposed
\p > 
\a hiDBoxOK(vuiDBox)
\r t
\r nil
\a vuiRunSummary()
\r t
\a hiCloseWindow(window(7))
\r t
\a _hiSetCurrentWinNum(6)
\r t
\a vuiDERDisplayWindow()
\r t
\a hiSetCurrentWindow(window(6))
\r t
\a _hiActivateText(window(6) 812 1)
\r t
\a hiSetCurrentIndex( window(6) 812 )
\r t
\a hiInvokeTextSelTriggers( window(6) 812 812 'drag 'select )
\r t
\a vuiiELWMouseSetEntryLayer(1)
\r t
\a hiSetCurrentWindow(window(6))
\r t
\a hiSetCurrentIndex( window(6) 851 )
\r t
\a hiInvokeTextSelTriggers( window(6) 851 851 'drag 'select )
\r t
\a hiSetCurrentWindow(window(3))
\r t
\a hiZoomInAtMouse()
\i 1.33:-1.805
\r t
\a hiZoomInAtMouse()
\i 1.33:-1.805
\r t
\a hiZoomOutAtMouse()
\i 1.32:-1.805
\r t
\a hiZoomOutAtMouse()
\i 1.32:-1.81
\r t
\a hiZoomOutAtMouse()
\i 1.325:-1.805
\r t
\a hiZoomOutAtMouse()
\i 1.32:-1.81
\r t
\a hiZoomInAtMouse()
\i 1.25:-1.74
\r t
\a hiZoomInAtMouse()
\i 1.25:-1.74
\r t
\a hiResizeWindow(window(6) list(1130:387 1730:887))
\r t
\a hiResizeWindow(window(6) list(1085:378 1685:878))
\r t
\a hiCloseWindow(window(6))
\r t
\a vuiiELWMouseSetEntryLayer(1)
\r t
\a vuiiELWMouseSetEntryLayer(1)
\r t
\a vuiiELWMouseSetEntryLayer(1)
\r t
\a vuiELWSetCell( "TSPCFF layout TSPCFF_LIB"  )
\r nil
\a vuiELWSetCell( "TSPCFF layout TSPCFF_LIB"  )
\r nil
\a vuiiELWMouseSetEntryLayer(1)
\a hiSetCurrentWindow(window(3))
\r t
\r t
\a vuiiELWMouseSetEntryLayer(1)
\r t
\a vuiiELWMouseSetEntryLayer(1)
\r t
\a vuiiELWMouseSetEntryLayer(1)
\r t
\a vuiiELWMouseSetEntryLayer(1)
\r t
\a vuiiELWMouseSetEntryLayer(7)
\r t
\a vuiiELWMouseSetEntryLayer(7)
\r t
\a vuiiELWMouseSetEntryLayer(8)
\r t
\a vuiiELWMouseSetEntryLayer(8)
\r t
\a vuiiELWMouseSetEntryLayer(7)
\r t
\a vuiiELWMouseSetEntryLayer(7)
\r t
\a vuiiELWMouseSetEntryLayer(8)
\r t
\a vuiiELWMouseSetEntryLayer(6)
\r t
\a vuiDRCRun()
\o 
\o Loading tech rule set file : /comelec/softs/opt/opus_kits/CADENCE_PDKS/gpdk045_v_4_0/assura/techRuleSets
\o 
\o Loading tech rule set file : /comelec/softs/opt/opus_kits/CADENCE_PDKS/gpdk045_v_4_0/assura/techRuleSets
\o 
\o Loading tech rule set file : /comelec/softs/opt/opus_kits/CADENCE_PDKS/gpdk045_v_4_0/assura/techRuleSets
\o 
\o Loading tech rule set file : /comelec/softs/opt/opus_kits/CADENCE_PDKS/gpdk045_v_4_0/assura/techRuleSets
\o 
\o Loading tech rule set file : /comelec/softs/opt/opus_kits/CADENCE_PDKS/gpdk045_v_4_0/assura/techRuleSets
\o Assura DRC: State loaded "Last"
\p > 
\a hiiSetCurrentForm('vuiDRCForm)
\r t
\a hiFormDone(vuiDRCForm)
\o Assura DRC: State saved "Last"
\p > 
\a hiDBoxOK(filexistDBox)
\r t
\w *WARNING* A new Assura job cannot be started when a run is currently active.
\w Do you want to stop viewing the current job and continue?
\w 
\p > 
\a hiDBoxOK(vuiDBox)
\r t
\o Checking in license for "Phys_Ver_Sys_Results_Mgr"
\o 
\o Loading tech rule set file : /comelec/softs/opt/opus_kits/CADENCE_PDKS/gpdk045_v_4_0/assura/techRuleSets
\o 
\o Loading tech rule set file : /comelec/softs/opt/opus_kits/CADENCE_PDKS/gpdk045_v_4_0/assura/techRuleSets
\o 
\o Loading tech rule set file : /comelec/softs/opt/opus_kits/CADENCE_PDKS/gpdk045_v_4_0/assura/techRuleSets
\o 
\o Loading tech rule set file : /comelec/softs/opt/opus_kits/CADENCE_PDKS/gpdk045_v_4_0/assura/techRuleSets
\o 
\o Loading tech rule set file : /comelec/softs/opt/opus_kits/CADENCE_PDKS/gpdk045_v_4_0/assura/techRuleSets
\o Compiling rules...
\o 
\o function switchProc0 redefined
\o function switchProc1 redefined
\o function switchProc2 redefined
\o function switchProc3 redefined
\o function switchProc4 redefined
\o function switchProc5 redefined
\o function switchProc6 redefined
\o function switchProc7 redefined
\o function switchProc8 redefined
\o function switchProc9 redefined
\o function switchProc10 redefined
\o function switchProc11 redefined
\o function switchProc12 redefined
\o function switchProc13 redefined
\o function switchProc14 redefined
\o function switchProc15 redefined
\o function switchProc16 redefined
\o function switchProc17 redefined
\o function switchProc18 redefined
\o function switchProc19 redefined
\o function switchProc20 redefined
\o function switchProc21 redefined
\o function switchProc22 redefined
\o function switchProc23 redefined
\o function switchProc24 redefined
\o function switchProc25 redefined
\o function switchProc26 redefined
\o function switchProc27 redefined
\o function switchProc28 redefined
\o function switchProc29 redefined
\o function switchProc30 redefined
\o function switchProc31 redefined
\o function switchProc32 redefined
\o function switchProc33 redefined
\o function switchProc34 redefined
\o function switchProc35 redefined
\o function switchProc36 redefined
\o function switchProc37 redefined
\o function switchProc38 redefined
\o function switchProc39 redefined
\o function switchProc40 redefined
\o 
\o 
\o Host is 
\o cmd  is /comelec/softs/opt/Cadence/releases/ASSURA41_617/tools.lnx86/assura/bin/assura /cal/exterieurs/afonlupt-25/afonlupt/projetCD2IC/DRC/TSPCFF.rsf -cdslib /cal/exterieurs/afonlupt-25/afonlupt/projetCD2IC/cds.lib -restart -gui
\o Starting the Assura DRC Run: IPC Id ipc:12: pid 944445.
\r t
\r t
\r t
\p > 
\a hiDBoxOK(vuiDBox)
\r t
\o Checking out license for "Assura_UI"
\o Checking out license for "Phys_Ver_Sys_Results_Mgr"
\a vuiELWResize( list(254:87 1436:362))
\r t
\a vuiELWResize( list(254:87 1436:362))
\r t
\a vuiiELWMouseSetEntryLayer(0)
\r t
\a vuiiELWMouseSetEntryLayer(0)
\r t
\a vuiiELWMouseSetEntryLayer(0)
\r t
\a vuiRunSummary()
\r t
\a hiCloseWindow(window(9))
\r t
\a _hiSetCurrentWinNum(4)
\r t
\a vuiELWShowErrEditInPlaceCB()
\o *Info* Assura UI Preferences saved to file ./.assuraUI.prf
\r t
\a vuiELWShowErrEditInPlaceCB()
\o *Info* Assura UI Preferences saved to file ./.assuraUI.prf
\r t
\a vuiiELWMouseSetEntryLayer(0)
\a hiSetCurrentWindow(window(3))
\r t
\r t
\a vuiiELWMouseSetEntryLayer(0)
\r t
\a vuiiELWMouseSetEntryLayer(1)
\r t
\a vuiiELWMouseSetEntryLayer(1)
\r t
\a vuiiELWMouseSetEntryLayer(1)
\r t
\a vuiiELWMouseSetEntryLayer(1)
\r t
\a vuiiELWMouseSetEntryLayer(2)
\r t
\a vuiiELWMouseSetEntryLayer(2)
\r t
\a vuiiELWMouseSetEntryLayer(2)
\r t
\a vuiiELWMouseSetEntryLayer(2)
\r t
\a hiZoomOutAtMouse()
\i 0.735:-1.53
\r t
\a hiZoomOutAtMouse()
\i 0.785:-1.565
\r t
\a hiZoomOutAtMouse()
\i 0.79:-1.57
\r t
\a hiZoomOutAtMouse()
\i 0.79:-1.575
\r t
\a hiZoomOutAtMouse()
\i 0.805:-1.58
\r t
\a hiDynamicPanGrabbing()
\i 3.734:-2.7555
\p > 
\a addPoint(hiGetCommandPoint())
\i 3.7495:-2.7715
\a hiZoomIn(window(3) list(-5.7555:-8.9425 17.8125:3.5395))
\r t
\r t
\r t
\a hiZoomInAtMouse()
\i 1.22:-1.405
\r t
\a hiZoomInAtMouse()
\i 1.22:-1.405
\r t
\a hiZoomInAtMouse()
\i 1.22:-1.405
\r t
\a hiZoomOutAtMouse()
\i 1.23:-1.41
\r t
\a hiDynamicPanGrabbing()
\i 1.2535:-1.0245
\p > 
\a addPoint(hiGetCommandPoint())
\i 1.253:-1.0245
\a hiZoomIn(window(3) list(-0.918:-2.556 4.975:0.565))
\r t
\r t
\r t
\a vuiiELWMouseSetEntryLayer(0)
\r t
\a vuiiELWMouseSetEntryLayer(0)
\r t
\a vuiiELWMouseSetEntryLayer(1)
\r t
\a vuiiELWMouseSetEntryLayer(1)
\r t
\a vuiiELWMouseSetEntryLayer(3)
\r t
\a vuiiELWMouseSetEntryLayer(1)
\r t
\a vuiiELWMouseSetEntryLayer(1)
\r t
\a vuiiELWMouseSetEntryLayer(2)
\r t
\a vuiiELWMouseSetEntryLayer(3)
\r t
\a vuiiELWMouseSetEntryLayer(5)
\r t
\a vuiiELWMouseSetEntryLayer(5)
\r t
\a vuiiELWMouseSetEntryLayer(4)
\r t
\a vuiiELWMouseSetEntryLayer(4)
\r t
\a vuiiELWMouseSetEntryLayer(6)
\r t
\a vuiiELWMouseSetEntryLayer(6)
\r t
\a vuiiELWMouseSetEntryLayer(7)
\r t
\a vuiiELWMouseSetEntryLayer(7)
\r t
\a vuiiELWMouseSetEntryLayer(8)
\r t
\a vuiiELWMouseSetEntryLayer(9)
\r t
\a vuiiELWMouseSetEntryLayer(10)
\r t
\a vuiiELWMouseSetEntryLayer(11)
\r t
\a vuiiELWMouseSetEntryLayer(0)
\r t
\a vuiiELWMouseSetEntryLayer(0)
\r t
\a vuiiELWMouseSetEntryLayer(0)
\r t
\a vuiiELWMouseSetEntryLayer(0)
\r t
\a vuiDRCExposeCB()
\w *WARNING* You must select a marker using the
\w `Explain' command before it can be exposed
\p > 
\a hiDBoxOK(vuiDBox)
\r t
\r nil
\a hiZoomOutAtMouse()
\i 0.575:-1.3
\r t
\a hiZoomOutAtMouse()
\i 0.575:-1.3
\r t
\a hiZoomInAtMouse()
\i 0.575:-1.3
\r t
\a hiZoomInAtMouse()
\i 0.575:-1.3
\r t
\a hiZoomInAtMouse()
\i 0.575:-1.295
\r t
\a hiZoomInAtMouse()
\i 0.575:-1.295
\r t
\a hiZoomInAtMouse()
\i 0.575:-1.295
\r t
\a hiZoomOutAtMouse()
\i 0.575:-1.295
\r t
\a hiZoomOutAtMouse()
\i 0.575:-1.295
\r t
\a mouseSingleSelectPt()
\i 1.015:-1.08
\r nil
\a vuiDRCExposeArea(t)
\p > 
\a vuiiELWMouseSetEntryLayer(0)
\r t
\a vuiiELWMouseSetEntryLayer(0)
\r t
\a vuiiELWMouseSetEntryLayer(1)
\r t
\a vuiiELWMouseSetEntryLayer(1)
\r t
\a sh("cdnshelp -hierarchy ${ASSURAHOME} -openpage assura:ELW&")
\r t
\a vuiETagSetDisplayState(nil)
\r t
\a vuiiELWMouseSetEntryLayer(1)
\r t
\a vuiiELWMouseSetEntryLayer(1)
\r t
\a vuiETagSetDisplayState(t)
\r nil
\a vuiDRCExposeCB()
\w *WARNING* You must select a marker using the
\w `Explain' command before it can be exposed
\p > 
\a hiDBoxOK(vuiDBox)
\r t
\r nil
\a vuiDRCExposeArea(nil)
\p > 
\a vuiHIXCEP("signOff")
\p > 
\a hiiSetCurrentForm('vuiSignOffXcepForm)
\r t
\a hiFormCancel(vuiSignOffXcepForm) 
\r t
\r t
\a vuiHIXCEP("Fixed")
\p > 
\a hiiSetCurrentForm('vuiFixedXcepForm)
\r t
\a hiFormCancel(vuiFixedXcepForm) 
\r t
\r t
\a vuiDRCExplain()
\p > 
\a vuiDRCHideArea(nil)
\w *WARNING* The markers on the current layer in the
\w selected area will be hidden from view.
\p > 
\a hiDBoxCancel(vuiDBox)
\r t
\r nil
\a vuiDRCExposeArea(t)
\p > 
\a vuiiELWMouseSetEntryLayer(10)
\r t
\a vuiiELWMouseSetEntryLayer(10)
\r t
\a vuiiELWMouseSetEntryLayer(10)
\r t
\a vuiELWSetCell( "TSPCFF layout TSPCFF_LIB"  )
\r nil
\a vuiDERDisplayWindow()
\r t
\a hiSetCurrentWindow(window(10))
\r t
\a hiSetCurrentIndex( window(10) 816 )
\r t
\a hiInvokeTextSelTriggers( window(10) 816 816 'drag 'select )
\r t
\a hiSetCurrentWindow(window(10))
\r t
\a hiSetCurrentIndex( window(10) 918 )
\r t
\a hiInvokeTextSelTriggers( window(10) 918 918 'drag 'select )
\r t
\a hiSetCurrentWindow(window(3))
\r t
\a _cmdOptionDrawThru2()
\i 0.3435:-1.0875
\p > 
\a addPoint(hiGetCommandPoint())
\i 0.344:-1.0875
\a hiZoomIn(window(3) list(-0.661:-1.2045 0.557:-0.5595))
\r t
\r t
\r nil
\a hiResizeWindow(window(10) list(216:376 816:876))
\r t
\a hiSetCurrentWindow(window(10))
\r t
\a vuiDERPrevError()
\r t
\r nil
\r t
\r nil
\r nil
\a hiSetCurrentWindow(window(10))
\r t
\a vuiDERPrevError()
\r t
\a hiSetCurrentWindow(window(10))
\r t
\a vuiDERPrevError()
\r t
\a hiSetCurrentWindow(window(10))
\r t
\a hiSetCurrentIndex( window(10) 135 )
\r t
\a hiInvokeTextSelTriggers( window(10) 95 135 'drag 'select )
\r t
\a hiSetCurrentIndex( window(10) 128 )
\r t
\a hiInvokeTextSelTriggers( window(10) 107 128 'drag 'select )
\r t
\a hiSetCurrentIndex( window(10) 131 )
\r t
\a hiInvokeTextSelTriggers( window(10) 131 131 'drag 'select )
\r t
\a hiInvokeTextSelTriggers( window(10) 812 812 'word 'select )
\r t
\a _hiActivateText(window(10) 812 2)
\r t
\a hiResizeWindow(window(10) list(228:372 828:872))
\r t
\a hiSetCurrentWindow(window(10))
\r t
\a vuiDERNextError()
\r t
\a hiSetCurrentWindow(window(10))
\r t
\a vuiDERNextError()
\r t
\a hiSetCurrentWindow(window(10))
\r t
\a vuiDERNextError()
\r t
\a hiSetCurrentWindow(window(10))
\r t
\a vuiDERNextError()
\r t
\a hiSetCurrentWindow(window(10))
\r t
\a vuiDERNextError()
\r t
\a hiSetCurrentWindow(window(10))
\r t
\a vuiDERNextError()
\r t
\a mouseSingleSelectPt()
\i -0.655:-0.67
\r nil
\a hiResizeWindow(window(10) list(184:361 784:861))
\r t
\a mouseSingleSelectPt()
\i 0.245:-0.825
\r t
\a mouseSingleSelectPt()
\i 0.315:-0.885
\r nil
\a hiZoomAbsoluteScale(hiGetCurrentWindow() 0.9)
\r t
\a hiZoomInAtMouse()
\i 1.055:-1.335
\r t
\a hiZoomInAtMouse()
\i 1.055:-1.335
\r t
\a hiZoomOutAtMouse()
\i 1.28:-0.98
\r t
\a hiZoomInAtMouse()
\i 1.11:-1.625
\r t
\a hiZoomInAtMouse()
\i 1.11:-1.625
\r t
\a hiZoomOutAtMouse()
\i 1.11:-1.625
\r t
\a hiZoomOutAtMouse()
\i 1.11:-1.625
\r t
\a hiZoomInAtMouse()
\i 1.14:-0.62
\r t
\a leSelBoxOrStretch()
\i 1.16:-0.675
\i 1.16:-0.675
\p > 
\a addPoint(hiGetCommandPoint())
\i 1.185:-0.35
\r t
\r t
\a leHiMove()
\a leMoveForm->leMoveFormLayerField->value = "As Is"
\r "As Is"
\p > 
\a mouseAddPt(t)
\i 1.159:-0.693
\r t
\a mouseAddPt(t)
\i 1.159:-0.4255
\r t
\a hiZoomInAtMouse()
\i 1:-0.315
\r t
\a hiZoomInAtMouse()
\i 0.995:-0.3
\r t
\a mouseAddPt(t)
\i 0.9685:-0.3375
\r t
\a mouseAddPt(t)
\i 0.9665:-0.3255
\r t
\a hiZoomOutAtMouse()
\i 1:-0.33
\r t
\a hiZoomOutAtMouse()
\i 1.005:-0.33
\r t
\a hiZoomOutAtMouse()
\i 1.005:-0.33
\r t
\a hiZoomOutAtMouse()
\i 1:-0.33
\r t
\a hiZoomInAtMouse()
\i 0.935:-2.175
\r t
\a hiZoomInAtMouse()
\i 1.045:-1.765
\r t
\a hiZoomInAtMouse()
\i 1.045:-1.495
\r t
\a hiZoomInAtMouse()
\i 1.045:-1.495
\r t
\a mouseAddPt(t)
\i 0.982:-1.654
\r t
\a mouseAddPt(t)
\i 0.9855:-1.6245
\r t
\a mouseAddPt(t)
\i 0.831:-1.5955
\r t
\a leHiSave()
\r t
\a vuiDRCRun()
\o 
\o Loading tech rule set file : /comelec/softs/opt/opus_kits/CADENCE_PDKS/gpdk045_v_4_0/assura/techRuleSets
\o 
\o Loading tech rule set file : /comelec/softs/opt/opus_kits/CADENCE_PDKS/gpdk045_v_4_0/assura/techRuleSets
\o 
\o Loading tech rule set file : /comelec/softs/opt/opus_kits/CADENCE_PDKS/gpdk045_v_4_0/assura/techRuleSets
\o 
\o Loading tech rule set file : /comelec/softs/opt/opus_kits/CADENCE_PDKS/gpdk045_v_4_0/assura/techRuleSets
\o 
\o Loading tech rule set file : /comelec/softs/opt/opus_kits/CADENCE_PDKS/gpdk045_v_4_0/assura/techRuleSets
\o Assura DRC: State loaded "Last"
\p > 
\a hiiSetCurrentForm('vuiDRCForm)
\r t
\a hiFormDone(vuiDRCForm)
\o Assura DRC: State saved "Last"
\p > 
\a hiDBoxOK(filexistDBox)
\r t
\w *WARNING* A new Assura job cannot be started when a run is currently active.
\w Do you want to stop viewing the current job and continue?
\w 
\p > 
\a hiDBoxOK(vuiDBox)
\r t
\o Checking in license for "Phys_Ver_Sys_Results_Mgr"
\o 
\o Loading tech rule set file : /comelec/softs/opt/opus_kits/CADENCE_PDKS/gpdk045_v_4_0/assura/techRuleSets
\o 
\o Loading tech rule set file : /comelec/softs/opt/opus_kits/CADENCE_PDKS/gpdk045_v_4_0/assura/techRuleSets
\o 
\o Loading tech rule set file : /comelec/softs/opt/opus_kits/CADENCE_PDKS/gpdk045_v_4_0/assura/techRuleSets
\o 
\o Loading tech rule set file : /comelec/softs/opt/opus_kits/CADENCE_PDKS/gpdk045_v_4_0/assura/techRuleSets
\o 
\o Loading tech rule set file : /comelec/softs/opt/opus_kits/CADENCE_PDKS/gpdk045_v_4_0/assura/techRuleSets
\o Compiling rules...
\o 
\o function switchProc0 redefined
\o function switchProc1 redefined
\o function switchProc2 redefined
\o function switchProc3 redefined
\o function switchProc4 redefined
\o function switchProc5 redefined
\o function switchProc6 redefined
\o function switchProc7 redefined
\o function switchProc8 redefined
\o function switchProc9 redefined
\o function switchProc10 redefined
\o function switchProc11 redefined
\o function switchProc12 redefined
\o function switchProc13 redefined
\o function switchProc14 redefined
\o function switchProc15 redefined
\o function switchProc16 redefined
\o function switchProc17 redefined
\o function switchProc18 redefined
\o function switchProc19 redefined
\o function switchProc20 redefined
\o function switchProc21 redefined
\o function switchProc22 redefined
\o function switchProc23 redefined
\o function switchProc24 redefined
\o function switchProc25 redefined
\o function switchProc26 redefined
\o function switchProc27 redefined
\o function switchProc28 redefined
\o function switchProc29 redefined
\o function switchProc30 redefined
\o function switchProc31 redefined
\o function switchProc32 redefined
\o function switchProc33 redefined
\o function switchProc34 redefined
\o function switchProc35 redefined
\o function switchProc36 redefined
\o function switchProc37 redefined
\o function switchProc38 redefined
\o function switchProc39 redefined
\o function switchProc40 redefined
\o 
\o 
\o Host is 
\o cmd  is /comelec/softs/opt/Cadence/releases/ASSURA41_617/tools.lnx86/assura/bin/assura /cal/exterieurs/afonlupt-25/afonlupt/projetCD2IC/DRC/TSPCFF.rsf -cdslib /cal/exterieurs/afonlupt-25/afonlupt/projetCD2IC/cds.lib -restart -gui
\o Starting the Assura DRC Run: IPC Id ipc:14: pid 946404.
\r t
\r t
\r nil
\p > 
\a hiDBoxOK(vuiDBox)
\r t
\o Checking out license for "Assura_UI"
\o Checking out license for "Phys_Ver_Sys_Results_Mgr"
\a vuiELWResize( list(254:87 1436:362))
\r t
\a vuiiELWMouseSetEntryLayer(1)
\r t
\a vuiiELWMouseSetEntryLayer(1)
\r t
\a vuiiELWMouseSetEntryLayer(1)
\r t
\a vuiELWSetCell( "TSPCFF layout TSPCFF_LIB"  )
\r nil
\a vuiiELWMouseSetEntryLayer(0)
\a hiSetCurrentWindow(window(3))
\r t
\r t
\a vuiiELWMouseSetEntryLayer(0)
\r t
\a vuiiELWMouseSetEntryLayer(0)
\r t
\a vuiiELWMouseSetEntryLayer(0)
\r t
\a vuiELWSetCell( "TSPCFF layout TSPCFF_LIB"  )
\r nil
\a vuiELWSetCell( "TSPCFF layout TSPCFF_LIB"  )
\r nil
\a vuiELWSetCell( "TSPCFF layout TSPCFF_LIB"  )
\r nil
\a vuiiELWMouseSetEntryLayer(2)
\a hiSetCurrentWindow(window(3))
\r t
\r t
\a vuiELWSetCell( "TSPCFF layout TSPCFF_LIB"  )
\r nil
\a vuiDERDisplayWindow()
\r t
\a hiSetCurrentWindow(window(11))
\r t
\a vuiDERPrevError()
\r t
\a hiSetCurrentWindow(window(11))
\r t
\a hiInvokeTextSelTriggers( window(11) 844 844 'word 'select )
\r t
\a _hiActivateText(window(11) 844 2)
\r t
\a mouseSingleSelectPt()
\i 0.3:-1.38
\r nil
\a hiZoomOutAtMouse()
\i -0.345:-1.195
\r t
\a hiZoomInAtMouse()
\i -0.135:-1.325
\r t
\a hiSetCurrentWindow(window(11))
\r t
\a vuiDERPrevError()
\r t
\a hiSetCurrentWindow(window(11))
\r t
\a vuiDERNextError()
\r t
\a hiSetCurrentWindow(window(11))
\r t
\a vuiDERNextError()
\r t
\a hiSetCurrentWindow(window(11))
\r t
\a vuiDERNextError()
\r t
\a hiSetCurrentWindow(window(11))
\r t
\a vuiDERNextError()
\r t
\a hiSetCurrentWindow(window(11))
\r t
\a vuiDERNextError()
\r t
\a hiSetCurrentWindow(window(11))
\r t
\a vuiDERNextError()
\r t
\a hiSetCurrentWindow(window(11))
\r t
\a vuiDERNextError()
\r t
\a hiSetCurrentWindow(window(11))
\r t
\a hiSetCurrentIndex( window(11) 611 )
\r t
\a hiInvokeTextSelTriggers( window(11) 611 611 'drag 'select )
\r t
\a vuiDERNextError()
\r t
\a hiSetCurrentWindow(window(11))
\r t
\a vuiDERNextError()
\r t
\a hiSetCurrentWindow(window(11))
\r t
\a vuiDERNextError()
\r t
\a hiSetCurrentWindow(window(11))
\r t
\a vuiDERNextError()
\r t
\a hiSetCurrentWindow(window(11))
\r t
\a vuiDERNextError()
\r t
\a hiSetCurrentWindow(window(11))
\r t
\a vuiDERNextError()
\r t
\a hiSetCurrentWindow(window(11))
\r t
\a vuiDERNextError()
\r t
\a hiSetCurrentWindow(window(11))
\r t
\a vuiDERNextError()
\r t
\a hiSetCurrentWindow(window(11))
\r t
\a vuiDERNextError()
\r t
\a hiSetCurrentWindow(window(11))
\r t
\a vuiDERNextError()
\r t
\a hiSetCurrentWindow(window(11))
\r t
\a vuiDERNextError()
\r t
\a hiSetCurrentWindow(window(11))
\r t
\a vuiDERNextError()
\r t
\a hiSetCurrentWindow(window(11))
\r t
\a vuiDERNextError()
\r t
\a hiSetCurrentWindow(window(11))
\r t
\a vuiDERNextError()
\r t
\a hiSetCurrentWindow(window(11))
\r t
\a vuiDERNextError()
\r t
\a hiSetCurrentWindow(window(11))
\r t
\a vuiDERNextError()
\r t
\a hiSetCurrentWindow(window(11))
\r t
\a vuiDERNextError()
\r t
\a hiSetCurrentWindow(window(11))
\r t
\a vuiDERNextError()
\r t
\a hiSetCurrentWindow(window(11))
\r t
\a vuiDERNextError()
\r t
\a hiSetCurrentWindow(window(11))
\r t
\a vuiDERNextError()
\r t
\a hiSetCurrentWindow(window(11))
\r t
\a vuiDERNextError()
\r t
\a hiSetCurrentWindow(window(11))
\r t
\a vuiDERNextError()
\r t
\a hiSetCurrentWindow(window(11))
\r t
\a vuiDERNextError()
\r t
\a hiSetCurrentWindow(window(11))
\r t
\a vuiDERNextError()
\r t
\a hiSetCurrentWindow(window(11))
\r t
\a vuiDERNextError()
\r t
\a hiSetCurrentWindow(window(11))
\r t
\a vuiDERNextError()
\r t
\a hiSetCurrentWindow(window(11))
\r t
\a vuiDERNextError()
\r t
\a hiSetCurrentWindow(window(11))
\r t
\a vuiDERNextError()
\r t
\a hiSetCurrentWindow(window(11))
\r t
\a vuiDERNextError()
\r t
\a hiSetCurrentWindow(window(11))
\r t
\a vuiDERNextError()
\r t
\a hiSetCurrentWindow(window(11))
\r t
\a vuiDERNextError()
\r t
\a hiSetCurrentWindow(window(11))
\r t
\a vuiDERNextError()
\r t
\a hiSetCurrentWindow(window(11))
\r t
\a vuiDERNextError()
\r t
\a hiSetCurrentWindow(window(11))
\r t
\a vuiDERNextError()
\r t
\a hiSetCurrentWindow(window(11))
\r t
\a vuiDERNextError()
\r t
\a hiSetCurrentWindow(window(11))
\r t
\a vuiDERNextError()
\r t
\a hiSetCurrentWindow(window(11))
\r t
\a vuiDERNextError()
\r t
\a hiSetCurrentWindow(window(11))
\r t
\a vuiDERNextError()
\r t
\a hiSetCurrentWindow(window(11))
\r t
\a vuiDERNextError()
\r t
\a hiSetCurrentWindow(window(11))
\r t
\a vuiDERNextError()
\r t
\a hiSetCurrentWindow(window(11))
\r t
\a vuiDERNextError()
\r t
\a hiSetCurrentWindow(window(11))
\r t
\a vuiDERPrevError()
\r t
\a hiSetCurrentWindow(window(11))
\r t
\a vuiDERPrevError()
\r t
\a hiSetCurrentWindow(window(11))
\r t
\a vuiDERPrevError()
\r t
\a hiSetCurrentWindow(window(11))
\r t
\a vuiDERPrevError()
\r t
\a hiSetCurrentWindow(window(11))
\r t
\a vuiDERPrevError()
\r t
\a hiSetCurrentWindow(window(11))
\r t
\a hiSetCurrentIndex( window(11) 811 )
\r t
\a hiInvokeTextSelTriggers( window(11) 811 811 'drag 'select )
\r t
\a hiSetCurrentWindow(window(11))
\r t
\a hiSetCurrentIndex( window(11) 810 )
\r t
\a hiInvokeTextSelTriggers( window(11) 810 810 'drag 'select )
\r t
\a hiSetCurrentWindow(window(11))
\r t
\a _hiActivateText(window(11) 860 1)
\r t
\a hiSetCurrentIndex( window(11) 860 )
\r t
\a hiInvokeTextSelTriggers( window(11) 860 860 'drag 'select )
\r t
\a vuiiELWMouseSetEntryLayer(7)
\r t
\a vuiiELWMouseSetEntryLayer(8)
\r t
\a vuiiELWMouseSetEntryLayer(8)
\r t
\a vuiiELWMouseSetEntryLayer(8)
\r t
\a hiSetCurrentWindow(window(11))
\r t
\a hiSetCurrentIndex( window(11) 1100 )
\r t
\a hiInvokeTextSelTriggers( window(11) 1100 1100 'drag 'select )
\w *WARNING* The specified index 1100 exceeds maximum document index of 1099.  The document index starts at 0, hence the maximum index is the document size (1100) - 1
\r t
\a vuiDERNextError()
\r t
\a hiSetCurrentWindow(window(11))
\r t
\a vuiDERNextError()
\r t
\a hiSetCurrentWindow(window(11))
\r t
\a vuiDERNextError()
\r t
\a hiSetCurrentWindow(window(11))
\r t
\a vuiDERNextError()
\r t
\a hiSetCurrentWindow(window(11))
\r t
\a vuiDERNextError()
\r t
\a hiSetCurrentWindow(window(11))
\r t
\a vuiDERNextError()
\r t
\a hiSetCurrentWindow(window(11))
\r t
\a vuiDERNextError()
\r t
\a hiZoomInAtMouse()
\i 1.1:-0.525
\r t
\a hiZoomInAtMouse()
\i 1.1:-0.525
\r t
\a hiZoomOutAtMouse()
\i 1.1:-0.525
\r t
\a hiZoomOutAtMouse()
\i 1.1:-0.525
\r t
\a hiZoomOutAtMouse()
\i 1.1:-0.525
\r t
\a hiZoomInAtMouse()
\i 1.16:-0.35
\r t
\a leSelBoxOrStretch()
\i 1.16:-0.32
\i 1.16:-0.32
\p > 
\a addPoint(hiGetCommandPoint())
\i 1.165:-0.355
\r t
\r t
\a hiResizeWindow(window(11) list(905:344 1505:844))
\r t
\a vuiiELWMouseSetEntryLayer(11)
\r t
\a vuiiELWMouseSetEntryLayer(11)
\r t
\a vuiELWSetCell( "TSPCFF layout TSPCFF_LIB"  )
\r nil
\a hiSetCurrentIndex( window(11) 994 )
\r t
\a hiInvokeTextSelTriggers( window(11) 994 994 'drag 'select )
\r t
\a _hiActivateText(window(11) 855 1)
\r t
\a hiSetCurrentIndex( window(11) 855 )
\r t
\a hiInvokeTextSelTriggers( window(11) 855 855 'drag 'select )
\r t
\a hiSetCurrentWindow(window(11))
\r t
\a hiSetCurrentIndex( window(11) 856 )
\r t
\a hiInvokeTextSelTriggers( window(11) 856 856 'drag 'select )
\r t
\a hiZoomInAtMouse()
\i 0.9:-0.285
\r t
\a hiZoomInAtMouse()
\i 0.9:-0.285
\r t
\a hiZoomOutAtMouse()
\i 0.9:-0.285
\r t
\a hiZoomOutAtMouse()
\i 0.9:-0.285
\r t
\a hiZoomOutAtMouse()
\i 0.9:-0.285
\r t
\a hiResizeWindow(window(11) list(905:344 1655:844))
\r t
\a mouseSingleSelectPt()
\i 0.865:-0.32
\r nil
\a hiZoomInAtMouse()
\i 0.97:-0.235
\r t
\a leHiCreateMeasurement()
\p > 
\a mouseAddPt(t)
\i 0.9165:-0.206
\r t
\a mouseAddPt(t)
\i 0.9095:-0.2835
\r t
\a cancelEnterFun()
\r t
\r nil
\a leHiMove()
\a leMoveForm->leMoveFormLayerField->value = "As Is"
\r "As Is"
\p > 
\a mouseAddPt(t)
\i 0.9165:-0.297
\r t
\a mouseAddPt(t)
\i 0.915:-0.303
\r t
\a mouseAddPt(t)
\i 0.838:-0.3035
\r t
\a hiZoomOutAtMouse()
\i 0.835:-0.28
\r t
\a hiZoomInAtMouse()
\i 1.05:-0.29
\r t
\a hiZoomOutAtMouse()
\i 1.035:-0.225
\r t
\a hiZoomOutAtMouse()
\i 1.04:-0.22
\r t
\a hiZoomInAtMouse()
\i 0.97:-0.4
\r t
\a mouseAddPt(t)
\i 0.9995:-0.321
\r t
\a mouseAddPt(t)
\i 0.9995:-0.339
\r t
\a mouseAddPt(t)
\i 0.8:-0.3435
\r t
\a hiZoomOutAtMouse()
\i 1.075:-0.13
\r t
\a hiZoomOutAtMouse()
\i 1.07:-0.13
\r t
\a hiZoomOutAtMouse()
\i 1.07:-0.13
\r t
\a hiZoomInAtMouse()
\i 1.09:-1.585
\r t
\a hiZoomInAtMouse()
\i 1.085:-1.575
\r t
\a hiZoomInAtMouse()
\i 1.085:-1.575
\r t
\a hiZoomInAtMouse()
\i 1.09:-1.71
\r t
\a hiZoomInAtMouse()
\i 1.09:-1.71
\r t
\a hiZoomOutAtMouse()
\i 1.09:-1.69
\r t
\a hiZoomOutAtMouse()
\i 1.09:-1.69
\r t
\a hiZoomOutAtMouse()
\i 0.96:-1.78
\r t
\a hiZoomOutAtMouse()
\i 0.96:-1.775
\r t
\a hiZoomOutAtMouse()
\i 0.97:-1.78
\r t
\a hiZoomInAtMouse()
\i 1.285:-1.085
\r t
\a vuiDRCRun()
\o 
\o Loading tech rule set file : /comelec/softs/opt/opus_kits/CADENCE_PDKS/gpdk045_v_4_0/assura/techRuleSets
\o 
\o Loading tech rule set file : /comelec/softs/opt/opus_kits/CADENCE_PDKS/gpdk045_v_4_0/assura/techRuleSets
\o 
\o Loading tech rule set file : /comelec/softs/opt/opus_kits/CADENCE_PDKS/gpdk045_v_4_0/assura/techRuleSets
\o 
\o Loading tech rule set file : /comelec/softs/opt/opus_kits/CADENCE_PDKS/gpdk045_v_4_0/assura/techRuleSets
\o 
\o Loading tech rule set file : /comelec/softs/opt/opus_kits/CADENCE_PDKS/gpdk045_v_4_0/assura/techRuleSets
\o Assura DRC: State loaded "Last"
\p > 
\a hiiSetCurrentForm('vuiDRCForm)
\r t
\a hiFormDone(vuiDRCForm)
\p > 
\a hiiSetCurrentForm('geSaveAllForm)
\r t
\a hiFormDone(geSaveAllForm)
\r t
\o Assura DRC: State saved "Last"
\p > 
\a hiDBoxOK(filexistDBox)
\r t
\w *WARNING* A new Assura job cannot be started when a run is currently active.
\w Do you want to stop viewing the current job and continue?
\w 
\p > 
\a hiDBoxOK(vuiDBox)
\r t
\o Checking in license for "Phys_Ver_Sys_Results_Mgr"
\o 
\o Loading tech rule set file : /comelec/softs/opt/opus_kits/CADENCE_PDKS/gpdk045_v_4_0/assura/techRuleSets
\o 
\o Loading tech rule set file : /comelec/softs/opt/opus_kits/CADENCE_PDKS/gpdk045_v_4_0/assura/techRuleSets
\o 
\o Loading tech rule set file : /comelec/softs/opt/opus_kits/CADENCE_PDKS/gpdk045_v_4_0/assura/techRuleSets
\o 
\o Loading tech rule set file : /comelec/softs/opt/opus_kits/CADENCE_PDKS/gpdk045_v_4_0/assura/techRuleSets
\o 
\o Loading tech rule set file : /comelec/softs/opt/opus_kits/CADENCE_PDKS/gpdk045_v_4_0/assura/techRuleSets
\o Compiling rules...
\o 
\o function switchProc0 redefined
\o function switchProc1 redefined
\o function switchProc2 redefined
\o function switchProc3 redefined
\o function switchProc4 redefined
\o function switchProc5 redefined
\o function switchProc6 redefined
\o function switchProc7 redefined
\o function switchProc8 redefined
\o function switchProc9 redefined
\o function switchProc10 redefined
\o function switchProc11 redefined
\o function switchProc12 redefined
\o function switchProc13 redefined
\o function switchProc14 redefined
\o function switchProc15 redefined
\o function switchProc16 redefined
\o function switchProc17 redefined
\o function switchProc18 redefined
\o function switchProc19 redefined
\o function switchProc20 redefined
\o function switchProc21 redefined
\o function switchProc22 redefined
\o function switchProc23 redefined
\o function switchProc24 redefined
\o function switchProc25 redefined
\o function switchProc26 redefined
\o function switchProc27 redefined
\o function switchProc28 redefined
\o function switchProc29 redefined
\o function switchProc30 redefined
\o function switchProc31 redefined
\o function switchProc32 redefined
\o function switchProc33 redefined
\o function switchProc34 redefined
\o function switchProc35 redefined
\o function switchProc36 redefined
\o function switchProc37 redefined
\o function switchProc38 redefined
\o function switchProc39 redefined
\o function switchProc40 redefined
\o 
\o 
\o Host is 
\o cmd  is /comelec/softs/opt/Cadence/releases/ASSURA41_617/tools.lnx86/assura/bin/assura /cal/exterieurs/afonlupt-25/afonlupt/projetCD2IC/DRC/TSPCFF.rsf -cdslib /cal/exterieurs/afonlupt-25/afonlupt/projetCD2IC/cds.lib -restart -gui
\o Starting the Assura DRC Run: IPC Id ipc:16: pid 948171.
\r t
\r t
\r nil
\a hiiSetCurrentForm('vuiDRCForm)
\r t
\p > 
\a hiDBoxOK(vuiDBox)
\r t
\o Checking out license for "Assura_UI"
\o Checking out license for "Phys_Ver_Sys_Results_Mgr"
\a vuiELWResize( list(254:87 1436:362))
\r t
\a vuiELWResize( list(254:87 1436:362))
\r t
\a vuiiELWMouseSetEntryLayer(8)
\r t
\a vuiiELWMouseSetEntryLayer(8)
\r t
\a vuiiELWMouseSetEntryLayer(8)
\r t
\a vuiiELWMouseSetEntryLayer(8)
\r t
\a vuiELWSetCell( "TSPCFF layout TSPCFF_LIB"  )
\r nil
\a vuiELWSetCell( "TSPCFF layout TSPCFF_LIB"  )
\r nil
\a vuiDERDisplayWindow()
\r t
\a hiSetCurrentWindow(window(12))
\r t
\a hiInvokeTextSelTriggers( window(12) 855 855 'word 'select )
\r t
\a _hiActivateText(window(12) 855 2)
\r t
\a hiResizeWindow(window(12) list(495:329 1578:829))
\r t
\a mouseSingleSelectPt()
\i 0.775:-0.34
\r nil
\a leHiCreateMeasurement()
\p > 
\a mouseAddPt(t)
\i 1.073:-0.207
\r t
\a mouseAddPt(t)
\i 1.069:-0.286
\r t
\a cancelEnterFun()
\r t
\r nil
\a leHiMove()
\a leMoveForm->leMoveFormLayerField->value = "As Is"
\r "As Is"
\p > 
\a mouseAddPt(t)
\i 1.125:-0.3115
\r t
\a mouseAddPt(t)
\i 1.1235:-0.319
\r t
\a mouseAddPt(t)
\i 0.816:-0.3345
\r t
\a hiZoomOutAtMouse()
\i 1.09:-0.07
\r t
\a hiZoomOutAtMouse()
\i 1.085:-0.075
\r t
\a hiZoomOutAtMouse()
\i 1.075:-0.5
\r t
\a hiZoomInAtMouse()
\i 1.175:-1.81
\r t
\a hiZoomInAtMouse()
\i 1.175:-1.81
\r t
\a hiZoomInAtMouse()
\i 1.175:-1.81
\r t
\a hiZoomOutAtMouse()
\i 1.185:-1.875
\r t
\a hiZoomOutAtMouse()
\i 1.18:-1.87
\r t
\a hiZoomOutAtMouse()
\i 1.16:-1.205
\r t
\a hiZoomInAtMouse()
\i 1.295:-0.275
\r t
\a hiZoomInAtMouse()
\i 1.295:-0.275
\r t
\a vuiiELWMouseSetEntryLayer(10)
\r t
\a vuiiELWMouseSetEntryLayer(9)
\r t
\a vuiiELWMouseSetEntryLayer(2)
\r t
\a mouseAddPt(t)
\i 0.609:-0.502
\r t
\a hiZoomInAtMouse()
\i 1.02:-0.305
\r t
\a pteSetActiveLpp("PWdummy drawing")
\r nil
\a pteSetNoneVisible(?panel "Layers")
\r t
\a hiZoomOutAtMouse()
\i 0.995:-0.29
\r t
\a hiZoomOutAtMouse()
\i 0.99:-0.295
\r t
\a hiZoomOutAtMouse()
\i 0.945:-1.2
\r t
\a hiZoomInAtMouse()
\i 1.06:-1.8
\r t
\a hiZoomInAtMouse()
\i 1.06:-1.8
\r t
\a pteSetAllVisible(?panel "Layers")
\r t
\a hiZoomOutAtMouse()
\i 0.98:-1.255
\r t
\a hiZoomInAtMouse()
\i 0.58:-1.815
\r t
\a leHiCreateRect()
\a leRectForm->slotLayer->value = "y0 drawing"
\r "y0 drawing"
\a leRectForm->slotLayer->value = "Cont drawing"
\r "Cont drawing"
\a leRectForm->slotLayer->value = "Cont drawing"
\r "Cont drawing"
\a leRectForm->slotLayer->value = "y0 drawing"
\r "y0 drawing"
\r t
\a mouseAddPt(t)
\i 0.7205:-1.984
\r t
\a mouseAddPt(t)
\i 1.5195:-1.2975
\r t
\a cancelEnterFun()
\r t
\r nil
\a leHiSave()
\r t
\a vuiDRCRun()
\o 
\o Loading tech rule set file : /comelec/softs/opt/opus_kits/CADENCE_PDKS/gpdk045_v_4_0/assura/techRuleSets
\o 
\o Loading tech rule set file : /comelec/softs/opt/opus_kits/CADENCE_PDKS/gpdk045_v_4_0/assura/techRuleSets
\o 
\o Loading tech rule set file : /comelec/softs/opt/opus_kits/CADENCE_PDKS/gpdk045_v_4_0/assura/techRuleSets
\o 
\o Loading tech rule set file : /comelec/softs/opt/opus_kits/CADENCE_PDKS/gpdk045_v_4_0/assura/techRuleSets
\o 
\o Loading tech rule set file : /comelec/softs/opt/opus_kits/CADENCE_PDKS/gpdk045_v_4_0/assura/techRuleSets
\o Assura DRC: State loaded "Last"
\p > 
\a hiiSetCurrentForm('vuiDRCForm)
\r t
\a hiFormDone(vuiDRCForm)
\o Assura DRC: State saved "Last"
\p > 
\a hiDBoxOK(filexistDBox)
\r t
\w *WARNING* A new Assura job cannot be started when a run is currently active.
\w Do you want to stop viewing the current job and continue?
\w 
\p > 
\a hiDBoxOK(vuiDBox)
\r t
\o Checking in license for "Phys_Ver_Sys_Results_Mgr"
\o 
\o Loading tech rule set file : /comelec/softs/opt/opus_kits/CADENCE_PDKS/gpdk045_v_4_0/assura/techRuleSets
\o 
\o Loading tech rule set file : /comelec/softs/opt/opus_kits/CADENCE_PDKS/gpdk045_v_4_0/assura/techRuleSets
\o 
\o Loading tech rule set file : /comelec/softs/opt/opus_kits/CADENCE_PDKS/gpdk045_v_4_0/assura/techRuleSets
\o 
\o Loading tech rule set file : /comelec/softs/opt/opus_kits/CADENCE_PDKS/gpdk045_v_4_0/assura/techRuleSets
\o 
\o Loading tech rule set file : /comelec/softs/opt/opus_kits/CADENCE_PDKS/gpdk045_v_4_0/assura/techRuleSets
\o Compiling rules...
\o 
\o function switchProc0 redefined
\o function switchProc1 redefined
\o function switchProc2 redefined
\o function switchProc3 redefined
\o function switchProc4 redefined
\o function switchProc5 redefined
\o function switchProc6 redefined
\o function switchProc7 redefined
\o function switchProc8 redefined
\o function switchProc9 redefined
\o function switchProc10 redefined
\o function switchProc11 redefined
\o function switchProc12 redefined
\o function switchProc13 redefined
\o function switchProc14 redefined
\o function switchProc15 redefined
\o function switchProc16 redefined
\o function switchProc17 redefined
\o function switchProc18 redefined
\o function switchProc19 redefined
\o function switchProc20 redefined
\o function switchProc21 redefined
\o function switchProc22 redefined
\o function switchProc23 redefined
\o function switchProc24 redefined
\o function switchProc25 redefined
\o function switchProc26 redefined
\o function switchProc27 redefined
\o function switchProc28 redefined
\o function switchProc29 redefined
\o function switchProc30 redefined
\o function switchProc31 redefined
\o function switchProc32 redefined
\o function switchProc33 redefined
\o function switchProc34 redefined
\o function switchProc35 redefined
\o function switchProc36 redefined
\o function switchProc37 redefined
\o function switchProc38 redefined
\o function switchProc39 redefined
\o function switchProc40 redefined
\o 
\o 
\o Host is 
\o cmd  is /comelec/softs/opt/Cadence/releases/ASSURA41_617/tools.lnx86/assura/bin/assura /cal/exterieurs/afonlupt-25/afonlupt/projetCD2IC/DRC/TSPCFF.rsf -cdslib /cal/exterieurs/afonlupt-25/afonlupt/projetCD2IC/cds.lib -restart -gui
\o Starting the Assura DRC Run: IPC Id ipc:18: pid 949707.
\r t
\r t
\p > 
\a hiDBoxOK(vuiDBox)
\r t
\o Checking out license for "Assura_UI"
\o Checking out license for "Phys_Ver_Sys_Results_Mgr"
\a vuiELWResize( list(254:87 1436:362))
\r t
\a mouseSingleSelectPt()
\i 0.62:-1.735
\r nil
\a hiZoomOutAtMouse()
\i 0.65:-1.79
\r t
\a hiZoomOutAtMouse()
\i 0.785:-1.915
\r t
\a hiZoomInAtMouse()
\i 0.54:-1.365
\r t
\a hiResizeWindow(swindow(2) list(1320:-109 2257:842))
\r t
\a hiResizeWindow(swindow(2) list(987:55 1924:1006))
\r t
\a hiSetCurrentWindow(window(2))
\r t
\a _ciBrowserReplay_deselectAll(dwindow('ciManager1))
\r t
\a hiResizeWindow(swindow(2) list(-5:-5 1915:1024))
\r t
\a hiSetCurrentWindow(window(3))
\r t
\a _vbAssistantReplay_treeEvent(dwindow('annotationBrowser2) "toggleAllVisibilityState")
\r t
\a _vbAssistantReplay_treeEvent(dwindow('annotationBrowser2) "sortAscendant = BBox")
\r t
\a hiZoomOutAtMouse()
\i 2.38:-0.94
\r t
\a hiDynamicPanGrabbing()
\i 2.469:-0.5625
\p > 
\a addPoint(hiGetCommandPoint())
\i 2.469:-0.5625
\a hiZoomIn(window(3) list(-0.8435:-3.0545 6.9025:1.0475))
\r t
\r t
\r t
\a hiZoomInAtMouse()
\i 2.27:-0.625
\r t
\a leSelBoxOrStretch()
\i 1.85:-1.57
\i 1.85:-1.57
\p > 
\a addPoint(hiGetCommandPoint())
\i 1.955:-0.565
\r t
\r t
\a mouseSingleSelectPt()
\i 1.955:-1.36
\r t
\a leSelBoxOrStretch()
\i 2.115:-1.365
\a leMoveForm->leMoveFormLayerField->value = "As Is"
\r "As Is"
\i 2.115:-1.365
\p > 
\a leHiMove()
\a leMoveForm->leMoveFormLayerField->value = "As Is"
\r "As Is"
\r t
\a addPoint(hiGetCommandPoint())
\i 2.125:-0.88
\r t
\a mouseAddPt(t)
\i 1.763:0.074
\r t
\r t
\a hiZoomOutAtMouse()
\i 1.33:-0.545
\r t
\a hiZoomOutAtMouse()
\i 1.33:-0.54
\r t
\a hiZoomInAtMouse()
\i 2.795:-1.46
\r t
\a hiZoomInAtMouse()
\i 2.795:-1.46
\r t
\a hiZoomInAtMouse()
\i 2.795:-1.46
\r t
\a hiZoomInAtMouse()
\i 2.795:-1.46
\r t
\a hiDynamicPanGrabbing()
\i 2.6815:-1.355
\p > 
\a addPoint(hiGetCommandPoint())
\i 2.6815:-1.3555
\a hiZoomIn(window(3) list(2.124:-1.334 3.0925:-0.821))
\r t
\r t
\r t
\a hiZoomInAtMouse()
\i 2.63:-1.28
\r t
\a hiZoomOutAtMouse()
\i 2.625:-1.26
\r t
\a hiZoomOutAtMouse()
\i 2.63:-1.255
\r t
\a hiZoomOutAtMouse()
\i 2.72:-1.18
\r t
\a hiZoomOutAtMouse()
\i 2.72:-1.175
\r t
\a hiZoomInAtMouse()
\i 2.08:-1.06
\r t
\a hiZoomInAtMouse()
\i 2.08:-1.06
\r t
\a hiDynamicPanGrabbing()
\i 1.4505:-0.9195
\p > 
\a addPoint(hiGetCommandPoint())
\i 1.4505:-0.9195
\a hiZoomIn(window(3) list(1.0345:-1.2575 2.973:-0.231))
\r t
\r t
\r t
\a leSelBoxOrStretch()
\i 1.575:-0.4
\a leMoveForm->leMoveFormLayerField->value = "As Is"
\r "As Is"
\i 1.575:-0.4
\p > 
\a addPoint(hiGetCommandPoint())
\i 1.67:-0.405
\r t
\r t
\a hiDynamicPanGrabbing()
\i 1.6405:-0.9845
\p > 
\a addPoint(hiGetCommandPoint())
\i 1.6405:-0.9845
\r t
\r t
\a hiZoomIn(window(3) list(1.204:-1.7125 3.1425:-0.686))
\r t
\a leSelBoxOrStretch()
\i 2.5:-1.09
\i 2.5:-1.09
\p > 
\a addPoint(hiGetCommandPoint())
\i 2.16:-1.115
\r t
\r t
\a hiZoomInAtMouse()
\i 1.855:-1.105
\r t
\a hiZoomInAtMouse()
\i 1.855:-1.105
\r t
\a hiZoomOutAtMouse()
\i 1.855:-1.105
\r t
\a hiZoomOutAtMouse()
\i 1.855:-1.105
\r t
\a hiZoomOutAtMouse()
\i 1.85:-1.105
\r t
\a hiZoomOutAtMouse()
\i 1.855:-1.1
\r t
\a mouseSingleSelectPt()
\i 1.92:-1.515
\r nil
\a mouseSingleSelectPt()
\i 1.95:-1.6
\r nil
\a mouseSingleSelectPt()
\i 1.985:-1.645
\r nil
\a mouseSingleSelectPt()
\i 2.405:-2.105
\r t
\a leSelBoxOrStretch()
\i 2.355:-2.02
\a leMoveForm->leMoveFormLayerField->value = "As Is"
\r "As Is"
\i 2.355:-2.02
\p > 
\a addPoint(hiGetCommandPoint())
\i 1.69:-1.215
\r t
\r t
\a leSelBoxOrStretch()
\i 0.345:-0.23
\i 0.345:-0.23
\p > 
\a addPoint(hiGetCommandPoint())
\i 0.45:-0.545
\r t
\r t
\a leSelBoxOrStretch()
\i 3.115:-1.175
\i 3.115:-1.175
\p > 
\a addPoint(hiGetCommandPoint())
\i 1.44:-1
\r t
\r t
\a mouseSingleSelectPt()
\i 3.115:-1.06
\r t
\a leSelBoxOrStretch()
\i 3.15:-1.16
\a leMoveForm->leMoveFormLayerField->value = "As Is"
\r "As Is"
\i 3.15:-1.16
\p > 
\a addPoint(hiGetCommandPoint())
\i 3.125:-0.425
\r t
\r t
\a leSelBoxOrStretch()
\i 0.34:-0.27
\i 0.34:-0.27
\p > 
\a addPoint(hiGetCommandPoint())
\i 0.17:-0.225
\r t
\r t
\a leSelBoxOrStretch()
\i 1.725:-1.175
\i 1.725:-1.175
\p > 
\a addPoint(hiGetCommandPoint())
\i 1.6:-1.205
\r t
\r t
\a mouseSingleSelectPt()
\i 0.24:-0.365
\r t
\a leSelBoxOrStretch()
\i 0.23:-0.375
\a leMoveForm->leMoveFormLayerField->value = "As Is"
\r "As Is"
\i 0.23:-0.375
\p > 
\a addPoint(hiGetCommandPoint())
\i 1.87:-0.93
\r t
\r t
\a leSelBoxOrStretch()
\i 0.34:-0.24
\i 0.34:-0.24
\p > 
\a addPoint(hiGetCommandPoint())
\i 0.5:-0.285
\r t
\r t
\a leSelBoxOrStretch()
\i 0.31:-0.24
\i 0.31:-0.24
\p > 
\a addPoint(hiGetCommandPoint())
\i 0.33:-0.365
\r t
\r t
\a mouseSingleSelectPt()
\i 0.36:-0.28
\r t
\a leSelBoxOrStretch()
\i 0.335:-0.26
\a leMoveForm->leMoveFormLayerField->value = "As Is"
\r "As Is"
\i 0.335:-0.26
\p > 
\a addPoint(hiGetCommandPoint())
\i -0.405:-0.315
\r t
\r t
\a hiDynamicPanGrabbing()
\i 3.657:-1.55
\p > 
\a addPoint(hiGetCommandPoint())
\i 3.6575:-1.55
\a hiZoomIn(window(3) list(-0.6305:-3.0475 7.1375:1.0665))
\r t
\r t
\r t
\a leSelBoxOrStretch()
\i 3.045:-0.395
\i 3.045:-0.395
\p > 
\a addPoint(hiGetCommandPoint())
\i 2.8:-0.545
\r t
\r t
\a mouseSingleSelectPt()
\i 3.08:-0.41
\r t
\a leSelBoxOrStretch()
\i 3.075:-0.46
\a leMoveForm->leMoveFormLayerField->value = "As Is"
\r "As Is"
\i 3.075:-0.46
\p > 
\a addPoint(hiGetCommandPoint())
\i 2.545:-0.61
\r t
\r t
\a mouseSingleSelectPt()
\i -0.075:-0.805
\r t
\a leSelBoxOrStretch()
\i -0.105:-0.925
\a leMoveForm->leMoveFormLayerField->value = "As Is"
\r "As Is"
\i -0.105:-0.925
\p > 
\a addPoint(hiGetCommandPoint())
\i 1.015:-0.86
\r t
\r t
\a hiZoomInAtMouse()
\i 1.35:-1.02
\r t
\a leSelBoxOrStretch()
\i 1.195:-0.925
\a leMoveForm->leMoveFormLayerField->value = "As Is"
\r "As Is"
\i 1.195:-0.925
\p > 
\a addPoint(hiGetCommandPoint())
\i 0.705:-0.505
\r t
\r t
\a leSelBoxOrStretch()
\i 1.14:-1.435
\i 1.14:-1.435
\p > 
\a addPoint(hiGetCommandPoint())
\i 0.98:-1.295
\r t
\r t
\a leSelBoxOrStretch()
\i 1.11:-1.44
\i 1.11:-1.44
\p > 
\a addPoint(hiGetCommandPoint())
\i 0.98:-1.34
\r t
\r t
\a mouseSingleSelectPt()
\i 1.185:-1.395
\r t
\a mouseSingleSelectPt()
\i 1.21:-1.28
\r t
\a mouseSingleSelectPt()
\i 1.36:-1.31
\r t
\a mouseSingleSelectPt()
\i 1.395:-1.305
\r t
\a leHiDelete()
\r t
\a leSelBoxOrStretch()
\i 1.335:-1.39
\i 1.335:-1.39
\p > 
\a addPoint(hiGetCommandPoint())
\i 1.225:-1.35
\r t
\r t
\a leHiMove()
\a leMoveForm->leMoveFormLayerField->value = "As Is"
\r "As Is"
\p > 
\a geSingleSelectBox()
\i 1.31:-1.34
\p > 
\a addPoint(hiGetCommandPoint())
\i 1.03:-1.115
\r t
\r nil
\a mouseAddPt(t)
\i 1.272:-1.357
\r t
\a leHiMove()
\a leMoveForm->leMoveFormLayerField->value = "As Is"
\r "As Is"
\r t
\a geSingleSelectBox()
\i 1.31:-1.405
\p > 
\a addPoint(hiGetCommandPoint())
\i 1.08:-1.205
\r t
\r nil
\a mouseAddPt(t)
\i 1.262:-1.372
\r t
\a leHiMove()
\a leMoveForm->leMoveFormLayerField->value = "As Is"
\r "As Is"
\r t
\a geSingleSelectBox()
\i 1.215:-1.355
\p > 
\a addPoint(hiGetCommandPoint())
\i 0.685:-1.075
\r t
\r nil
\a geSingleSelectBox()
\i 1.26:-1.425
\p > 
\a addPoint(hiGetCommandPoint())
\i 0.895:-1.17
\r t
\r nil
\a mouseAddPt(t)
\i 1.2415:-1.3745
\r t
\a hiZoomOutAtMouse()
\i 0.905:-0.985
\r t
\a hiZoomOutAtMouse()
\i 0.905:-0.985
\r t
\a hiZoomInAtMouse()
\i 0.72:-1
\r t
\a hiZoomInAtMouse()
\i 0.72:-1.005
\r t
\a mouseAddPt(t)
\i 0.745:-0.859
\r t
\a _cmdOptionDrawThru2()
\i 0.7295:-1.5775
\p > 
\a addPoint(hiGetCommandPoint())
\i 0.7295:-1.5745
\a hiZoomIn(window(3) list(-0.3055:-2.3565 3.579:-0.2995))
\r t
\r t
\r nil
\a mouseAddPt(t)
\i -0.1395:-1.6795
\r t
\a mouseAddPt(t)
\i 0.157:-0.3965
\r t
\a hiZoomOutAtMouse()
\i 1.11:-1.55
\r t
\a hiZoomOutAtMouse()
\i 1.11:-1.55
\r t
\a hiZoomOutAtMouse()
\i 1.11:-1.545
\r t
\a hiZoomInAtMouse()
\i 2.215:-6.76
\r t
\a hiZoomInAtMouse()
\i 2.215:-6.72
\r t
\a hiZoomInAtMouse()
\i 2.215:-6.63
\r t
\a hiZoomOutAtMouse()
\i 1.755:-5.62
\r t
\a hiZoomOutAtMouse()
\i 1.75:-5.625
\r t
\a hiZoomOutAtMouse()
\i 1.75:-5.625
\r t
\a hiZoomInAtMouse()
\i 1.32:-0.795
\r t
\a hiZoomInAtMouse()
\i 1.32:-0.795
\r t
\a mouseAddPt(t)
\i 0.87:-3.1215
\r t
\a mouseAddPt(t)
\i 1.008:-0.9995
\r t
\a _cmdOptionDrawThru2()
\i 2.675:-3.203
\p > 
\a addPoint(hiGetCommandPoint())
\i 2.675:-3.203
\a hiZoomIn(window(3) list(0.0265:-3.5405 7.7985:0.5755))
\r t
\r t
\r nil
\a mouseAddPt(t)
\i 1.6885:-1.2295
\r t
\a mouseAddPt(t)
\i 1.7545:-1.0195
\r t
\a _cmdOptionDrawThru2()
\i 4.245:-0.989
\p > 
\a addPoint(hiGetCommandPoint())
\i 4.245:-0.989
\a hiZoomIn(window(3) list(-0.7405:-3.0805 7.0315:1.0355))
\r t
\r t
\r nil
\a mouseAddPt(t)
\i 0.047:-0.437
\r t
\a mouseAddPt(t)
\i -0.449:-0.309
\r t
\a mouseAddPt(t)
\i 2.435:-0.5395
\r t
\a mouseAddPt(t)
\i 4.1475:-0.519
\r t
\a mouseAddPt(t)
\i 2.772:-2.7125
\r t
\a mouseAddPt(t)
\i 4.2855:-1.3525
\r t
\a mouseAddPt(t)
\i 3.2425:-2.6
\r t
\a mouseAddPt(t)
\i 4.8735:-1.255
\r t
\a mouseAddPt(t)
\i 1.7345:-2.416
\r t
\a mouseAddPt(t)
\i 3.672:-1.3265
\r t
\a mouseAddPt(t)
\i 1.5145:-3.0245
\r t
\a mouseAddPt(t)
\i 3.1355:-1.2195
\r t
\a _cmdOptionDrawThru2()
\i 3.7795:-1.9095
\p > 
\a addPoint(hiGetCommandPoint())
\i 3.779:-1.9095
\a hiZoomIn(window(3) list(0.2255:-2.743 7.9975:1.373))
\r t
\r t
\r nil
\a hiZoomInAtMouse()
\i 2.645:-1.48
\r t
\a mouseAddPt(t)
\i 2.489:-1.112
\r t
\a mouseAddPt(t)
\i 3.1815:-0.5905
\r t
\a mouseAddPt(t)
\i 1.842:-1.071
\r t
\a mouseAddPt(t)
\i 3.772:-0.6005
\r t
\a mouseAddPt(t)
\i 4.2835:-1.2295
\r t
\a mouseAddPt(t)
\i 4.2555:-0.979
\r t
\a mouseAddPt(t)
\i 3.9155:-1.214
\r t
\a mouseAddPt(t)
\i 3.9385:-1.0095
\r t
\a mouseAddPt(t)
\i 4.9075:-1.2115
\r t
\a mouseAddPt(t)
\i 4.828:-0.984
\r t
\a mouseAddPt(t)
\i 3.087:-1.2885
\r t
\a mouseAddPt(t)
\i 3.077:-1.104
\r t
\a hiZoomOutAtMouse()
\i 3.03:-1.675
\r t
\a hiZoomOutAtMouse()
\i 1.625:-1.695
\r t
\a hiZoomInAtMouse()
\i 2.455:-1.835
\r t
\a hiZoomInAtMouse()
\i 2.49:-1.825
\r t
\a hiZoomOutAtMouse()
\i 1.855:-1.285
\r t
\a mouseAddPt(t)
\i 1.203:-0.9695
\r t
\a mouseAddPt(t)
\i 2.6755:-1.0975
\r t
\a hiZoomOutAtMouse()
\i 2.385:-1.325
\r t
\a hiZoomInAtMouse()
\i 1.32:-1.195
\r t
\a mouseAddPt(t)
\i 0.5835:-0.9555
\r t
\a mouseAddPt(t)
\i 2.01:-1.0375
\r t
\a _cmdOptionDrawThru2()
\i 1.3145:-1.3085
\p > 
\a addPoint(hiGetCommandPoint())
\i 1.3145:-1.3085
\a hiZoomIn(window(3) list(-0.6335:-2.8885 7.1385:1.2275))
\r t
\r t
\r nil
\a mouseAddPt(t)
\i -0.383:-0.429
\r t
\a mouseAddPt(t)
\i 0.057:-0.511
\r t
\a geSingleSelectBox()
\i 5.885:-1.895
\p > 
\a addPoint(hiGetCommandPoint())
\i 1.93:-0.235
\r t
\r t
\a mouseAddPt(t)
\i 2.823:-1.1605
\r t
\a mouseAddPt(t)
\i 1.785:-1.1195
\r t
\a mouseAddPt(t)
\i 1.9025:-1.2625
\r t
\a mouseAddPt(t)
\i 0.839:-1.242
\r t
\a geSingleSelectBox()
\i 4.315:-1.455
\p > 
\a addPoint(hiGetCommandPoint())
\i 0.55:-0.775
\r t
\r t
\a mouseAddPt(t)
\i 0.9465:-1.053
\r t
\a mouseAddPt(t)
\i 0.3635:-0.9965
\r t
\a mouseAddPt(t)
\i 1.8925:-2.05
\r t
\a geSingleSelectBox()
\i 4.155:-1.775
\p > 
\a addPoint(hiGetCommandPoint())
\i 4.78:-1.655
\r t
\r nil
\a hiZoomInAtMouse()
\i -0.435:-0.425
\r t
\a mouseAddPt(t)
\i 0.074:-0.4245
\r t
\a mouseAddPt(t)
\i -0.1405:-0.9105
\r t
\a mouseAddPt(t)
\i 0.082:-0.3555
\r t
\a _cmdOptionDrawThru2()
\i 2.836:-1.138
\p > 
\a addPoint(hiGetCommandPoint())
\i 2.8355:-1.138
\a hiZoomIn(window(3) list(1.598:-1.7825 5.4845:0.276))
\r t
\r t
\r nil
\a mouseAddPt(t)
\i 3.756:-0.476
\r t
\a _cmdOptionDrawThru2()
\i 4.1425:-0.9745
\p > 
\a addPoint(hiGetCommandPoint())
\i 4.1425:-0.974
\a hiZoomIn(window(3) list(0.5345:-1.836 4.421:0.2225))
\r t
\r t
\r nil
\a _cmdOptionDrawThru2()
\i 2.396:-0.7875
\p > 
\a addPoint(hiGetCommandPoint())
\i 2.396:-0.7875
\a hiZoomIn(window(3) list(-0.969:-1.5315 2.9175:0.527))
\r t
\r t
\r nil
\a mouseAddPt(t)
\i 0.0895:-0.248
\r t
\a _cmdOptionDrawThru2()
\i 0.1205:-1.5085
\p > 
\a addPoint(hiGetCommandPoint())
\i 0.1205:-1.5085
\a hiZoomIn(window(3) list(-0.8335:-2.539 3.053:-0.4805))
\r t
\r t
\r nil
\a mouseAddPt(t)
\i 0.1305:-1.5875
\r t
\a _cmdOptionDrawThru2()
\i 0.678:-1.511
\p > 
\a addPoint(hiGetCommandPoint())
\i 0.6775:-1.5115
\a hiZoomIn(window(3) list(-0.913:-2.409 2.9735:-0.3505))
\r t
\r t
\r nil
\a mouseAddPt(t)
\i 0.128:-1.5905
\r t
\a leHiEditProp()
\r t
\a geiPlInvokePlistAction("editorNum0" "done")
\r t
\a mouseAddPt(t)
\i 0.867:-1.872
\r t
\a _cmdOptionDrawThru2()
\i 1.4705:-1.399
\p > 
\a addPoint(hiGetCommandPoint())
\i 1.47:-1.396
\a hiZoomIn(window(3) list(-0.619:-2.245 3.2675:-0.1865))
\r t
\r t
\r nil
\a cmdOption()
\r t
\a hiZoomOutAtMouse()
\i 0.29:-1.13
\r t
\a mouseAddPt(t)
\i -0.4085:-0.322
\r t
\a leHiEditProp()
\r t
\a geiPlInvokePlistAction("editorNum0" "cancel")
\r t
\a mouseAddPt(t)
\i 3.862:-0.946
\r t
\a mouseAddPt(t)
\i 0.195:-0.2555
\r t
\a leHiEditProp()
\r t
\a geiPlInvokePlistAction("editorNum0" "cancel")
\r t
\a leHiEditProp()
\r t
\a geiPlInvokePlistAction("editorNum0" "cancel")
\r t
\a mouseAddPt(t)
\i 0.87:-0.153
\r t
\a mouseAddPt(t)
\i 1.2485:-2.1275
\r t
\a mouseAddPt(t)
\i -0.1935:-0.982
\r t
\a mouseAddPt(t)
\i 0.0825:-0.4805
\r t
\a mouseAddPt(t)
\i 0.052:-0.4855
\r t
\a cancelEnterFun()
\r t
\r nil
\a mouseSingleSelectPt()
\i -0.045:-0.5
\r t
\a leHiEditProp()
\r t
\a geiPlInvokePlistAction("editorNum0" "cancel")
\r t
\a hiZoomOutAtMouse()
\i 1.01:-2.395
\r t
\a mouseSingleSelectPt()
\i 3.46:1.045
\r nil
\a hiZoomInAtMouse()
\i 0.68:-0.795
\r t
\a hiZoomInAtMouse()
\i 0.68:-0.795
\r t
\a hiZoomOutAtMouse()
\i 0.73:-0.505
\r t
\a hiZoomInAtMouse()
\i 0.875:-0.98
\r t
\a hiResizeWindow(swindow(2) list(1076:15 2013:966))
\r t
\a hiSetCurrentWindow(window(2))
\r t
\a hiSetCurrentWindow(window(3))
\r t
\a hiResizeWindow(swindow(2) list(614:33 1551:984))
\r t
\a hiResizeWindow(swindow(2) list(-5:-5 1915:1024))
\r t
\a hiZoomOutAtMouse()
\i 0.85:-0.48
\r t
\a hiZoomInAtMouse()
\i 0.85:-0.48
\r t
\a hiZoomOutAtMouse()
\i 0.85:-0.48
\r t
\a hiZoomInAtMouse()
\i 4.23:-1.28
\r t
\a hiZoomOutAtMouse()
\i 4.23:-1.28
\r t
\a leHiCreateInst()
\p > 
\a leCreateInstForm->libName->value="gsclib045_tech"
\r "gsclib045_tech"
\a leCreateInstForm->cellName->value="cellTmpl"
\o Loading cdf.cxt 
\r "cellTmpl"
\a mouseAddPt(t)
\i 4.1525:-1.913
\r t
\a cancelEnterFun()
\r t
\r nil
\a leHiEditProp()
\r t
\a mouseSingleSelectPt()
\i 4.76:-0.78
\r t
\a leHiEditProp()
\r t
\a geiPlSetPropValue("editorNum0" "attribute" "Origin:  X" "double" 0)
\r t
\a geiPlSetPropValue("editorNum0" "attribute" "Y" "double" 0)
\r t
\a geiPlChangePlistCategory("editorNum0" "parameter")
\r t
\a geiPlSetPropValue("editorNum0" "parameter" "width" "float" 3)
\r t
\a geiPlInvokePlistAction("editorNum0" "done")
\r t
\a hiDynamicPanGrabbing()
\i 4.004:-0.138
\p > 
\a addPoint(hiGetCommandPoint())
\i 4.004:-0.1385
\a hiZoomIn(window(3) list(-2.072:-2.0255 5.702:2.0915))
\r t
\r t
\r t
\a leSelBoxOrStretch()
\i 0.005:-0.5
\i 0.005:-0.5
\p > 
\a addPoint(hiGetCommandPoint())
\i -0.415:-0.625
\r t
\r t
\a mouseSingleSelectPt()
\i 0.295:-0.62
\r t
\a mouseSingleSelectPt()
\i 0.14:-0.45
\r t
\a leSelBoxOrStretch()
\i 0.105:-0.395
\a leMoveForm->leMoveFormLayerField->value = "As Is"
\r "As Is"
\i 0.105:-0.395
\p > 
\a addPoint(hiGetCommandPoint())
\i 0.115:-0.43
\r t
\r t
\a leSelBoxOrStretch()
\i 3.95:-1.485
\i 3.95:-1.485
\p > 
\a addPoint(hiGetCommandPoint())
\i -0.39:-0.125
\r t
\r t
\a leSelBoxOrStretch()
\i 0.145:-0.415
\a leMoveForm->leMoveFormLayerField->value = "As Is"
\r "As Is"
\i 0.145:-0.415
\p > 
\a addPoint(hiGetCommandPoint())
\i -0.235:1.19
\r t
\r t
\a mouseSingleSelectPt()
\i 4.075:0.53
\r nil
\a hiZoomInAtMouse()
\i 0.875:1.085
\r t
\a hiZoomInAtMouse()
\i 0.875:1.085
\r t
\a hiDynamicPanGrabbing()
\i 1.0575:0.8725
\p > 
\a addPoint(hiGetCommandPoint())
\i 1.0575:0.873
\a hiZoomIn(window(3) list(-0.0775:0.439 1.8675:1.469))
\r t
\r t
\r t
\a leSelBoxOrStretch()
\i 0.76:1.075
\i 0.76:1.075
\p > 
\a addPoint(hiGetCommandPoint())
\i 0.865:1.07
\r t
\r t
\a mouseSingleSelectPt()
\i 0.805:1.05
\r t
\a leSelBoxOrStretch()
\i 0.82:1.05
\a leMoveForm->leMoveFormLayerField->value = "As Is"
\r "As Is"
\i 0.82:1.05
\p > 
\a addPoint(hiGetCommandPoint())
\i 0.84:1.05
\r t
\r t
\a mouseSingleSelectPt()
\i 0.275:1.125
\r t
\a hiZoomOutAtMouse()
\i 0.19:0.815
\r t
\a hiZoomOutAtMouse()
\i 0.205:0.825
\r t
\a hiZoomOutAtMouse()
\i 0.205:0.82
\r t
\a hiZoomInAtMouse()
\i -0.44:0.22
\r t
\a hiZoomInAtMouse()
\i -0.44:0.22
\r t
\a pteSetVisible("Pimp drawing" nil "Layers")
\r t
\a pteSetVisible("Nimp drawing" nil "Layers")
\r t
\a hiDynamicPanGrabbing()
\i 0.968:0.3885
\p > 
\a addPoint(hiGetCommandPoint())
\i 0.968:0.388
\a hiZoomIn(window(3) list(-0.133:-0.1495 3.7585:1.9115))
\r t
\r t
\r t
\a leSelBoxOrStretch()
\i 0.855:1.06
\i 0.855:1.06
\p > 
\a addPoint(hiGetCommandPoint())
\i 0.98:1.055
\r t
\r t
\a mouseSingleSelectPt()
\i 0.925:1.035
\r t
\a leSelBoxOrStretch()
\i 0.93:0.98
\a leMoveForm->leMoveFormLayerField->value = "As Is"
\r "As Is"
\i 0.93:0.98
\p > 
\a addPoint(hiGetCommandPoint())
\i 0.99:0.97
\r t
\r t
\a mouseAddSelectPt()
\i 0.29:1.065
\r t
\a leHiMove()
\a leMoveForm->leMoveFormLayerField->value = "As Is"
\r "As Is"
\p > 
\a mouseAddPt(t)
\i 0.4275:1.092
\r t
\a mouseAddPt(t)
\i 0.379:1.1155
\r t
\r t
\a mouseSingleSelectPt()
\i 0.73:1.105
\r t
\a mouseSingleSelectPt()
\i 0.795:1.215
\r t
\a leHiMove()
\a leMoveForm->leMoveFormLayerField->value = "As Is"
\r "As Is"
\p > 
\a geSingleSelectBox()
\i 0.765:1.12
\p > 
\a addPoint(hiGetCommandPoint())
\i 0.64:1.1
\r t
\r nil
\a geSingleSelectBox()
\i 0.62:1.085
\p > 
\a addPoint(hiGetCommandPoint())
\i 0.525:1.06
\r t
\r nil
\a mouseAddPt(t)
\i 0.63:1.0845
\r t
\a hiZoomInAtMouse()
\i 0.295:1.095
\r t
\a hiZoomInAtMouse()
\i 0.295:1.095
\r t
\a hiZoomInAtMouse()
\i 0.295:1.095
\r t
\a mouseAddPt(t)
\i 0.287:1.094
\r t
\o INFO (LX-1102): Instance 'Mmp3' abutted to instance 'Mmp5'.
\a hiZoomInAtMouse()
\i 0.42:1.065
\r t
\a hiZoomInAtMouse()
\i 0.42:1.065
\r t
\a hiZoomInAtMouse()
\i 0.42:1.065
\r t
\a hiZoomInAtMouse()
\i 0.42:1.065
\r t
\a hiZoomOutAtMouse()
\i 0.42:1.065
\r t
\a hiZoomOutAtMouse()
\i 0.42:1.065
\r t
\a hiZoomOutAtMouse()
\i 0.42:1.065
\r t
\a hiZoomOutAtMouse()
\i 0.42:1.07
\r t
\a hiZoomOutAtMouse()
\i 0.42:1.07
\r t
\a hiZoomOutAtMouse()
\i 0.425:1.07
\r t
\a hiZoomOutAtMouse()
\i 0.425:1.065
\r t
\a hiZoomOutAtMouse()
\i 0.425:1.07
\r t
\a hiZoomInAtMouse()
\i 0.885:0.985
\r t
\a hiZoomInAtMouse()
\i 0.885:0.985
\r t
\a mouseAddPt(t)
\i 1.24:1.064
\r t
\a hiZoomOutAtMouse()
\i 0.465:1.07
\r t
\a mouseAddPt(t)
\i 1.161:1.0625
\r t
\a _cmdOptionDrawThru2()
\i 0.8:1.0785
\p > 
\a addPoint(hiGetCommandPoint())
\i 0.8005:1.0785
\a hiZoomIn(window(3) list(-0.6765:-0.113 3.2685:1.976))
\r t
\r t
\r nil
\a _cmdOptionDrawThru2()
\i 2.638:0.876
\p > 
\a addPoint(hiGetCommandPoint())
\i 2.6375:0.876
\a hiZoomIn(window(3) list(0.73:-0.0975 4.675:1.9915))
\r t
\r t
\r nil
\a hiZoomOutAtMouse()
\i 2.725:0.66
\r t
\a hiZoomInAtMouse()
\i 2.725:0.56
\r t
\a hiZoomInAtMouse()
\i 2.72:0.545
\r t
\a hiZoomInAtMouse()
\i 2.81:0.57
\r t
\a hiZoomInAtMouse()
\i 2.81:0.57
\r t
\a hiZoomOutAtMouse()
\i 2.82:0.61
\r t
\a _cmdOptionDrawThru2()
\i 2.6275:0.5255
\p > 
\a addPoint(hiGetCommandPoint())
\i 2.6275:0.5255
\a hiZoomIn(window(3) list(2.0225:0.3355 3.0105:0.8585))
\r t
\r t
\r nil
\a hiZoomOutAtMouse()
\i 2.235:0.45
\r t
\a hiZoomInAtMouse()
\i 2.235:0.455
\r t
\a hiZoomInAtMouse()
\i 2.19:0.485
\r t
\a hiZoomOutAtMouse()
\i 2.195:0.485
\r t
\a hiZoomOutAtMouse()
\i 2.19:0.485
\r t
\a _cmdOptionDrawThru2()
\i 2.1355:0.489
\p > 
\a addPoint(hiGetCommandPoint())
\i 2.135:0.4885
\a hiZoomIn(window(3) list(1.438:0.2255 3.419:1.2745))
\r t
\r t
\r nil
\a _cmdOptionDrawThru2()
\i 1.9905:0.568
\p > 
\a addPoint(hiGetCommandPoint())
\i 1.991:0.5685
\a hiZoomIn(window(3) list(0.942:0.2165 2.923:1.2655))
\r t
\r t
\r nil
\a _cmdOptionDrawThru2()
\i 1.609:0.421
\p > 
\a addPoint(hiGetCommandPoint())
\i 1.609:0.4215
\a hiZoomIn(window(3) list(0.522:0.145 2.503:1.194))
\r t
\r t
\r nil
\a _cmdOptionDrawThru2()
\i 1.149:0.411
\p > 
\a addPoint(hiGetCommandPoint())
\i 1.1485:0.411
\a hiZoomIn(window(3) list(0.1675:0.1085 2.1485:1.1575))
\r t
\r t
\r nil
\a hiZoomInAtMouse()
\i 1.15:0.41
\r t
\a hiZoomOutAtMouse()
\i 1.15:0.41
\r t
\a hiZoomOutAtMouse()
\i 1.15:0.41
\r t
\a hiZoomOutAtMouse()
\i 0.145:0.625
\r t
\a hiZoomInAtMouse()
\i 0.145:0.58
\r t
\a hiZoomInAtMouse()
\i 0.145:0.58
\r t
\a hiZoomInAtMouse()
\i 0.15:0.58
\r t
\a _cmdOptionDrawThru2()
\i 0.3205:0.5495
\p > 
\a addPoint(hiGetCommandPoint())
\i 0.3205:0.549
\a hiZoomIn(window(3) list(-0.1495:0.3175 0.843:0.843))
\r t
\r t
\r nil
\a mouseAddPt(t)
\i 0.717:0.5765
\r t
\a leHiCreateRect()
\a leRectForm->slotLayer->value = "y0 drawing"
\r "y0 drawing"
\a leRectForm->slotLayer->value = "y0 drawing"
\r "y0 drawing"
\r t
\a leHiCreateRect()
\a leRectForm->slotLayer->value = "y0 drawing"
\r "y0 drawing"
\a leRectForm->slotLayer->value = "y0 drawing"
\r "y0 drawing"
\r t
\a mouseAddPt(t)
\i 0.7025:0.568
\r t
\a mouseAddPt(t)
\i 0.6725:0.5245
\r t
\a mouseAddPt(t)
\i 0.6405:0.3435
\r t
\a mouseAddPt(t)
\i 0.522:0.3905
\r t
\a mouseAddPt(t)
\i 0.395:0.4335
\r t
\a mouseAddPt(t)
\i 0.4425:0.546
\r t
\a cancelEnterFun()
\r t
\r nil
\a mouseSingleSelectPt()
\i 0.425:0.445
\r t
\a leHiDelete()
\r t
\a mouseSingleSelectPt()
\i 0.54:0.37
\r t
\a leHiDelete()
\r t
\a mouseSingleSelectPt()
\i 0.7:0.525
\r t
\a leHiDelete()
\r t
\a mouseSingleSelectPt()
\i 0.64:0.595
\r t
\a _leRotateOrFlip("MY")
\r t
\a mouseSingleSelectPt()
\i 0.165:0.635
\r t
\a _leRotateOrFlip("MY")
\r t
\a leSelBoxOrStretch()
\i 0.195:0.575
\a leMoveForm->leMoveFormLayerField->value = "As Is"
\r "As Is"
\i 0.195:0.575
\p > 
\a addPoint(hiGetCommandPoint())
\i 0.545:0.585
\r t
\o INFO (LX-1102): Instance 'Xqinv|Mmn0' abutted to instance 'Mmn3'.
\r t
\a hiZoomInAtMouse()
\i 0.54:0.58
\r t
\a hiZoomInAtMouse()
\i 0.54:0.58
\r t
\a hiZoomInAtMouse()
\i 0.54:0.58
\r t
\a hiZoomInAtMouse()
\i 0.54:0.58
\r t
\a hiZoomOutAtMouse()
\i 0.54:0.58
\r t
\a hiZoomOutAtMouse()
\i 0.54:0.58
\r t
\a hiZoomOutAtMouse()
\i 0.54:0.58
\r t
\a hiZoomOutAtMouse()
\i 0.54:0.58
\r t
\a hiZoomOutAtMouse()
\i 0.545:0.56
\r t
\a hiZoomInAtMouse()
\i 0.545:0.555
\r t
\a hiZoomInAtMouse()
\i 0.545:0.555
\r t
\a hiZoomInAtMouse()
\i 0.545:0.555
\r t
\a hiZoomOutAtMouse()
\i 0.59:0.565
\r t
\a hiZoomOutAtMouse()
\i 0.595:0.56
\r t
\a hiZoomOutAtMouse()
\i 0.59:0.565
\r t
\a hiZoomOutAtMouse()
\i 0.345:0.42
\r t
\a hiDynamicPanGrabbing()
\i 0.723:0.35
\p > 
\a addPoint(hiGetCommandPoint())
\i 0.723:0.35
\r t
\r t
\a hiZoomIn(window(3) list(-0.6865:-0.3955 3.3185:1.7255))
\r t
\a hiZoomInAtMouse()
\i 1.4:0.33
\r t
\a hiZoomInAtMouse()
\i 1.23:0.57
\r t
\a mouseSingleSelectPt()
\i 1.265:0.55
\r t
\a leSelBoxOrStretch()
\i 1.27:0.545
\a leMoveForm->leMoveFormLayerField->value = "As Is"
\r "As Is"
\i 1.27:0.545
\p > 
\a addPoint(hiGetCommandPoint())
\i 1.325:0.395
\r t
\r t
\a _leRotateOrFlip("R90")
\r t
\a _leRotateOrFlip("R90")
\r t
\a leSelBoxOrStretch()
\i 1.315:0.38
\a leMoveForm->leMoveFormLayerField->value = "As Is"
\r "As Is"
\i 1.315:0.38
\p > 
\a addPoint(hiGetCommandPoint())
\i 1.65:0.55
\r t
\o INFO (LX-1102): Instance 'Mmn2' abutted to instance 'Xclkinv|Mmn0'.
\r t
\a hiZoomInAtMouse()
\i 1.715:0.58
\r t
\a hiZoomInAtMouse()
\i 1.715:0.58
\r t
\a hiZoomInAtMouse()
\i 1.715:0.58
\r t
\a hiZoomOutAtMouse()
\i 1.66:0.58
\r t
\a hiZoomOutAtMouse()
\i 1.665:0.57
\r t
\a hiZoomOutAtMouse()
\i 1.67:0.57
\r t
\a hiZoomOutAtMouse()
\i 1.67:0.57
\r t
\a hiZoomOutAtMouse()
\i 1.67:0.565
\r t
\a mouseSingleSelectPt()
\i 1.945:0.225
\r t
\a leSelBoxOrStretch()
\i 2.115:0.355
\a leMoveForm->leMoveFormLayerField->value = "As Is"
\r "As Is"
\i 2.115:0.355
\p > 
\a addPoint(hiGetCommandPoint())
\i 1.515:0.475
\r t
\r t
\a hiZoomRelativeScale(hiGetCurrentWindow() 2.0)
\r t
\a hiDynamicPanGrabbing()
\i 2.2515:0.3665
\p > 
\a addPoint(hiGetCommandPoint())
\i 2.2515:0.3665
\a hiZoomIn(window(3) list(1.129:0.041 3.1315:1.1015))
\r t
\r t
\r t
\a hiZoomOutAtMouse()
\i 1.35:0.545
\r t
\a hiZoomInAtMouse()
\i 1.385:0.55
\r t
\a hiZoomInAtMouse()
\i 1.385:0.55
\r t
\a hiZoomInAtMouse()
\i 1.385:0.55
\r t
\a hiZoomOutAtMouse()
\i 1.765:0.535
\r t
\a hiZoomOutAtMouse()
\i 1.765:0.53
\r t
\a hiDynamicPanGrabbing()
\i 1.868:0.3085
\p > 
\a addPoint(hiGetCommandPoint())
\i 1.868:0.3085
\a hiZoomIn(window(3) list(0.829:0.132 2.831:1.192))
\r t
\r t
\r t
\a hiZoomInAtMouse()
\i 2.535:0.665
\r t
\a hiZoomInAtMouse()
\i 2.535:0.665
\r t
\a hiZoomOutAtMouse()
\i 2.455:0.665
\r t
\a hiZoomOutAtMouse()
\i 2.455:0.665
\r t
\a hiZoomInAtMouse()
\i 1.335:0.68
\r t
\a hiZoomOutAtMouse()
\i 1.395:0.67
\r t
\a hiZoomOutAtMouse()
\i 1.47:0.665
\r t
\a hiZoomOutAtMouse()
\i 1.65:0.645
\r t
\a hiZoomInAtMouse()
\i 3.325:0.75
\r t
\a hiZoomInAtMouse()
\i 3.215:0.71
\r t
\a hiZoomInAtMouse()
\i 3.215:0.71
\r t
\a hiZoomOutAtMouse()
\i 3.185:0.59
\r t
\a mouseSingleSelectPt()
\i 2.775:0.585
\r t
\a leSelBoxOrStretch()
\i 2.795:0.66
\a leMoveForm->leMoveFormLayerField->value = "As Is"
\r "As Is"
\i 2.795:0.66
\p > 
\a addPoint(hiGetCommandPoint())
\i 2.415:0.665
\r t
\o INFO (LX-1102): Instance 'Mmn4' abutted to instance 'Mmn1'.
\r t
\a mouseSingleSelectPt()
\i 2.92:0.555
\r t
\a hiZoomOutAtMouse()
\i 2.65:0.58
\r t
\a hiZoomOutAtMouse()
\i 2.78:0.555
\r t
\a hiZoomInAtMouse()
\i 2.335:0.515
\r t
\a hiZoomInAtMouse()
\i 2.335:0.515
\r t
\a hiZoomInAtMouse()
\i 2.465:0.625
\r t
\a hiZoomOutAtMouse()
\i 2.845:0.645
\r t
\a hiZoomOutAtMouse()
\i 2.845:0.64
\r t
\a hiZoomOutAtMouse()
\i 1.38:0.375
\r t
\a hiZoomInAtMouse()
\i 1.895:0.485
\r t
\a hiZoomInAtMouse()
\i 1.895:0.485
\r t
\a hiZoomInAtMouse()
\i 1.875:0.96
\r t
\a hiZoomOutAtMouse()
\i 1.875:0.96
\r t
\a mouseSingleSelectPt()
\i 2.18:1.065
\r t
\a _leRotateOrFlip("R90")
\r t
\a _leRotateOrFlip("R90")
\r t
\a mouseSingleSelectPt()
\i 2.835:0.97
\r t
\a leSelBoxOrStretch()
\i 2.69:1.005
\a leMoveForm->leMoveFormLayerField->value = "As Is"
\r "As Is"
\i 2.69:1.005
\p > 
\a addPoint(hiGetCommandPoint())
\i 2.31:1.005
\r t
\o INFO (LX-1102): Instance 'Mmp1' abutted to instance 'Xclkinv|Mmp0'.
\r t
\a hiZoomInAtMouse()
\i 2.42:1.045
\r t
\a hiZoomInAtMouse()
\i 2.42:1.045
\r t
\a hiZoomInAtMouse()
\i 2.42:1.045
\r t
\a hiZoomOutAtMouse()
\i 2.435:1.03
\r t
\a hiZoomOutAtMouse()
\i 2.44:1.025
\r t
\a hiZoomOutAtMouse()
\i 2.44:1.03
\r t
\a hiZoomOutAtMouse()
\i 2.435:1.025
\r t
\a hiZoomInAtMouse()
\i 2.995:1
\r t
\a hiZoomInAtMouse()
\i 2.85:0.875
\r t
\a hiZoomOutAtMouse()
\i 2.785:0.855
\r t
\a hiZoomOutAtMouse()
\i 2.025:0.885
\r t
\a hiZoomOutAtMouse()
\i 1.455:0.95
\r t
\a hiZoomInAtMouse()
\i 1.145:0.88
\r t
\a mouseSingleSelectPt()
\i 1.28:1.025
\r t
\a swindow(2)->hiToolbars->lebOptionsToolbar_2->lebCae->checked=nil
\r nil
\a swindow(2)->hiToolbars->lebOptionsToolbar_2->lebCae->checked=t
\r t
\a swindow(2)->hiToolbars->lebOptionsToolbar_2->lebCae->checked=nil
\r nil
\a swindow(2)->hiToolbars->lebOptionsToolbar_2->lebCae->checked=t
\r t
\a _leRotateOrFlip("R90")
\r t
\a _leRotateOrFlip("R90")
\r t
\a leSelBoxOrStretch()
\i 1.175:1.025
\a leMoveForm->leMoveFormLayerField->value = "As Is"
\r "As Is"
\i 1.175:1.025
\p > 
\a addPoint(hiGetCommandPoint())
\i 1.215:1
\r t
\r t
\a hiZoomInAtMouse()
\i 1.775:1.05
\r t
\a hiZoomInAtMouse()
\i 1.775:1.05
\r t
\a hiZoomOutAtMouse()
\i 1.79:1.01
\r t
\a leSelBoxOrStretch()
\i 1.385:1.025
\a leMoveForm->leMoveFormLayerField->value = "As Is"
\r "As Is"
\i 1.385:1.025
\p > 
\a addPoint(hiGetCommandPoint())
\i 1.64:1.02
\r t
\o INFO (LX-1102): Instance 'Mmp2' abutted to instance 'Mmp4'.
\r t
\a mouseSingleSelectPt()
\i 1.995:1.12
\r t
\a mouseSingleSelectPt()
\i 2.2:1.02
\r t
\a leSelBoxOrStretch()
\i 2.255:0.965
\a leMoveForm->leMoveFormLayerField->value = "As Is"
\r "As Is"
\i 2.255:0.965
\p > 
\a addPoint(hiGetCommandPoint())
\i 2.25:0.965
\r t
\o INFO (LX-1102): Instance 'Xclkinv|Mmp0' abutted to instance 'Mmp1'.
\r t
\a mouseSingleSelectPt()
\i 2.71:0.955
\r t
\a hiZoomOutAtMouse()
\i 2.47:0.985
\r t
\a hiZoomOutAtMouse()
\i 2.465:0.98
\r t
\a hiZoomInAtMouse()
\i 1.21:1.055
\r t
\a hiZoomInAtMouse()
\i 1.21:1.055
\r t
\a hiZoomInAtMouse()
\i 1.56:1.075
\r t
\a hiZoomOutAtMouse()
\i 1.755:1.03
\r t
\a hiZoomOutAtMouse()
\i 1.755:1.03
\r t
\a hiZoomOutAtMouse()
\i 2.64:0.9
\r t
\a hiZoomOutAtMouse()
\i 2.645:0.895
\r t
\a hiZoomInAtMouse()
\i 2.77:0.97
\r t
\a hiZoomInAtMouse()
\i 2.77:0.97
\r t
\a hiZoomInAtMouse()
\i 2.77:0.97
\r t
\a hiZoomInAtMouse()
\i 2.77:0.97
\r t
\a hiZoomInAtMouse()
\i 2.77:0.97
\r t
\a hiZoomOutAtMouse()
\i 2.415:1.095
\r t
\a hiZoomOutAtMouse()
\i 2.46:1.12
\r t
\a leSelBoxOrStretch()
\i 2.925:0.855
\i 2.925:0.855
\p > 
\a addPoint(hiGetCommandPoint())
\i 2.945:0.695
\r t
\r t
\a hiDynamicPanGrabbing()
\i 2.808:0.623
\p > 
\a addPoint(hiGetCommandPoint())
\i 2.808:0.623
\a hiZoomIn(window(3) list(1.6125:0.4305 3.6295:1.4985))
\r t
\r t
\r t
\a hiZoomInAtMouse()
\i 2.47:1.04
\r t
\a hiZoomInAtMouse()
\i 2.47:1.04
\r t
\a hiZoomOutAtMouse()
\i 2.415:1.055
\r t
\a hiZoomInAtMouse()
\i 2.415:1.065
\r t
\a hiZoomOutAtMouse()
\i 2.41:1.065
\r t
\a mouseSingleSelectPt()
\i 2.37:1.065
\r t
\a leSelBoxOrStretch()
\i 2.61:1.02
\a leMoveForm->leMoveFormLayerField->value = "As Is"
\r "As Is"
\i 2.61:1.02
\p > 
\a addPoint(hiGetCommandPoint())
\i 2.785:1.015
\r t
\r t
\a leSelBoxOrStretch()
\i 2.59:1.03
\a leMoveForm->leMoveFormLayerField->value = "As Is"
\r "As Is"
\i 2.59:1.03
\p > 
\a addPoint(hiGetCommandPoint())
\i 2.415:1.03
\r t
\o INFO (LX-1102): Instance 'Mmp1' abutted to instance 'Xclkinv|Mmp0'.
\r t
\a mouseSingleSelectPt()
\i 2.765:1.045
\r t
\a mouseSingleSelectPt()
\i 2.795:1.05
\r t
\a hiZoomInAtMouse()
\i 2.425:1.1
\r t
\a hiZoomOutAtMouse()
\i 2.425:1.1
\r t
\a hiZoomOutAtMouse()
\i 2.425:1.1
\r t
\a hiZoomOutAtMouse()
\i 2.43:1.095
\r t
\a hiZoomOutAtMouse()
\i 2.43:1.095
\r t
\a mouseSingleSelectPt()
\i 4.77:0.625
\r nil
\a hiZoomInAtMouse()
\i 1.72:0.995
\r t
\a hiZoomInAtMouse()
\i 1.72:0.995
\r t
\a hiZoomInAtMouse()
\i 1.715:1.015
\r t
\a hiZoomOutAtMouse()
\i 2.42:0.955
\r t
\a hiZoomOutAtMouse()
\i 2.415:0.955
\r t
\a hiZoomOutAtMouse()
\i 2.7:1.025
\r t
\a hiZoomOutAtMouse()
\i 2.7:1.03
\r t
\a hiZoomOutAtMouse()
\i 2.705:1.03
\r t
\a hiZoomInAtMouse()
\i 2.7:1.025
\r t
\a hiZoomInAtMouse()
\i 2.7:1.025
\r t
\a hiZoomInAtMouse()
\i 2.7:1.025
\r t
\a hiZoomInAtMouse()
\i 2.7:1.025
\r t
\a hiZoomInAtMouse()
\i 2.7:1.025
\r t
\a hiZoomInAtMouse()
\i 2.67:1.04
\r t
\a hiZoomInAtMouse()
\i 2.67:1.04
\r t
\a hiZoomOutAtMouse()
\i 2.65:1.035
\r t
\a hiZoomOutAtMouse()
\i 2.645:1.035
\r t
\a hiDynamicPanGrabbing()
\i 2.74:1.0195
\p > 
\a addPoint(hiGetCommandPoint())
\i 2.7395:1.0195
\a hiZoomIn(window(3) list(1.981:0.753 2.991:1.288))
\r t
\r t
\r t
\a leSelBoxOrStretch()
\i 2.555:1.03
\i 2.555:1.03
\p > 
\a addPoint(hiGetCommandPoint())
\i 2.73:1.03
\r t
\r t
\a mouseSingleSelectPt()
\i 2.625:1.055
\r t
\a leSelBoxOrStretch()
\i 2.625:1.055
\a leMoveForm->leMoveFormLayerField->value = "As Is"
\r "As Is"
\i 2.625:1.055
\p > 
\a addPoint(hiGetCommandPoint())
\i 2.865:1.055
\r t
\r t
\a mouseSingleSelectPt()
\i 2.6:0.985
\r t
\a leSelBoxOrStretch()
\i 2.675:1.015
\i 2.675:1.015
\p > 
\a addPoint(hiGetCommandPoint())
\i 2.82:1.015
\r t
\r t
\a mouseSingleSelectPt()
\i 2.62:0.995
\r t
\a leSelBoxOrStretch()
\i 2.62:0.98
\a leMoveForm->leMoveFormLayerField->value = "As Is"
\r "As Is"
\i 2.62:0.98
\p > 
\a addPoint(hiGetCommandPoint())
\i 2.74:0.98
\r t
\r t
\a hiZoomOutAtMouse()
\i 2.535:1.01
\r t
\a hiZoomOutAtMouse()
\i 2.535:1.01
\r t
\a hiDynamicPanGrabbing()
\i 0.773:1.109
\p > 
\a addPoint(hiGetCommandPoint())
\i 0.7755:1.1095
\a hiZoomIn(window(3) list(-0.5695:0.062 3.4715:2.202))
\r t
\r t
\r t
\a mouseSingleSelectPt()
\i 0.45:1.125
\r t
\a leSelBoxOrStretch()
\i 0.47:1.09
\a leMoveForm->leMoveFormLayerField->value = "As Is"
\r "As Is"
\i 0.47:1.09
\p > 
\a addPoint(hiGetCommandPoint())
\i 1.065:1.025
\r t
\r t
\a hiZoomInAtMouse()
\i 1.45:0.93
\r t
\a hiZoomInAtMouse()
\i 1.45:0.93
\r t
\a leSelBoxOrStretch()
\i 1.065:1.04
\a leMoveForm->leMoveFormLayerField->value = "As Is"
\r "As Is"
\i 1.065:1.04
\p > 
\a addPoint(hiGetCommandPoint())
\i 1.545:1.045
\r t
\o INFO (LX-1102): Instance 'Mmp3' abutted to instance 'Mmp2'.
\r t
\a mouseSingleSelectPt()
\i 1.08:1.05
\r t
\a hiZoomOutAtMouse()
\i 1.59:0.995
\r t
\a hiZoomOutAtMouse()
\i 1.59:0.995
\r t
\a hiZoomOutAtMouse()
\i 1.59:0.99
\r t
\a hiZoomInAtMouse()
\i 1.595:0.89
\r t
\a hiZoomInAtMouse()
\i 1.595:0.89
\r t
\a mouseSingleSelectPt()
\i 1.325:1.055
\r t
\a leSelBoxOrStretch()
\i 1.29:1.065
\a leMoveForm->leMoveFormLayerField->value = "As Is"
\r "As Is"
\i 1.29:1.065
\p > 
\a addPoint(hiGetCommandPoint())
\i 0.93:1.1
\r t
\r t
\a mouseSingleSelectPt()
\i 0.645:1.18
\r t
\a leSelBoxOrStretch()
\i 0.6:1.165
\a leMoveForm->leMoveFormLayerField->value = "As Is"
\r "As Is"
\i 0.6:1.165
\p > 
\a addPoint(hiGetCommandPoint())
\i 0.855:1.12
\r t
\r t
\a hiDynamicPanGrabbing()
\i 0.669:1.153
\p > 
\a addPoint(hiGetCommandPoint())
\i 0.669:1.153
\a hiZoomIn(window(3) list(-0.053:0.379 1.9685:1.4495))
\r t
\r t
\r t
\a mouseSingleSelectPt()
\i 0.245:1.125
\r t
\a leSelBoxOrStretch()
\i 0.345:1.09
\a leMoveForm->leMoveFormLayerField->value = "As Is"
\r "As Is"
\i 0.345:1.09
\p > 
\a addPoint(hiGetCommandPoint())
\i 0.525:1.085
\r t
\r t
\a leSelBoxOrStretch()
\i 0.495:1.09
\a leMoveForm->leMoveFormLayerField->value = "As Is"
\r "As Is"
\i 0.495:1.09
\p > 
\a addPoint(hiGetCommandPoint())
\i 0.675:1.075
\r t
\r t
\a mouseSingleSelectPt()
\i 1.015:0.87
\r t
\a leSelBoxOrStretch()
\i 0.265:0.94
\a leMoveForm->leMoveFormLayerField->value = "As Is"
\r "As Is"
\i 0.265:0.94
\p > 
\a addPoint(hiGetCommandPoint())
\i 0.53:0.93
\r t
\r t
\a hiZoomRelativeScale(hiGetCurrentWindow() 2.0)
\r t
\a hiZoomOutAtMouse()
\i 0.7:0.935
\r t
\a hiZoomOutAtMouse()
\i 0.695:0.935
\r t
\a hiZoomOutAtMouse()
\i 0.695:0.94
\r t
\a mouseSingleSelectPt()
\i -0.185:1.135
\r t
\a leSelBoxOrStretch()
\i -0.22:1.145
\a leMoveForm->leMoveFormLayerField->value = "As Is"
\r "As Is"
\i -0.22:1.145
\p > 
\a addPoint(hiGetCommandPoint())
\i 0.285:1.24
\r t
\r t
\a hiZoomInAtMouse()
\i 0.285:1.24
\r t
\a hiZoomInAtMouse()
\i 0.285:1.24
\r t
\a hiZoomInAtMouse()
\i 0.285:1.24
\r t
\a hiZoomInAtMouse()
\i 0.285:1.24
\r t
\a hiZoomOutAtMouse()
\i 0.295:1.24
\r t
\a hiZoomOutAtMouse()
\i 0.3:1.205
\r t
\a leSelBoxOrStretch()
\i 0.14:1.16
\a leMoveForm->leMoveFormLayerField->value = "As Is"
\r "As Is"
\i 0.14:1.16
\p > 
\a addPoint(hiGetCommandPoint())
\i 1.585:1.43
\r t
\r t
\a leSelBoxOrStretch()
\i 1.245:0.965
\i 1.245:0.965
\p > 
\a addPoint(hiGetCommandPoint())
\i 0.91:1.01
\r t
\r t
\a hiDynamicPanGrabbing()
\i 0.345:1.339
\p > 
\a addPoint(hiGetCommandPoint())
\i 0.345:1.339
\a hiZoomIn(window(3) list(0.5865:0.658 2.6125:1.731))
\r t
\r t
\r t
\a leSelBoxOrStretch()
\i 1.67:1.405
\i 1.67:1.405
\p > 
\a addPoint(hiGetCommandPoint())
\i 2.42:1.315
\r t
\r t
\a mouseSingleSelectPt()
\i 1.565:1.45
\r t
\a leSelBoxOrStretch()
\i 1.61:1.465
\a leMoveForm->leMoveFormLayerField->value = "As Is"
\r "As Is"
\i 1.61:1.465
\p > 
\a addPoint(hiGetCommandPoint())
\i 2.64:1.305
\r t
\o INFO (LX-1102): Instance 'Xqinv|Mmp0' abutted to instance 'Mmp1'.
\r t
\a hiZoomOutAtMouse()
\i 1.8:1.405
\r t
\a hiZoomOutAtMouse()
\i 1.8:1.41
\r t
\a hiZoomOutAtMouse()
\i 1.8:1.41
\r t
\a hiZoomInAtMouse()
\i 6.03:0.545
\r t
\a hiZoomInAtMouse()
\i 6.165:0.57
\r t
\a hiZoomOutAtMouse()
\i 3.335:1.005
\r t
\a leSelBoxOrStretch()
\i 2.525:1.38
\a leMoveForm->leMoveFormLayerField->value = "As Is"
\r "As Is"
\i 2.525:1.38
\p > 
\a addPoint(hiGetCommandPoint())
\i 4.11:1.295
\r t
\r t
\a hiZoomInAtMouse()
\i 3.745:1.055
\r t
\a hiDynamicPanGrabbing()
\i 3.783:0.4405
\p > 
\a addPoint(hiGetCommandPoint())
\i 3.7825:0.4405
\a hiZoomIn(window(3) list(2.068:-0.362 6.121:1.7845))
\r t
\r t
\r t
\a hiZoomInAtMouse()
\i 2.605:0.6
\r t
\a hiZoomInAtMouse()
\i 2.605:0.6
\r t
\a hiZoomOutAtMouse()
\i 2.71:0.635
\r t
\a hiZoomOutAtMouse()
\i 2.705:0.635
\r t
\a hiZoomOutAtMouse()
\i 2.675:0.64
\r t
\a hiZoomInAtMouse()
\i 2.27:0.55
\r t
\a hiZoomInAtMouse()
\i 2.27:0.55
\r t
\a hiZoomInAtMouse()
\i 2.31:0.56
\r t
\a hiZoomOutAtMouse()
\i 2.26:0.56
\r t
\a hiZoomOutAtMouse()
\i 2.11:0.555
\r t
\a hiDynamicPanGrabbing()
\i 2.55:0.884
\p > 
\a addPoint(hiGetCommandPoint())
\i 2.55:0.884
\a hiZoomIn(window(3) list(1.141:-0.517 5.197:1.631))
\r t
\r t
\r t
\a hiZoomOutAtMouse()
\i 1.695:0.64
\r t
\a hiZoomInAtMouse()
\i 1.695:0.635
\r t
\a hiZoomInAtMouse()
\i 1.695:0.635
\r t
\a hiZoomInAtMouse()
\i 1.77:0.63
\r t
\a hiZoomOutAtMouse()
\i 1.805:0.61
\r t
\a leSelBoxOrStretch()
\i 1.82:0.565
\i 1.82:0.565
\p > 
\a addPoint(hiGetCommandPoint())
\i 1.915:0.565
\r t
\r t
\a mouseSingleSelectPt()
\i 1.88:0.585
\r t
\a leSelBoxOrStretch()
\i 1.81:0.575
\a leMoveForm->leMoveFormLayerField->value = "As Is"
\r "As Is"
\i 1.81:0.575
\p > 
\a addPoint(hiGetCommandPoint())
\i 1.99:0.575
\r t
\r t
\a mouseSingleSelectPt()
\i 2.63:0.36
\r t
\a leSelBoxOrStretch()
\i 2.645:0.42
\a leMoveForm->leMoveFormLayerField->value = "As Is"
\r "As Is"
\i 2.645:0.42
\p > 
\a addPoint(hiGetCommandPoint())
\i 2.465:0.53
\r t
\r t
\a mouseSingleSelectPt()
\i 2.625:0.49
\r t
\a mouseSingleSelectPt()
\i 2.49:0.635
\r t
\a mouseAddSelectPt()
\i 2.23:0.605
\r t
\a leHiMove()
\a leMoveForm->leMoveFormLayerField->value = "As Is"
\r "As Is"
\p > 
\a geSingleSelectBox()
\i 2.265:0.65
\p > 
\a addPoint(hiGetCommandPoint())
\i 2.445:0.65
\r t
\r nil
\a mouseAddPt(t)
\i 2.489:0.5825
\r t
\a mouseAddPt(t)
\i 2.8945:0.585
\r t
\a mouseAddPt(t)
\i 2.277:0.5635
\r t
\a mouseAddPt(t)
\i 2.58:0.5665
\r t
\o INFO (LX-1102): Instance 'Mmn1' abutted to instance 'Mmn4'.
\a mouseAddPt(t)
\i 1.8245:0.5755
\r t
\a mouseAddPt(t)
\i 2.033:0.5505
\r t
\a mouseAddPt(t)
\i 2.768:0.309
\r t
\a hiZoomOutAtMouse()
\i 2.065:0.395
\r t
\a mouseAddPt(t)
\i 3.3505:0.292
\r t
\a hiZoomOutAtMouse()
\i 2.23:0.42
\r t
\a hiZoomInAtMouse()
\i 1.12:0.74
\r t
\a hiZoomInAtMouse()
\i 1.2:0.745
\r t
\a hiZoomInAtMouse()
\i 1.42:0.69
\r t
\a hiZoomOutAtMouse()
\i 1.675:0.635
\r t
\a hiZoomOutAtMouse()
\i 1.37:0.645
\r t
\a hiZoomInAtMouse()
\i 0.415:0.56
\r t
\a mouseAddPt(t)
\i 0.669:0.5375
\r t
\a mouseAddPt(t)
\i 1.156:0.5605
\r t
\a mouseAddPt(t)
\i 1.136:0.5565
\r t
\a mouseAddPt(t)
\i 1.0505:0.5655
\r t
\a mouseAddPt(t)
\i 0.357:0.567
\r t
\a _cmdOptionDrawThru2()
\i 1.815:0.539
\p > 
\a addPoint(hiGetCommandPoint())
\i 1.815:0.539
\a hiZoomIn(window(3) list(1.982:-0.1095 4.01:0.9645))
\r t
\r t
\r nil
\a _cmdOptionDrawThru2()
\i 3.5735:0.327
\p > 
\a addPoint(hiGetCommandPoint())
\i 3.5735:0.327
\a hiZoomIn(window(3) list(2.454:0.1175 4.482:1.1915))
\r t
\r t
\r nil
\a mouseAddPt(t)
\i 3.4815:0.303
\r t
\a mouseAddPt(t)
\i 3.329:0.4935
\r t
\a mouseAddPt(t)
\i 3.3385:0.4895
\r t
\a cancelEnterFun()
\r t
\r nil
\a mouseSingleSelectPt()
\i 3.39:0.45
\r t
\a _leRotateOrFlip("R90")
\r t
\a _leRotateOrFlip("R90")
\r t
\a mouseSingleSelectPt()
\i 4.325:0.995
\r t
\a leSelBoxOrStretch()
\i 4.125:0.97
\a leMoveForm->leMoveFormLayerField->value = "As Is"
\r "As Is"
\i 4.125:0.97
\p > 
\a addPoint(hiGetCommandPoint())
\i 3.63:0.29
\r t
\r t
\a mouseSingleSelectPt()
\i 4.47:0.485
\r nil
\a leSelBoxOrStretch()
\i 3.5:0.315
\i 3.5:0.315
\p > 
\a addPoint(hiGetCommandPoint())
\i 3.59:0.325
\r t
\r t
\a mouseSingleSelectPt()
\i 3.535:0.32
\r t
\a leSelBoxOrStretch()
\i 3.58:0.32
\a leMoveForm->leMoveFormLayerField->value = "As Is"
\r "As Is"
\i 3.58:0.32
\p > 
\a addPoint(hiGetCommandPoint())
\i 3.78:0.325
\r t
\r t
\a mouseSingleSelectPt()
\i 4.22:0.365
\r nil
\a leSelBoxOrStretch()
\i 3.8:0.475
\i 3.8:0.475
\p > 
\a addPoint(hiGetCommandPoint())
\i 3.775:0.695
\r t
\r t
\a leSelBoxOrStretch()
\i 3.865:0.275
\i 3.865:0.275
\p > 
\a addPoint(hiGetCommandPoint())
\i 4.14:0.41
\r t
\r t
\a mouseSingleSelectPt()
\i 4.24:0.5
\r nil
\a hiZoomOutAtMouse()
\i 3.405:0.455
\r t
\a leSelBoxOrStretch()
\i 4.085:0.39
\i 4.085:0.39
\p > 
\a addPoint(hiGetCommandPoint())
\i 4.185:0.63
\r t
\r t
\a pteSetVisible("Pimp drawing" t "Layers")
\r t
\a pteSetVisible("Nimp drawing" t "Layers")
\r t
\a pteSetVisible("Nimp drawing" nil "Layers")
\r t
\a leSelBoxOrStretch()
\i 4.035:0.435
\i 4.035:0.435
\p > 
\a addPoint(hiGetCommandPoint())
\i 4.1:0.535
\r t
\r t
\a mouseSingleSelectPt()
\i 4.11:0.445
\r t
\a mouseSingleSelectPt()
\i 4.055:0.375
\r t
\a leHiMove()
\a leMoveForm->leMoveFormLayerField->value = "As Is"
\r "As Is"
\p > 
\a geSingleSelectBox()
\i 4.115:0.62
\p > 
\a addPoint(hiGetCommandPoint())
\i 3.875:0.905
\r t
\r nil
\a mouseAddPt(t)
\i 4.038:0.586
\r t
\a mouseAddPt(t)
\i 3.8165:1.2875
\r t
\a mouseAddPt(t)
\i 3.376:1.122
\r t
\a mouseAddPt(t)
\i 2.9255:1.5945
\r t
\a hiZoomOutAtMouse()
\i 2.985:1.565
\r t
\a hiZoomInAtMouse()
\i 3.325:1.365
\r t
\a mouseAddPt(t)
\i 3.5835:1.1105
\r t
\a mouseAddPt(t)
\i 3.266:1.105
\r t
\a mouseAddPt(t)
\i 3.445:0.6645
\r t
\a mouseAddPt(t)
\i 3.789:0.766
\r t
\a mouseAddPt(t)
\i 3.565:0.387
\r t
\a mouseAddPt(t)
\i 3.418:0.654
\r t
\a mouseAddPt(t)
\i 4.1575:0.6835
\r t
\a mouseAddPt(t)
\i 3.357:0.6195
\r t
\a mouseAddPt(t)
\i 3.357:0.491
\r t
\a mouseAddPt(t)
\i 3.01:0.5285
\r t
\a mouseAddPt(t)
\i 3.3005:0.382
\r t
\a mouseAddPt(t)
\i 2.9485:0.2565
\r t
\a mouseAddPt(t)
\i 3.1195:0.3015
\r t
\a mouseAddPt(t)
\i 2.6655:0.6355
\r t
\a mouseAddPt(t)
\i 2.6685:0.486
\r t
\o INFO (LX-1102): Instance 'Mmn1' abutted to instance 'Mmn4'.
\a mouseAddPt(t)
\i 3.7545:0.435
\r t
\a mouseAddPt(t)
\i 3.757:0.454
\r t
\a hiZoomOutAtMouse()
\i 2.575:0.185
\r t
\a hiZoomOutAtMouse()
\i 1.39:0.825
\r t
\a hiZoomInAtMouse()
\i 1.07:0.535
\r t
\a hiZoomInAtMouse()
\i 1.07:0.535
\r t
\a hiZoomInAtMouse()
\i 1.135:0.54
\r t
\a mouseAddPt(t)
\i 2.1525:0.5725
\r t
\a mouseAddPt(t)
\i 2.377:0.447
\r t
\a mouseAddPt(t)
\i 1.4925:0.6245
\r t
\a mouseAddPt(t)
\i 1.8365:0.4725
\r t
\a mouseAddPt(t)
\i 1.016:0.678
\r t
\a mouseAddPt(t)
\i 1.475:0.5335
\r t
\a hiZoomOutAtMouse()
\i 1.385:0.76
\r t
\a hiZoomOutAtMouse()
\i 1.38:0.755
\r t
\a mouseAddPt(t)
\i 1.6475:1.477
\r t
\a _lxHiMousePopUp()
\i 1.65:1.475
\r t
\a hiPopupDown(lePopUpMenu)
\r t
\a mouseAddPt(t)
\i 0.6335:1.669
\r t
\a leHiEditProp()
\r t
\a mouseAddPt(t)
\i 0.9805:1.68
\r t
\a mouseAddPt(t)
\i 1.258:1.728
\r t
\a leHiEditProp()
\r t
\a mouseAddPt(t)
\i 2.4695:1.952
\r t
\a cancelEnterFun()
\r t
\r nil
\a leHiEditProp()
\r t
\a mouseSingleSelectPt()
\i 1.64:2.01
\r t
\a leHiEditProp()
\r t
\a geiPlSetPropValue("editorNum0" "attribute" "Origin:  X" "double" 0)
\r t
\a geiPlSetPropValue("editorNum0" "attribute" "Y" "double" 0)
\r t
\a geiPlInvokePlistAction("editorNum0" "done")
\r t
\a hiZoomOutAtMouse()
\i 0.355:0.3
\r t
\a hiZoomOutAtMouse()
\i 0.355:0.295
\r t
\a hiZoomInAtMouse()
\i 0.315:-0.11
\r t
\a hiZoomInAtMouse()
\i 0.315:-0.11
\r t
\a hiZoomInAtMouse()
\i 0.315:-0.11
\r t
\a hiZoomOutAtMouse()
\i 2.345:-0.16
\r t
\a hiZoomInAtMouse()
\i 0.64:1.035
\r t
\a hiZoomInAtMouse()
\i 0.64:1.035
\r t
\a hiZoomInAtMouse()
\i 0.645:1.03
\r t
\a hiZoomOutAtMouse()
\i 0.645:1.03
\r t
\a hiZoomOutAtMouse()
\i 0.645:1.035
\r t
\a hiZoomOutAtMouse()
\i 0.645:1.03
\r t
\a hiZoomOutAtMouse()
\i 0.64:1.03
\r t
\a hiZoomOutAtMouse()
\i 0.64:1.03
\r t
\a hiZoomOutAtMouse()
\i 0.64:1.025
\r t
\a hiZoomInAtMouse()
\i 0.68:0.985
\r t
\a hiZoomInAtMouse()
\i 0.68:0.985
\r t
\a hiZoomInAtMouse()
\i 0.68:0.985
\r t
\a leSelBoxOrStretch()
\i 3.99:0.33
\i 3.99:0.33
\p > 
\a addPoint(hiGetCommandPoint())
\i 0.315:1.51
\r t
\r t
\a leSelBoxOrStretch()
\i 3.34:0.5
\i 3.34:0.5
\p > 
\a addPoint(hiGetCommandPoint())
\i 1.645:0.6
\r t
\r t
\a leHiMove()
\a leMoveForm->leMoveFormLayerField->value = "As Is"
\r "As Is"
\p > 
\a mouseAddPt(t)
\i 0.4555:1.119
\r t
\a mouseAddPt(t)
\i 0.0815:1.135
\r t
\a mouseAddPt(t)
\i 1.0005:1.1725
\r t
\a mouseAddPt(t)
\i 0.68:1.215
\r t
\a mouseAddPt(t)
\i 1.5665:1.167
\r t
\a mouseAddPt(t)
\i 1.2245:1.2045
\r t
\a mouseAddPt(t)
\i 1.679:1.124
\r t
\a hiZoomInAtMouse()
\i 1.475:1.165
\r t
\a hiZoomInAtMouse()
\i 1.475:1.165
\r t
\a hiZoomInAtMouse()
\i 1.475:1.165
\r t
\a hiZoomInAtMouse()
\i 1.44:1.165
\r t
\a hiZoomInAtMouse()
\i 1.44:1.165
\r t
\a hiZoomInAtMouse()
\i 1.44:1.165
\r t
\a hiZoomOutAtMouse()
\i 1.44:1.165
\r t
\a hiZoomOutAtMouse()
\i 1.44:1.165
\r t
\a mouseAddPt(t)
\i 1.44:1.166
\r t
\o INFO (LX-1102): Instance 'Mmp4' abutted to instance 'Mmp2'.
\a hiZoomOutAtMouse()
\i 1.44:1.165
\r t
\a hiZoomOutAtMouse()
\i 1.44:1.165
\r t
\a hiZoomOutAtMouse()
\i 1.44:1.17
\r t
\a mouseAddPt(t)
\i 2.281:1.0435
\r t
\a mouseAddPt(t)
\i 1.8675:1.057
\r t
\a mouseAddPt(t)
\i 2.802:1.0355
\r t
\a mouseAddPt(t)
\i 2.3025:1.041
\r t
\a mouseAddPt(t)
\i 3.1885:1.0865
\r t
\a mouseAddPt(t)
\i 2.6595:1.1055
\r t
\a mouseAddPt(t)
\i 1.524:0.5685
\r t
\a mouseAddPt(t)
\i 0.34:0.6115
\r t
\a mouseAddPt(t)
\i 1.771:0.4985
\r t
\a mouseAddPt(t)
\i 0.6945:0.523
\r t
\a mouseAddPt(t)
\i 2.206:0.445
\r t
\a mouseAddPt(t)
\i 1.1645:0.4745
\r t
\a mouseAddPt(t)
\i 2.7615:0.496
\r t
\a mouseAddPt(t)
\i 1.7145:0.5175
\r t
\a mouseAddPt(t)
\i 2.8205:0.472
\r t
\a hiZoomInAtMouse()
\i 1.92:0.47
\r t
\a hiZoomInAtMouse()
\i 1.92:0.47
\r t
\a hiZoomInAtMouse()
\i 1.92:0.47
\r t
\a mouseAddPt(t)
\i 1.877:0.4955
\r t
\o INFO (LX-1102): Instance 'Mmn4' abutted to instance 'Mmn1'.
\a hiZoomOutAtMouse()
\i 1.97:0.475
\r t
\a hiZoomOutAtMouse()
\i 1.965:0.475
\r t
\a hiZoomOutAtMouse()
\i 1.97:0.475
\r t
\a hiZoomOutAtMouse()
\i 3.305:0.35
\r t
\a mouseAddPt(t)
\i 3.344:0.3505
\r t
\a mouseAddPt(t)
\i 2.623:0.356
\r t
\a hiZoomInAtMouse()
\i 3.5:0.635
\r t
\a hiZoomInAtMouse()
\i 3.29:0.715
\r t
\a hiZoomOutAtMouse()
\i 3.285:0.715
\r t
\a hiZoomOutAtMouse()
\i 3.29:0.715
\r t
\a hiZoomOutAtMouse()
\i 3.285:0.71
\r t
\a hiZoomOutAtMouse()
\i 3.29:0.715
\r t
\a hiZoomInAtMouse()
\i 3.955:0.645
\r t
\a hiZoomInAtMouse()
\i 3.965:0.655
\r t
\a hiZoomInAtMouse()
\i 3.965:0.655
\r t
\a hiZoomInAtMouse()
\i 3.8:0.64
\r t
\a hiZoomInAtMouse()
\i 3.795:0.64
\r t
\a hiZoomOutAtMouse()
\i 3.805:0.765
\r t
\a hiZoomOutAtMouse()
\i 3.805:0.76
\r t
\a mouseAddPt(t)
\i 3.804:0.763
\r t
\a mouseAddPt(t)
\i 2.8965:0.545
\r t
\a mouseAddPt(t)
\i 1.127:-0.1635
\r t
\a mouseAddPt(t)
\i 1.1645:-0.185
\r t
\a leHiDelete()
\r t
\a mouseAddPt(t)
\i 1.167:-0.255
\r t
\a leHiDelete()
\r t
\a hiZoomOutAtMouse()
\i 1.13:-0.27
\r t
\a hiZoomOutAtMouse()
\i 1.39:-0.695
\r t
\a hiZoomOutAtMouse()
\i 1.385:-0.69
\r t
\a hiZoomInAtMouse()
\i 1.6:-2.155
\r t
\a hiZoomInAtMouse()
\i 1.6:-2.155
\r t
\a mouseAddPt(t)
\i 1.363:-1.848
\r t
\a leHiDelete()
\r t
\a mouseAddPt(t)
\i 0.889:-1.8915
\r t
\a hiZoomRelativeScale(hiGetCurrentWindow() 2.0)
\r t
\a hiZoomInAtMouse()
\i 2.205:-0.63
\r t
\a hiZoomInAtMouse()
\i 2.205:-0.63
\r t
\a hiZoomOutAtMouse()
\i 2.21:-0.63
\r t
\a hiZoomOutAtMouse()
\i 2.21:-0.63
\r t
\a hiZoomOutAtMouse()
\i 2.21:-0.63
\r t
\a hiZoomOutAtMouse()
\i 2.21:-0.625
\r t
\a hiZoomOutAtMouse()
\i 2.205:-0.625
\r t
\a _lxHiMousePopUp()
\i 1.905:-0.695
\r t
\a hiPopupDown(lePopUpMenu)
\r t
\a hiUndo()
\r t
\a leHiMove()
\a leMoveForm->leMoveFormLayerField->value = "As Is"
\r "As Is"
\r t
\a cancelEnterFun()
\r t
\r nil
\a hiZoomOutAtMouse()
\i 1.8:-2.53
\r t
\a hiZoomOutAtMouse()
\i 1.8:-2.525
\r t
\a hiZoomInAtMouse()
\i 1.8:-2.525
\r t
\a hiZoomInAtMouse()
\i 1.8:-2.525
\r t
\a hiZoomInAtMouse()
\i 1.8:-2.525
\r t
\a hiZoomInAtMouse()
\i 1.8:-2.525
\r t
\a mouseSingleSelectPt()
\i 0.85:-1.875
\r t
\a leSelBoxOrStretch()
\i 0.875:-1.89
\a leMoveForm->leMoveFormLayerField->value = "As Is"
\r "As Is"
\i 0.875:-1.89
\p > 
\a addPoint(hiGetCommandPoint())
\i 2.54:-0.01
\r t
\r t
\a leSelBoxOrStretch()
\i 0.905:-0.17
\i 0.905:-0.17
\p > 
\a addPoint(hiGetCommandPoint())
\i 1.555:1.11
\r t
\r t
\a mouseSingleSelectPt()
\i 0.915:-0.14
\r t
\a hiZoomOutAtMouse()
\i 1:-0.24
\r t
\a hiZoomOutAtMouse()
\i 1.005:-0.235
\r t
\a hiZoomOutAtMouse()
\i 1:-0.305
\r t
\a hiZoomInAtMouse()
\i 0.355:5.35
\r t
\a hiZoomInAtMouse()
\i 0.355:5.35
\r t
\a hiZoomInAtMouse()
\i 0.905:-0.185
\r t
\a hiZoomInAtMouse()
\i 0.905:-0.185
\r t
\a leSelBoxOrStretch()
\i 0.895:-0.145
\a leMoveForm->leMoveFormLayerField->value = "As Is"
\r "As Is"
\i 0.895:-0.145
\p > 
\a addPoint(hiGetCommandPoint())
\i 1.1:1.54
\r t
\r t
\a hiZoomInAtMouse()
\i 1.51:1.335
\r t
\a hiZoomInAtMouse()
\i 1.51:1.335
\r t
\a hiZoomOutAtMouse()
\i 1.5:1.33
\r t
\a hiZoomOutAtMouse()
\i 1.5:1.325
\r t
\a hiZoomOutAtMouse()
\i 1.495:1.325
\r t
\a hiZoomInAtMouse()
\i 1.305:1.77
\r t
\a leSelBoxOrStretch()
\i 1.095:1.52
\a leMoveForm->leMoveFormLayerField->value = "As Is"
\r "As Is"
\i 1.095:1.52
\p > 
\a addPoint(hiGetCommandPoint())
\i 1.1:1.685
\r t
\r t
\a mouseSingleSelectPt()
\i 3.865:0.975
\r nil
\a leSelBoxOrStretch()
\i 2.935:1.585
\i 2.935:1.585
\p > 
\a addPoint(hiGetCommandPoint())
\i 3.13:1.265
\r t
\r t
\a hiZoomOutAtMouse()
\i 3.875:0.66
\r t
\a hiZoomInAtMouse()
\i 1.91:0.81
\r t
\a hiZoomInAtMouse()
\i 0.35:1.13
\r t
\a hiZoomOutAtMouse()
\i 0.35:1.11
\r t
\a hiZoomOutAtMouse()
\i 0.345:1.055
\r t
\a leSelBoxOrStretch()
\i 3.62:-0.365
\i 3.62:-0.365
\p > 
\a addPoint(hiGetCommandPoint())
\i -0.375:2.08
\r t
\r t
\a leHiEditProp()
\r t
\a geiPlChangePlistCategory("editorNum0" "property")
\r t
\a geiPlChangePlistCategory("editorNum0" "attribute")
\r t
\a geiPlInvokePlistAction("editorNum0" "close")
\r t
\a leSelBoxOrStretch()
\i 3.445:-0.205
\i 3.445:-0.205
\p > 
\a addPoint(hiGetCommandPoint())
\i -0.255:1.995
\r t
\r t
\a leSelBoxOrStretch()
\i 0:-0.025
\a leMoveForm->leMoveFormLayerField->value = "As Is"
\r "As Is"
\i 0:-0.025
\p > 
\a addPoint(hiGetCommandPoint())
\i 0.075:0.065
\r t
\r t
\a hiZoomInAtMouse()
\i 0.17:-0.19
\r t
\a hiZoomInAtMouse()
\i 0.175:-0.19
\r t
\a hiZoomInAtMouse()
\i 0.18:-0.19
\r t
\a leSelBoxOrStretch()
\i 0.03:0.055
\a leMoveForm->leMoveFormLayerField->value = "As Is"
\r "As Is"
\i 0.03:0.055
\p > 
\a addPoint(hiGetCommandPoint())
\i 0.015:0.035
\r t
\r t
\a mouseSingleSelectPt()
\i 0.02:-0.02
\r nil
\a hiZoomInAtMouse()
\i 0.13:-0.085
\r t
\a hiZoomInAtMouse()
\i 0.13:-0.085
\r t
\a hiZoomOutAtMouse()
\i 0.13:-0.085
\r t
\a hiZoomOutAtMouse()
\i 0.13:-0.085
\r t
\a hiZoomOutAtMouse()
\i 0.13:-0.085
\r t
\a hiZoomOutAtMouse()
\i 0.125:-0.085
\r t
\a leHiEditProp()
\r t
\a mouseSingleSelectPt()
\i 0.015:0.035
\r t
\a leHiEditProp()
\r t
\a geiPlSetPropValue("editorNum0" "attribute" "Origin:  X" "double" 0.0)
\r t
\a geiPlSetPropValue("editorNum0" "attribute" "Y" "double" 0.0)
\r t
\a geiPlInvokePlistAction("editorNum0" "done")
\r t
\a mouseSingleSelectPt()
\i 0.415:-0.34
\r nil
\a hiZoomOutAtMouse()
\i 3.1:-0.29
\r t
\a hiZoomOutAtMouse()
\i 3.1:-0.295
\r t
\a hiZoomInAtMouse()
\i 3.395:0.085
\r t
\a hiZoomInAtMouse()
\i 3.505:0.26
\r t
\a hiZoomInAtMouse()
\i 3.33:0.645
\r t
\a hiZoomOutAtMouse()
\i 3.33:0.735
\r t
\a hiZoomOutAtMouse()
\i 3.335:0.755
\r t
\a hiZoomInAtMouse()
\i 3.425:1.44
\r t
\a hiZoomInAtMouse()
\i 3.26:1.35
\r t
\a hiZoomOutAtMouse()
\i 3.12:1.235
\r t
\a hiZoomOutAtMouse()
\i 3.115:1.24
\r t
\a hiZoomInAtMouse()
\i -0.28:1.33
\r t
\a hiZoomInAtMouse()
\i -0.28:1.33
\r t
\a mouseSingleSelectPt()
\i 0.28:1.17
\r t
\a leSelBoxOrStretch()
\i 0.24:1.165
\a leMoveForm->leMoveFormLayerField->value = "As Is"
\r "As Is"
\i 0.24:1.165
\p > 
\a addPoint(hiGetCommandPoint())
\i 0.18:1.155
\r t
\r t
\a leSelBoxOrStretch()
\i 0.66:1.18
\i 0.66:1.18
\p > 
\a addPoint(hiGetCommandPoint())
\i 0.565:1.15
\r t
\r t
\a leSelBoxOrStretch()
\i 0.65:1.09
\i 0.65:1.09
\p > 
\a addPoint(hiGetCommandPoint())
\i 0.59:1.07
\r t
\r t
\a mouseSingleSelectPt()
\i 0.59:1.07
\r t
\a mouseSingleSelectPt()
\i 0.615:1.085
\r t
\a mouseSingleSelectPt()
\i 0.66:1.145
\r t
\a leHiMove()
\a leMoveForm->leMoveFormLayerField->value = "As Is"
\r "As Is"
\p > 
\a mouseAddPt(t)
\i 0.6175:1.0985
\r t
\a mouseAddPt(t)
\i 0.523:1.077
\r t
\r t
\a hiZoomOutAtMouse()
\i 0.655:1.055
\r t
\a hiZoomOutAtMouse()
\i 0.655:1.05
\r t
\a hiZoomOutAtMouse()
\i 0.65:1.05
\r t
\a hiZoomInAtMouse()
\i 2.21:1.42
\r t
\a hiZoomInAtMouse()
\i 2.25:1.435
\r t
\a hiZoomInAtMouse()
\i 2.28:1.44
\r t
\a hiZoomInAtMouse()
\i 2.285:1.445
\r t
\a hiZoomOutAtMouse()
\i 1.95:1.285
\r t
\a hiZoomOutAtMouse()
\i 1.95:1.28
\r t
\a hiZoomOutAtMouse()
\i 2.16:1.125
\r t
\a hiZoomInAtMouse()
\i 1.715:0.91
\r t
\a hiZoomInAtMouse()
\i 1.185:0.95
\r t
\a mouseSingleSelectPt()
\i 1.17:1.08
\r t
\a mouseSingleSelectPt()
\i 1.195:1.085
\r t
\a mouseSingleSelectPt()
\i 1.145:1.07
\r t
\a leHiMove()
\a leMoveForm->leMoveFormLayerField->value = "As Is"
\r "As Is"
\p > 
\a mouseAddPt(t)
\i 1.1465:1.06
\r t
\a mouseAddPt(t)
\i 1.0205:1.0655
\r t
\o INFO (LX-1102): Instance 'Mmp2' abutted to instance 'Mmp4'.
\r t
\a mouseSingleSelectPt()
\i 1.145:1.065
\r t
\a mouseSingleSelectPt()
\i 1.155:1.06
\r t
\a leHiMove()
\a leMoveForm->leMoveFormLayerField->value = "As Is"
\r "As Is"
\p > 
\a mouseAddPt(t)
\i 1.1575:1.0435
\r t
\a mouseAddPt(t)
\i 1.0005:1.057
\r t
\o INFO (LX-1102): Instance 'Mmp2' abutted to instance 'Mmp4'.
\r t
\a mouseSingleSelectPt()
\i 1.585:0.995
\r t
\a mouseAddSelectPt()
\i 1.225:1.03
\r t
\a leHiMove()
\a leMoveForm->leMoveFormLayerField->value = "As Is"
\r "As Is"
\p > 
\a mouseAddPt(t)
\i 1.217:1.037
\r t
\a mouseAddPt(t)
\i 1.06:1.0465
\r t
\r t
\a mouseSingleSelectPt()
\i 1.935:1.025
\r t
\a hiZoomOutAtMouse()
\i 2.05:1
\r t
\a hiZoomOutAtMouse()
\i 2.045:1
\r t
\a hiZoomInAtMouse()
\i 2.315:1.09
\r t
\a hiZoomInAtMouse()
\i 2.315:1.09
\r t
\a hiZoomInAtMouse()
\i 2.315:1.09
\r t
\a leSelBoxOrStretch()
\i 1.835:1.06
\a leMoveForm->leMoveFormLayerField->value = "As Is"
\r "As Is"
\i 1.835:1.06
\p > 
\a addPoint(hiGetCommandPoint())
\i 1.68:1.065
\r t
\r t
\a hiZoomOutAtMouse()
\i 2.065:1.055
\r t
\a hiZoomOutAtMouse()
\i 2.07:1.055
\r t
\a leSelBoxOrStretch()
\i 2.51:1.06
\i 2.51:1.06
\p > 
\a addPoint(hiGetCommandPoint())
\i 2.41:1.05
\r t
\r t
\a mouseSingleSelectPt()
\i 2.19:1.045
\r t
\a leHiMove()
\a leMoveForm->leMoveFormLayerField->value = "As Is"
\r "As Is"
\p > 
\a geSingleSelectBox()
\i 2.245:1.05
\p > 
\a addPoint(hiGetCommandPoint())
\i 2.155:1.04
\r t
\r nil
\a mouseAddPt(t)
\i 2.239:1.081
\r t
\a mouseAddPt(t)
\i 2.1065:1.0865
\r t
\a hiZoomOutAtMouse()
\i 2.39:1.105
\r t
\a hiZoomOutAtMouse()
\i 2.39:1.1
\r t
\a hiZoomOutAtMouse()
\i 2.395:1.1
\r t
\a hiZoomInAtMouse()
\i 4.71:1.19
\r t
\a hiZoomInAtMouse()
\i 4.71:1.19
\r t
\a hiZoomInAtMouse()
\i 4.71:1.19
\r t
\a hiZoomInAtMouse()
\i 4.71:1.19
\r t
\a hiZoomOutAtMouse()
\i 3.945:1.22
\r t
\a hiZoomOutAtMouse()
\i 3.94:1.22
\r t
\a hiZoomInAtMouse()
\i 2.92:1.045
\r t
\a mouseAddPt(t)
\i 2.7685:1.0185
\r t
\a mouseAddPt(t)
\i 2.6765:0.9995
\r t
\a hiZoomOutAtMouse()
\i 3.815:1.035
\r t
\a hiZoomOutAtMouse()
\i 3.815:1.035
\r t
\a hiZoomOutAtMouse()
\i 3.81:1.035
\r t
\a hiZoomInAtMouse()
\i 3.92:0.535
\r t
\a hiZoomInAtMouse()
\i 3.92:0.535
\r t
\a hiZoomInAtMouse()
\i 3.92:0.535
\r t
\a hiZoomOutAtMouse()
\i 3.475:0.515
\r t
\a hiZoomInAtMouse()
\i 3.215:0.515
\r t
\a mouseAddPt(t)
\i 2.853:0.4915
\r t
\a mouseAddPt(t)
\i 2.845:0.421
\r t
\a mouseAddPt(t)
\i 1.994:0.646
\r t
\a cancelEnterFun()
\r t
\r nil
\a mouseAddSelectPt()
\i 1.685:0.6
\r t
\a mouseAddSelectPt()
\i 2.105:0.52
\r t
\a leHiMove()
\a leMoveForm->leMoveFormLayerField->value = "As Is"
\r "As Is"
\p > 
\a mouseAddPt(t)
\i 2.1105:0.5135
\r t
\a mouseAddPt(t)
\i 2.219:0.375
\r t
\r t
\a hiZoomOutAtMouse()
\i 3:0.42
\r t
\a hiZoomInAtMouse()
\i 1.63:0.515
\r t
\a hiZoomOutAtMouse()
\i 1.475:0.455
\r t
\a hiZoomOutAtMouse()
\i 1.475:0.45
\r t
\a leSelBoxOrStretch()
\i 1.57:0.31
\i 1.57:0.31
\p > 
\a addPoint(hiGetCommandPoint())
\i 0.05:0.795
\r t
\r t
\a mouseAddSelectPt()
\i 1.405:0.525
\r t
\a leHiMove()
\a leMoveForm->leMoveFormLayerField->value = "As Is"
\r "As Is"
\p > 
\a mouseAddPt(t)
\i 1.32:0.5035
\r t
\a mouseAddPt(t)
\i 1.342:0.3405
\r t
\r t
\a hiZoomOutAtMouse()
\i 5.645:0.34
\r t
\a hiZoomInAtMouse()
\i 6.08:0.255
\r t
\a hiZoomInAtMouse()
\i 6.08:0.255
\r t
\a hiZoomOutAtMouse()
\i 4.825:0.905
\r t
\a hiZoomOutAtMouse()
\i 4.82:0.905
\r t
\a vuiDRCRun()
\o 
\o Loading tech rule set file : /comelec/softs/opt/opus_kits/CADENCE_PDKS/gpdk045_v_4_0/assura/techRuleSets
\o 
\o Loading tech rule set file : /comelec/softs/opt/opus_kits/CADENCE_PDKS/gpdk045_v_4_0/assura/techRuleSets
\o 
\o Loading tech rule set file : /comelec/softs/opt/opus_kits/CADENCE_PDKS/gpdk045_v_4_0/assura/techRuleSets
\o 
\o Loading tech rule set file : /comelec/softs/opt/opus_kits/CADENCE_PDKS/gpdk045_v_4_0/assura/techRuleSets
\o 
\o Loading tech rule set file : /comelec/softs/opt/opus_kits/CADENCE_PDKS/gpdk045_v_4_0/assura/techRuleSets
\o Assura DRC: State loaded "Last"
\p > 
\a hiiSetCurrentForm('vuiDRCForm)
\r t
\a hiFormDone(vuiDRCForm)
\p > 
\a hiiSetCurrentForm('geSaveAllForm)
\r t
\a hiFormDone(geSaveAllForm)
\r t
\o Assura DRC: State saved "Last"
\p > 
\a hiDBoxOK(filexistDBox)
\r t
\w *WARNING* A new Assura job cannot be started when a run is currently active.
\w Do you want to stop viewing the current job and continue?
\w 
\p > 
\a hiDBoxOK(vuiDBox)
\r t
\o Checking in license for "Phys_Ver_Sys_Results_Mgr"
\o 
\o Loading tech rule set file : /comelec/softs/opt/opus_kits/CADENCE_PDKS/gpdk045_v_4_0/assura/techRuleSets
\o 
\o Loading tech rule set file : /comelec/softs/opt/opus_kits/CADENCE_PDKS/gpdk045_v_4_0/assura/techRuleSets
\o 
\o Loading tech rule set file : /comelec/softs/opt/opus_kits/CADENCE_PDKS/gpdk045_v_4_0/assura/techRuleSets
\o 
\o Loading tech rule set file : /comelec/softs/opt/opus_kits/CADENCE_PDKS/gpdk045_v_4_0/assura/techRuleSets
\o 
\o Loading tech rule set file : /comelec/softs/opt/opus_kits/CADENCE_PDKS/gpdk045_v_4_0/assura/techRuleSets
\o Compiling rules...
\o 
\o function switchProc0 redefined
\o function switchProc1 redefined
\o function switchProc2 redefined
\o function switchProc3 redefined
\o function switchProc4 redefined
\o function switchProc5 redefined
\o function switchProc6 redefined
\o function switchProc7 redefined
\o function switchProc8 redefined
\o function switchProc9 redefined
\o function switchProc10 redefined
\o function switchProc11 redefined
\o function switchProc12 redefined
\o function switchProc13 redefined
\o function switchProc14 redefined
\o function switchProc15 redefined
\o function switchProc16 redefined
\o function switchProc17 redefined
\o function switchProc18 redefined
\o function switchProc19 redefined
\o function switchProc20 redefined
\o function switchProc21 redefined
\o function switchProc22 redefined
\o function switchProc23 redefined
\o function switchProc24 redefined
\o function switchProc25 redefined
\o function switchProc26 redefined
\o function switchProc27 redefined
\o function switchProc28 redefined
\o function switchProc29 redefined
\o function switchProc30 redefined
\o function switchProc31 redefined
\o function switchProc32 redefined
\o function switchProc33 redefined
\o function switchProc34 redefined
\o function switchProc35 redefined
\o function switchProc36 redefined
\o function switchProc37 redefined
\o function switchProc38 redefined
\o function switchProc39 redefined
\o function switchProc40 redefined
\o 
\o 
\o Host is 
\o cmd  is /comelec/softs/opt/Cadence/releases/ASSURA41_617/tools.lnx86/assura/bin/assura /cal/exterieurs/afonlupt-25/afonlupt/projetCD2IC/DRC/TSPCFF.rsf -cdslib /cal/exterieurs/afonlupt-25/afonlupt/projetCD2IC/cds.lib -restart -gui
\o Starting the Assura DRC Run: IPC Id ipc:20: pid 958820.
\r t
\r t
\a hiiSetCurrentForm('vuiDRCForm)
\r t
\p > 
\a hiDBoxOK(vuiDBox)
\r t
\o Checking out license for "Assura_UI"
\o Checking out license for "Phys_Ver_Sys_Results_Mgr"
\a vuiELWResize( list(254:87 1436:362))
\r t
\a vuiELWResize( list(254:87 1436:362))
\r t
\a vuiiELWMouseSetEntryLayer(1)
\r t
\a vuiiELWMouseSetEntryLayer(1)
\r t
\a vuiELWSetCell( "TSPCFF layout TSPCFF_LIB"  )
\r nil
\a vuiELWSetCell( "TSPCFF layout TSPCFF_LIB"  )
\r nil
\a vuiDERDisplayWindow()
\r t
\a hiSetCurrentWindow(window(13))
\r t
\a _hiActivateText(window(13) 815 1)
\r t
\a hiSetCurrentIndex( window(13) 815 )
\r t
\a hiInvokeTextSelTriggers( window(13) 815 815 'drag 'select )
\r t
\a hiZoomOutAtMouse()
\i 0.42:0.935
\r t
\a hiZoomOutAtMouse()
\i 0.425:0.93
\r t
\a hiZoomInAtMouse()
\i 0.82:1.085
\r t
\a hiZoomInAtMouse()
\i 0.82:1.085
\r t
\a hiZoomOutAtMouse()
\i 0.505:1.105
\r t
\a hiZoomOutAtMouse()
\i 0.49:1.045
\r t
\a hiZoomOutAtMouse()
\i 0.685:0.825
\r t
\a hiZoomOutAtMouse()
\i 0.625:0.79
\r t
\a hiZoomInAtMouse()
\i 0.59:0.775
\r t
\a hiZoomInAtMouse()
\i 0.59:0.775
\r t
\a hiZoomInAtMouse()
\i 0.59:0.775
\r t
\a hiZoomInAtMouse()
\i 0.57:0.835
\r t
\a leSelBoxOrStretch()
\i 0.245:1.155
\i 0.245:1.155
\p > 
\a addPoint(hiGetCommandPoint())
\i 0.345:1.145
\r t
\r t
\a mouseSingleSelectPt()
\i 0.37:1.09
\r t
\a leHiMove()
\a leMoveForm->leMoveFormLayerField->value = "As Is"
\r "As Is"
\p > 
\a mouseAddPt(t)
\i 0.3715:1.0815
\r t
\a mouseAddPt(t)
\i 0.6465:1.0835
\r t
\o INFO (LX-1102): Instance 'Mmp5' abutted to instance 'Mmp3'.
\r t
\a mouseSingleSelectPt()
\i 0.205:0.96
\r t
\a hiZoomOutAtMouse()
\i 0.465:1.02
\r t
\a hiZoomOutAtMouse()
\i 0.47:1.02
\r t
\a hiZoomOutAtMouse()
\i 0.485:1.035
\r t
\a hiSetCurrentWindow(window(13))
\r t
\a _hiActivateText(window(13) 815 1)
\r t
\a hiSetCurrentIndex( window(13) 815 )
\r t
\a hiInvokeTextSelTriggers( window(13) 815 815 'drag 'select )
\r t
\a hiZoomOutAtMouse()
\i 0.55:1.22
\r t
\a hiZoomOutAtMouse()
\i 0.55:1.215
\r t
\a hiZoomInAtMouse()
\i 0.69:1.17
\r t
\a hiZoomInAtMouse()
\i 0.705:1.17
\r t
\a hiZoomInAtMouse()
\i 0.705:1.17
\r t
\a vuiDRCRun()
\o 
\o Loading tech rule set file : /comelec/softs/opt/opus_kits/CADENCE_PDKS/gpdk045_v_4_0/assura/techRuleSets
\o 
\o Loading tech rule set file : /comelec/softs/opt/opus_kits/CADENCE_PDKS/gpdk045_v_4_0/assura/techRuleSets
\o 
\o Loading tech rule set file : /comelec/softs/opt/opus_kits/CADENCE_PDKS/gpdk045_v_4_0/assura/techRuleSets
\o 
\o Loading tech rule set file : /comelec/softs/opt/opus_kits/CADENCE_PDKS/gpdk045_v_4_0/assura/techRuleSets
\o 
\o Loading tech rule set file : /comelec/softs/opt/opus_kits/CADENCE_PDKS/gpdk045_v_4_0/assura/techRuleSets
\o Assura DRC: State loaded "Last"
\p > 
\a hiiSetCurrentForm('vuiDRCForm)
\r t
\a hiFormDone(vuiDRCForm)
\p > 
\a hiiSetCurrentForm('geSaveAllForm)
\r t
\a hiFormDone(geSaveAllForm)
\r t
\o Assura DRC: State saved "Last"
\p > 
\a hiDBoxOK(filexistDBox)
\r t
\w *WARNING* A new Assura job cannot be started when a run is currently active.
\w Do you want to stop viewing the current job and continue?
\w 
\p > 
\a hiDBoxOK(vuiDBox)
\r t
\o Checking in license for "Phys_Ver_Sys_Results_Mgr"
\o 
\o Loading tech rule set file : /comelec/softs/opt/opus_kits/CADENCE_PDKS/gpdk045_v_4_0/assura/techRuleSets
\o 
\o Loading tech rule set file : /comelec/softs/opt/opus_kits/CADENCE_PDKS/gpdk045_v_4_0/assura/techRuleSets
\o 
\o Loading tech rule set file : /comelec/softs/opt/opus_kits/CADENCE_PDKS/gpdk045_v_4_0/assura/techRuleSets
\o 
\o Loading tech rule set file : /comelec/softs/opt/opus_kits/CADENCE_PDKS/gpdk045_v_4_0/assura/techRuleSets
\o 
\o Loading tech rule set file : /comelec/softs/opt/opus_kits/CADENCE_PDKS/gpdk045_v_4_0/assura/techRuleSets
\o Compiling rules...
\o 
\o function switchProc0 redefined
\o function switchProc1 redefined
\o function switchProc2 redefined
\o function switchProc3 redefined
\o function switchProc4 redefined
\o function switchProc5 redefined
\o function switchProc6 redefined
\o function switchProc7 redefined
\o function switchProc8 redefined
\o function switchProc9 redefined
\o function switchProc10 redefined
\o function switchProc11 redefined
\o function switchProc12 redefined
\o function switchProc13 redefined
\o function switchProc14 redefined
\o function switchProc15 redefined
\o function switchProc16 redefined
\o function switchProc17 redefined
\o function switchProc18 redefined
\o function switchProc19 redefined
\o function switchProc20 redefined
\o function switchProc21 redefined
\o function switchProc22 redefined
\o function switchProc23 redefined
\o function switchProc24 redefined
\o function switchProc25 redefined
\o function switchProc26 redefined
\o function switchProc27 redefined
\o function switchProc28 redefined
\o function switchProc29 redefined
\o function switchProc30 redefined
\o function switchProc31 redefined
\o function switchProc32 redefined
\o function switchProc33 redefined
\o function switchProc34 redefined
\o function switchProc35 redefined
\o function switchProc36 redefined
\o function switchProc37 redefined
\o function switchProc38 redefined
\o function switchProc39 redefined
\o function switchProc40 redefined
\o 
\o 
\o Host is 
\o cmd  is /comelec/softs/opt/Cadence/releases/ASSURA41_617/tools.lnx86/assura/bin/assura /cal/exterieurs/afonlupt-25/afonlupt/projetCD2IC/DRC/TSPCFF.rsf -cdslib /cal/exterieurs/afonlupt-25/afonlupt/projetCD2IC/cds.lib -restart -gui
\o Starting the Assura DRC Run: IPC Id ipc:22: pid 959714.
\r t
\r t
\a hiiSetCurrentForm('vuiDRCForm)
\r t
\p > 
\a hiDBoxOK(vuiDBox)
\r t
\o Checking out license for "Assura_UI"
\o Checking out license for "Phys_Ver_Sys_Results_Mgr"
\a vuiELWResize( list(254:87 1436:362))
\r t
\a vuiELWResize( list(254:87 1436:362))
\r t
\a vuiiELWMouseSetEntryLayer(1)
\r t
\a vuiiELWMouseSetEntryLayer(1)
\r t
\a vuiELWSetCell( "TSPCFF layout TSPCFF_LIB"  )
\r nil
\a vuiELWSetCell( "TSPCFF layout TSPCFF_LIB"  )
\r nil
\a vuiDERDisplayWindow()
\r t
\a hiSetCurrentWindow(window(14))
\r t
\a hiSetCurrentIndex( window(14) 866 )
\r t
\a hiInvokeTextSelTriggers( window(14) 866 866 'drag 'select )
\r t
\a hiZoomOutAtMouse()
\i 0.72:0.335
\r t
\a hiZoomOutAtMouse()
\i 0.715:0.335
\r t
\a hiZoomOutAtMouse()
\i 0.715:0.335
\r t
\a hiZoomInAtMouse()
\i 1.29:0.255
\r t
\a hiZoomInAtMouse()
\i 1.29:0.255
\r t
\a hiResizeWindow(window(14) list(473:327 1073:827))
\r t
\a hiResizeWindow(window(14) list(205:479 805:979))
\r t
\a leSelBoxOrStretch()
\i 0.47:0.35
\i 0.47:0.35
\p > 
\a addPoint(hiGetCommandPoint())
\i 0.45:0.325
\r t
\r t
\a mouseSingleSelectPt()
\i 0.45:0.335
\r t
\a mouseSingleSelectPt()
\i 0.47:0.375
\r t
\a mouseSingleSelectPt()
\i 0.465:0.35
\r t
\a leHiMove()
\a leMoveForm->leMoveFormLayerField->value = "As Is"
\r "As Is"
\p > 
\a mouseAddPt(t)
\i 0.461:0.3085
\r t
\a leHiMove()
\a leMoveForm->leMoveFormLayerField->value = "As Is"
\r "As Is"
\r t
\a leHiMove()
\a leMoveForm->leMoveFormLayerField->value = "As Is"
\r "As Is"
\r t
\a geSingleSelectBox()
\i 0.46:0.31
\p > 
\a addPoint(hiGetCommandPoint())
\i 0.26:0.41
\r t
\r nil
\a geSingleSelectBox()
\i 0.48:0.57
\p > 
\a addPoint(hiGetCommandPoint())
\i 0.38:0.52
\r t
\r nil
\a mouseAddPt(t)
\i 0.4385:0.555
\r t
\a mouseAddPt(t)
\i 0.369:0.4005
\r t
\a mouseAddPt(t)
\i 0.4785:0.3465
\r t
\a mouseAddPt(t)
\i 0.58:0.49
\r t
\a hiZoomOutAtMouse()
\i 1.07:0.235
\r t
\a hiZoomOutAtMouse()
\i 1.08:0.235
\r t
\a hiZoomInAtMouse()
\i 2.19:0.16
\r t
\a hiZoomInAtMouse()
\i 2.19:0.16
\r t
\a hiZoomInAtMouse()
\i 1.18:0.4
\r t
\a hiZoomInAtMouse()
\i 1.18:0.4
\r t
\a hiZoomOutAtMouse()
\i 1.18:0.4
\r t
\a hiZoomOutAtMouse()
\i 1.18:0.4
\r t
\a hiZoomOutAtMouse()
\i 1.18:0.4
\r t
\a mouseAddPt(t)
\i 0.9505:0.8145
\r t
\a cancelEnterFun()
\r t
\r nil
\a hiZoomOutAtMouse()
\i 1.475:0.365
\r t
\a hiZoomInAtMouse()
\i 1.495:0.39
\r t
\a hiZoomInAtMouse()
\i 1.5:0.395
\r t
\a hiZoomInAtMouse()
\i 1.5:0.395
\r t
\a hiZoomOutAtMouse()
\i 1.5:0.4
\r t
\a vuiDRCRun()
\o 
\o Loading tech rule set file : /comelec/softs/opt/opus_kits/CADENCE_PDKS/gpdk045_v_4_0/assura/techRuleSets
\o 
\o Loading tech rule set file : /comelec/softs/opt/opus_kits/CADENCE_PDKS/gpdk045_v_4_0/assura/techRuleSets
\o 
\o Loading tech rule set file : /comelec/softs/opt/opus_kits/CADENCE_PDKS/gpdk045_v_4_0/assura/techRuleSets
\o 
\o Loading tech rule set file : /comelec/softs/opt/opus_kits/CADENCE_PDKS/gpdk045_v_4_0/assura/techRuleSets
\o 
\o Loading tech rule set file : /comelec/softs/opt/opus_kits/CADENCE_PDKS/gpdk045_v_4_0/assura/techRuleSets
\o Assura DRC: State loaded "Last"
\p > 
\a hiiSetCurrentForm('vuiDRCForm)
\r t
\a hiFormDone(vuiDRCForm)
\p > 
\a hiiSetCurrentForm('geSaveAllForm)
\r t
\a hiFormDone(geSaveAllForm)
\r t
\o Assura DRC: State saved "Last"
\p > 
\a hiDBoxOK(filexistDBox)
\r t
\w *WARNING* A new Assura job cannot be started when a run is currently active.
\w Do you want to stop viewing the current job and continue?
\w 
\p > 
\a hiDBoxOK(vuiDBox)
\r t
\o Checking in license for "Phys_Ver_Sys_Results_Mgr"
\o 
\o Loading tech rule set file : /comelec/softs/opt/opus_kits/CADENCE_PDKS/gpdk045_v_4_0/assura/techRuleSets
\o 
\o Loading tech rule set file : /comelec/softs/opt/opus_kits/CADENCE_PDKS/gpdk045_v_4_0/assura/techRuleSets
\o 
\o Loading tech rule set file : /comelec/softs/opt/opus_kits/CADENCE_PDKS/gpdk045_v_4_0/assura/techRuleSets
\o 
\o Loading tech rule set file : /comelec/softs/opt/opus_kits/CADENCE_PDKS/gpdk045_v_4_0/assura/techRuleSets
\o 
\o Loading tech rule set file : /comelec/softs/opt/opus_kits/CADENCE_PDKS/gpdk045_v_4_0/assura/techRuleSets
\o Compiling rules...
\o 
\o function switchProc0 redefined
\o function switchProc1 redefined
\o function switchProc2 redefined
\o function switchProc3 redefined
\o function switchProc4 redefined
\o function switchProc5 redefined
\o function switchProc6 redefined
\o function switchProc7 redefined
\o function switchProc8 redefined
\o function switchProc9 redefined
\o function switchProc10 redefined
\o function switchProc11 redefined
\o function switchProc12 redefined
\o function switchProc13 redefined
\o function switchProc14 redefined
\o function switchProc15 redefined
\o function switchProc16 redefined
\o function switchProc17 redefined
\o function switchProc18 redefined
\o function switchProc19 redefined
\o function switchProc20 redefined
\o function switchProc21 redefined
\o function switchProc22 redefined
\o function switchProc23 redefined
\o function switchProc24 redefined
\o function switchProc25 redefined
\o function switchProc26 redefined
\o function switchProc27 redefined
\o function switchProc28 redefined
\o function switchProc29 redefined
\o function switchProc30 redefined
\o function switchProc31 redefined
\o function switchProc32 redefined
\o function switchProc33 redefined
\o function switchProc34 redefined
\o function switchProc35 redefined
\o function switchProc36 redefined
\o function switchProc37 redefined
\o function switchProc38 redefined
\o function switchProc39 redefined
\o function switchProc40 redefined
\o 
\o 
\o Host is 
\o cmd  is /comelec/softs/opt/Cadence/releases/ASSURA41_617/tools.lnx86/assura/bin/assura /cal/exterieurs/afonlupt-25/afonlupt/projetCD2IC/DRC/TSPCFF.rsf -cdslib /cal/exterieurs/afonlupt-25/afonlupt/projetCD2IC/cds.lib -restart -gui
\o Starting the Assura DRC Run: IPC Id ipc:24: pid 960740.
\r t
\r t
\a hiiSetCurrentForm('vuiDRCForm)
\r t
\a hiZoomOutAtMouse()
\i 1.495:0.49
\r t
\a hiZoomOutAtMouse()
\i 1.5:0.49
\r t
\p > 
\a hiDBoxOK(vuiDBox)
\r t
\o Checking out license for "Assura_UI"
\o Checking out license for "Phys_Ver_Sys_Results_Mgr"
\a vuiELWResize( list(254:87 1436:362))
\r t
\a vuiiELWMouseSetEntryLayer(1)
\r t
\a vuiELWApplayFilterCells("")
\r t
\a vuiELWSetCell( "TSPCFF layout TSPCFF_LIB"  )
\r nil
\a vuiELWSetCell( "TSPCFF layout TSPCFF_LIB"  )
\r nil
\a vuiELWSetCell( "TSPCFF layout TSPCFF_LIB"  )
\r nil
\a vuiELWSetCell( "TSPCFF layout TSPCFF_LIB"  )
\r nil
\a vuiDERDisplayWindow()
\r t
\a hiSetCurrentWindow(window(15))
\r t
\a _hiActivateText(window(15) 815 1)
\r t
\a hiSetCurrentIndex( window(15) 815 )
\r t
\a hiInvokeTextSelTriggers( window(15) 815 815 'drag 'select )
\r t
\a hiSetCurrentWindow(window(15))
\r t
\a _hiActivateText(window(15) 815 1)
\r t
\a hiSetCurrentIndex( window(15) 815 )
\r t
\a hiInvokeTextSelTriggers( window(15) 815 815 'drag 'select )
\r t
\a hiSetCurrentWindow(window(15))
\r t
\a vuiDERNextError()
\r t
\a hiSetCurrentWindow(window(15))
\r t
\a hiSetCurrentWindow(window(3))
\r t
\a hiZoomOutAtMouse()
\i 0.78:0.985
\r t
\a hiZoomOutAtMouse()
\i 0.775:0.985
\r t
\a hiZoomOutAtMouse()
\i 0.775:0.98
\r t
\a hiZoomInAtMouse()
\i 2.37:0.835
\r t
\a hiZoomInAtMouse()
\i 2.37:0.835
\r t
\a hiZoomInAtMouse()
\i 2.37:0.835
\r t
\a hiZoomOutAtMouse()
\i 1.97:1.045
\r t
\a hiZoomOutAtMouse()
\i 1.97:1.045
\r t
\a hiZoomInAtMouse()
\i 2.315:0.755
\r t
\a hiZoomOutAtMouse()
\i 1.58:0.645
\r t
\a hiZoomOutAtMouse()
\i 1.545:0.48
\r t
\a hiZoomOutAtMouse()
\i 1.545:0.475
\r t
\a hiZoomInAtMouse()
\i 2.095:-0.035
\r t
\a hiZoomInAtMouse()
\i 2.095:-0.035
\r t
\a hiZoomInAtMouse()
\i 2.095:-0.035
\r t
\a hiZoomInAtMouse()
\i 2.095:-0.035
\r t
\a hiZoomOutAtMouse()
\i 2.06:0.205
\r t
\a hiZoomOutAtMouse()
\i 2.125:0.245
\r t
\a hiZoomOutAtMouse()
\i 1.69:0.255
\r t
\a mouseAddSelectPt()
\i 1.41:0.395
\r t
\a mouseAddSelectPt()
\i 0.885:0.375
\r t
\a mouseAddSelectPt()
\i 0.485:0.395
\r t
\a leHiMove()
\a leMoveForm->leMoveFormLayerField->value = "As Is"
\r "As Is"
\p > 
\a hiZoomInAtMouse()
\i 1.975:0.365
\r t
\a hiZoomInAtMouse()
\i 1.975:0.365
\r t
\a geSingleSelectBox()
\i 1.55:0.335
\p > 
\a addPoint(hiGetCommandPoint())
\i 1.61:0.385
\r t
\r nil
\a geSingleSelectBox()
\i 1.485:0.425
\p > 
\a addPoint(hiGetCommandPoint())
\i 1.605:0.48
\r t
\r nil
\a hiZoomOutAtMouse()
\i 1.57:0.375
\r t
\a hiZoomOutAtMouse()
\i 1.57:0.375
\r t
\a mouseAddPt(t)
\i 1.365:0.3275
\r t
\a hiZoomInAtMouse()
\i 1.425:0.39
\r t
\a hiZoomInAtMouse()
\i 1.425:0.39
\r t
\a mouseAddPt(t)
\i 1.375:0.3725
\r t
\a hiZoomOutAtMouse()
\i 1.695:0.355
\r t
\a hiZoomInAtMouse()
\i 1.69:0.35
\r t
\a hiZoomOutAtMouse()
\i 1.645:0.35
\r t
\a hiZoomInAtMouse()
\i 1.675:0.38
\r t
\a hiZoomInAtMouse()
\i 1.7:0.4
\r t
\a mouseAddPt(t)
\i 1.5705:0.5925
\r t
\a mouseAddPt(t)
\i 1.6325:0.592
\r t
\a hiZoomOutAtMouse()
\i 1.635:0.59
\r t
\a hiZoomOutAtMouse()
\i 1.63:0.59
\r t
\a hiZoomInAtMouse()
\i 1.84:0.33
\r t
\a hiZoomInAtMouse()
\i 1.84:0.33
\r t
\a hiZoomInAtMouse()
\i 1.84:0.33
\r t
\a hiZoomOutAtMouse()
\i 1.84:0.33
\r t
\a hiZoomOutAtMouse()
\i 1.845:0.33
\r t
\a hiZoomOutAtMouse()
\i 1.845:0.33
\r t
\a hiZoomOutAtMouse()
\i 1.845:0.33
\r t
\a _cmdOptionDrawThru2()
\i 4.3975:0.381
\p > 
\a addPoint(hiGetCommandPoint())
\i 4.3975:0.3815
\a hiZoomIn(window(3) list(-1.0125:-2.6935 8.7655:2.4845))
\r t
\r t
\r nil
\a hiZoomInAtMouse()
\i 2.395:0.49
\r t
\a hiZoomInAtMouse()
\i 2.395:0.49
\r t
\a hiZoomOutAtMouse()
\i 2.22:0.505
\r t
\a hiZoomInAtMouse()
\i 2.315:0.535
\r t
\a hiZoomInAtMouse()
\i 2.325:0.54
\r t
\a hiZoomOutAtMouse()
\i 2.355:0.56
\r t
\a hiZoomOutAtMouse()
\i 2.355:0.565
\r t
\a hiZoomOutAtMouse()
\i 2.35:0.56
\r t
\a hiZoomInAtMouse()
\i 1.54:1.41
\r t
\a hiZoomInAtMouse()
\i 1.54:1.41
\r t
\a hiZoomOutAtMouse()
\i 1.245:1.255
\r t
\a hiZoomOutAtMouse()
\i 1.27:1.25
\r t
\a hiZoomOutAtMouse()
\i 0.365:1.065
\r t
\a hiZoomInAtMouse()
\i 0.16:1.215
\r t
\a hiZoomInAtMouse()
\i 0.16:1.215
\r t
\a hiZoomInAtMouse()
\i 0.275:1.22
\r t
\a hiZoomOutAtMouse()
\i 1.05:0.665
\r t
\a hiZoomInAtMouse()
\i 1.045:0.66
\r t
\a hiZoomOutAtMouse()
\i 0.73:0.92
\r t
\a hiZoomInAtMouse()
\i 0.49:1.315
\r t
\a hiZoomInAtMouse()
\i 0.49:1.315
\r t
\a mouseAddPt(t)
\i 0.393:1.3495
\r t
\a cancelEnterFun()
\r t
\r nil
\a mouseSingleSelectPt()
\i 0.455:1.36
\r t
\a _leRotateOrFlip("MY")
\r t
\o INFO (LX-1102): Instance 'Mmp5' abutted to instance 'Mmp3'.
\a leSelBoxOrStretch()
\i 0.465:1.345
\a leMoveForm->leMoveFormLayerField->value = "As Is"
\r "As Is"
\i 0.465:1.345
\p > 
\a addPoint(hiGetCommandPoint())
\i 0.815:1.53
\r t
\o INFO (LX-1102): Instance 'Mmp5' abutted to instance 'Mmp3'.
\r t
\a hiUndo()
\r t
\a hiUndo()
\r t
\a hiZoomOutAtMouse()
\i 0.85:1.33
\r t
\a hiZoomOutAtMouse()
\i 0.85:1.33
\r t
\a leSelBoxOrStretch()
\i 0.435:1.25
\a leMoveForm->leMoveFormLayerField->value = "As Is"
\r "As Is"
\i 0.435:1.25
\p > 
\a addPoint(hiGetCommandPoint())
\i -1.165:1.355
\r t
\r t
\a leSelBoxOrStretch()
\i 0.715:1.215
\i 0.715:1.215
\p > 
\a addPoint(hiGetCommandPoint())
\i -0.6:1.32
\r t
\r t
\a leSelBoxOrStretch()
\i 0.775:1.175
\i 0.775:1.175
\p > 
\a addPoint(hiGetCommandPoint())
\i 0.675:1.095
\r t
\r t
\a leHiMove()
\a leMoveForm->leMoveFormLayerField->value = "As Is"
\r "As Is"
\p > 
\a mouseAddPt(t)
\i 0.7545:1.217
\r t
\a mouseAddPt(t)
\i -0.3405:1.32
\r t
\a mouseAddPt(t)
\i -0.556:1.8805
\r t
\a cancelEnterFun()
\r t
\r nil
\a mouseSingleSelectPt()
\i -0.82:1.975
\r nil
\a mouseSingleSelectPt()
\i -0.495:1.425
\r t
\a mouseAddSelectPt()
\i -1.01:1.46
\r t
\a _leRotateOrFlip("MY")
\r t
\a mouseSingleSelectPt()
\i -1.04:1.69
\r nil
\a hiZoomInAtMouse()
\i -0.945:1.265
\r t
\a leSelBoxOrStretch()
\i -0.99:1.28
\i -0.99:1.28
\p > 
\a addPoint(hiGetCommandPoint())
\i -0.905:1.28
\r t
\r t
\a leHiMove()
\a leMoveForm->leMoveFormLayerField->value = "As Is"
\r "As Is"
\p > 
\a mouseAddPt(t)
\i -0.9115:1.2795
\r t
\a hiZoomInAtMouse()
\i -0.51:1.28
\r t
\a hiZoomInAtMouse()
\i -0.51:1.28
\r t
\a mouseAddPt(t)
\i -0.504:1.2805
\r t
\o INFO (LX-1102): Instance 'Mmp3' abutted to instance 'Mmp5'.
\a hiZoomOutAtMouse()
\i -0.485:1.245
\r t
\a hiZoomOutAtMouse()
\i -0.485:1.24
\r t
\a hiZoomOutAtMouse()
\i -0.475:1.24
\r t
\a mouseAddPt(t)
\i -1.0515:1.647
\r t
\a cancelEnterFun()
\r t
\r nil
\a leSelBoxOrStretch()
\i -0.995:1.66
\i -0.995:1.66
\p > 
\a addPoint(hiGetCommandPoint())
\i -0.115:0.985
\r t
\r t
\a leHiMove()
\a leMoveForm->leMoveFormLayerField->value = "As Is"
\r "As Is"
\p > 
\a mouseAddPt(t)
\i -0.3265:1.2735
\r t
\a hiZoomInAtMouse()
\i 0.365:1.205
\r t
\a mouseAddPt(t)
\i 0.7245:1.1815
\r t
\r t
\a hiZoomOutAtMouse()
\i 0.39:1.405
\r t
\a hiZoomInAtMouse()
\i 0.955:0.74
\r t
\a mouseSingleSelectPt()
\i -0.485:0.76
\r t
\a hiZoomOutAtMouse()
\i 0.37:0.785
\r t
\a hiZoomInAtMouse()
\i 1.095:0.79
\r t
\a hiZoomOutAtMouse()
\i 0.8:0.93
\r t
\a hiZoomInAtMouse()
\i 2.24:0.965
\r t
\a hiZoomOutAtMouse()
\i 1.93:0.985
\r t
\a hiZoomInAtMouse()
\i 0.025:1.705
\r t
\a mouseSingleSelectPt()
\i 0.38:1.355
\r t
\a mouseSubSelectPt()
\i 0.8:1.295
\r nil
\a mouseSingleSelectPt()
\i -0.235:1.35
\r t
\a leHiMove()
\a leMoveForm->leMoveFormLayerField->value = "As Is"
\r "As Is"
\p > 
\a geSingleSelectBox()
\i -0.205:1.45
\p > 
\a addPoint(hiGetCommandPoint())
\i 0.82:1.05
\r t
\r nil
\a mouseAddPt(t)
\i 0.691:1.1965
\r t
\a mouseAddSelectPt()
\i 0.505:1.215
\r t
\a mouseAddPt(t)
\i 0.4235:1.3305
\r t
\a mouseAddSelectPt()
\i 1.08:1.22
\r t
\a mouseAddSelectPt()
\i 1.325:1.21
\r t
\a mouseAddPt(t)
\i 1.324:1.2015
\r t
\a hiZoomInAtMouse()
\i 0.895:1.35
\r t
\a mouseAddPt(t)
\i 0.857:1.347
\r t
\o INFO (LX-1102): Instance 'Mmp2' abutted to instance 'Mmp3'.
\a hiZoomOutAtMouse()
\i 1.035:1.335
\r t
\a hiZoomInAtMouse()
\i 0.585:1.405
\r t
\a hiZoomInAtMouse()
\i 0.585:1.405
\r t
\a hiZoomOutAtMouse()
\i 0.585:1.405
\r t
\a hiUndo()
\r t
\a hiZoomOutAtMouse()
\i 0.605:1.42
\r t
\a mouseAddSelectPt()
\i 1.115:1.18
\r t
\a mouseAddSelectPt()
\i 1.415:1.175
\r t
\a leHiMove()
\a leMoveForm->leMoveFormLayerField->value = "As Is"
\r "As Is"
\r t
\a mouseAddSelectPt()
\i 1.19:1.235
\r t
\a mouseAddSelectPt()
\i 1.325:1.235
\r t
\a mouseAddPt(t)
\i 1.32:1.207
\r t
\a hiZoomInAtMouse()
\i 0.99:1.33
\r t
\a mouseAddPt(t)
\i 0.903:1.349
\r t
\a hiZoomOutAtMouse()
\i 0.945:1.31
\r t
\a mouseAddPt(t)
\i -0.427:1.3785
\r t
\a cancelEnterFun()
\r t
\r nil
\a hiZoomInAtMouse()
\i 0.645:1.37
\r t
\a hiZoomInAtMouse()
\i 0.64:1.375
\r t
\a leSelBoxOrStretch()
\i 0.635:1.395
\i 0.635:1.395
\p > 
\a addPoint(hiGetCommandPoint())
\i 0.605:1.395
\r t
\r t
\a leHiMove()
\a leMoveForm->leMoveFormLayerField->value = "As Is"
\r "As Is"
\p > 
\a mouseAddPt(t)
\i 0.6175:1.397
\r t
\a mouseAddPt(t)
\i 0.589:1.396
\r t
\o INFO (LX-1102): Instance 'Mmp2' abutted to instance 'Mmp4'.
\a mouseAddPt(t)
\i 0.931:1.387
\r t
\a mouseAddPt(t)
\i 0.9025:1.3855
\r t
\a hiUndo()
\r t
\a hiZoomOutAtMouse()
\i 0.715:1.395
\r t
\a hiZoomInAtMouse()
\i 0.585:1.375
\r t
\a leHiMove()
\a leMoveForm->leMoveFormLayerField->value = "As Is"
\r "As Is"
\r t
\a mouseAddPt(t)
\i 0.6375:1.406
\r t
\a mouseAddPt(t)
\i 0.605:1.4065
\r t
\o INFO (LX-1102): Instance 'Mmp2' abutted to instance 'Mmp4'.
\a hiZoomOutAtMouse()
\i 0.525:1.4
\r t
\a hiZoomOutAtMouse()
\i 0.565:1.385
\r t
\a cancelEnterFun()
\r t
\r nil
\a hiZoomOutAtMouse()
\i 0.415:1.315
\r t
\a hiZoomInAtMouse()
\i 1.265:1.34
\r t
\a leHiMove()
\a leMoveForm->leMoveFormLayerField->value = "As Is"
\r "As Is"
\p > 
\a mouseAddPt(t)
\i 1.668:1.246
\r t
\a hiZoomInAtMouse()
\i 1.105:1.39
\r t
\a mouseAddPt(t)
\i 1.0945:1.3865
\r t
\a leHiMove()
\a leMoveForm->leMoveFormLayerField->value = "As Is"
\r "As Is"
\r t
\a mouseAddPt(t)
\i 1.077:1.396
\r t
\a cancelEnterFun()
\r t
\r nil
\a hiZoomOutAtMouse()
\i 1.07:1.37
\r t
\a hiZoomOutAtMouse()
\i 1.085:1.375
\r t
\a mouseSingleSelectPt()
\i -0.62:1.5
\r nil
\a leHiSave()
\r t
\a vuiDRCRun()
\o 
\o Loading tech rule set file : /comelec/softs/opt/opus_kits/CADENCE_PDKS/gpdk045_v_4_0/assura/techRuleSets
\o 
\o Loading tech rule set file : /comelec/softs/opt/opus_kits/CADENCE_PDKS/gpdk045_v_4_0/assura/techRuleSets
\o 
\o Loading tech rule set file : /comelec/softs/opt/opus_kits/CADENCE_PDKS/gpdk045_v_4_0/assura/techRuleSets
\o 
\o Loading tech rule set file : /comelec/softs/opt/opus_kits/CADENCE_PDKS/gpdk045_v_4_0/assura/techRuleSets
\o 
\o Loading tech rule set file : /comelec/softs/opt/opus_kits/CADENCE_PDKS/gpdk045_v_4_0/assura/techRuleSets
\o Assura DRC: State loaded "Last"
\p > 
\a hiiSetCurrentForm('vuiDRCForm)
\r t
\a hiFormDone(vuiDRCForm)
\o Assura DRC: State saved "Last"
\p > 
\a hiDBoxOK(filexistDBox)
\r t
\w *WARNING* A new Assura job cannot be started when a run is currently active.
\w Do you want to stop viewing the current job and continue?
\w 
\p > 
\a hiDBoxOK(vuiDBox)
\r t
\o Checking in license for "Phys_Ver_Sys_Results_Mgr"
\o 
\o Loading tech rule set file : /comelec/softs/opt/opus_kits/CADENCE_PDKS/gpdk045_v_4_0/assura/techRuleSets
\o 
\o Loading tech rule set file : /comelec/softs/opt/opus_kits/CADENCE_PDKS/gpdk045_v_4_0/assura/techRuleSets
\o 
\o Loading tech rule set file : /comelec/softs/opt/opus_kits/CADENCE_PDKS/gpdk045_v_4_0/assura/techRuleSets
\o 
\o Loading tech rule set file : /comelec/softs/opt/opus_kits/CADENCE_PDKS/gpdk045_v_4_0/assura/techRuleSets
\o 
\o Loading tech rule set file : /comelec/softs/opt/opus_kits/CADENCE_PDKS/gpdk045_v_4_0/assura/techRuleSets
\o Compiling rules...
\o 
\o function switchProc0 redefined
\o function switchProc1 redefined
\o function switchProc2 redefined
\o function switchProc3 redefined
\o function switchProc4 redefined
\o function switchProc5 redefined
\o function switchProc6 redefined
\o function switchProc7 redefined
\o function switchProc8 redefined
\o function switchProc9 redefined
\o function switchProc10 redefined
\o function switchProc11 redefined
\o function switchProc12 redefined
\o function switchProc13 redefined
\o function switchProc14 redefined
\o function switchProc15 redefined
\o function switchProc16 redefined
\o function switchProc17 redefined
\o function switchProc18 redefined
\o function switchProc19 redefined
\o function switchProc20 redefined
\o function switchProc21 redefined
\o function switchProc22 redefined
\o function switchProc23 redefined
\o function switchProc24 redefined
\o function switchProc25 redefined
\o function switchProc26 redefined
\o function switchProc27 redefined
\o function switchProc28 redefined
\o function switchProc29 redefined
\o function switchProc30 redefined
\o function switchProc31 redefined
\o function switchProc32 redefined
\o function switchProc33 redefined
\o function switchProc34 redefined
\o function switchProc35 redefined
\o function switchProc36 redefined
\o function switchProc37 redefined
\o function switchProc38 redefined
\o function switchProc39 redefined
\o function switchProc40 redefined
\o 
\o 
\o Host is 
\o cmd  is /comelec/softs/opt/Cadence/releases/ASSURA41_617/tools.lnx86/assura/bin/assura /cal/exterieurs/afonlupt-25/afonlupt/projetCD2IC/DRC/TSPCFF.rsf -cdslib /cal/exterieurs/afonlupt-25/afonlupt/projetCD2IC/cds.lib -restart -gui
\o Starting the Assura DRC Run: IPC Id ipc:26: pid 962761.
\r t
\r t
\p > 
\a hiDBoxOK(vuiDBox)
\r t
\o Checking out license for "Assura_UI"
\o Checking out license for "Phys_Ver_Sys_Results_Mgr"
\a vuiELWResize( list(254:87 1436:362))
\r t
\a vuiiELWMouseSetEntryLayer(1)
\r t
\a vuiiELWMouseSetEntryLayer(1)
\r t
\a vuiELWResize( list(234:385 1436:362))
\r t
\a vuiELWResize( list(234:593 1436:362))
\r t
\a vuiELWResize( list(234:684 1436:362))
\r t
\a vuiELWResize( list(227:684 1436:362))
\r t
\a vuiELWResize( list(218:697 1436:362))
\r t
\a vuiELWResize( list(216:702 1436:362))
\r t
\a vuiELWResize( list(217:702 1436:362))
\r t
\a vuiELWResize( list(221:700 1436:362))
\r t
\a vuiELWResize( list(232:684 1436:362))
\r t
\a vuiELWResize( list(253:653 1436:362))
\r t
\a vuiELWResize( list(267:627 1436:362))
\r t
\a vuiELWResize( list(270:623 1436:362))
\r t
\a vuiELWResize( list(282:605 1436:362))
\r t
\a vuiELWResize( list(295:583 1436:362))
\r t
\a vuiELWResize( list(302:569 1436:362))
\r t
\a vuiELWResize( list(306:560 1436:362))
\r t
\a vuiELWResize( list(321:535 1436:362))
\r t
\a vuiELWResize( list(342:498 1436:362))
\r t
\a vuiELWResize( list(343:498 1436:362))
\r t
\a vuiELWResize( list(385:377 1436:362))
\r t
\a vuiELWResize( list(388:370 1436:362))
\r t
\a vuiELWResize( list(361:413 1436:362))
\r t
\a vuiELWResize( list(331:431 1436:362))
\r t
\a vuiELWResize( list(302:448 1436:362))
\r t
\a vuiELWResize( list(287:461 1436:362))
\r t
\a vuiELWResize( list(272:476 1436:362))
\r t
\a vuiELWResize( list(267:475 1436:362))
\r t
\a vuiELWResize( list(267:263 1436:362))
\r t
\a vuiELWResize( list(266:262 1436:362))
\r t
\a vuiiELWMouseSetEntryLayer(1)
\r t
\a vuiiELWMouseSetEntryLayer(1)
\r t
\a vuiiELWMouseSetEntryLayer(0)
\r t
\a vuiiELWMouseSetEntryLayer(0)
\r t
\a vuiiELWMouseSetEntryLayer(0)
\r t
\a vuiELWSetCell( "TSPCFF layout TSPCFF_LIB"  )
\r nil
\a vuiDERDisplayWindow()
\r t
\a hiSetCurrentWindow(window(16))
\r t
\a hiInvokeTextSelTriggers( window(16) 844 844 'word 'select )
\r t
\a _hiActivateText(window(16) 844 2)
\r t
\a hiZoomInAtMouse()
\i 1.09:1.445
\r t
\a hiZoomOutAtMouse()
\i 0.955:1.5
\r t
\a hiZoomOutAtMouse()
\i 0.58:1.295
\r t
\a pteSetNoneVisible(?panel "Layers")
\r t
\a hiZoomOutAtMouse()
\i 0.54:1.305
\r t
\a mouseSingleSelectPt()
\i -0.615:1.355
\r nil
\a mouseSingleSelectPt()
\i -1.165:1.365
\r nil
\a hiZoomInAtMouse()
\i 1.225:1.125
\r t
\a hiResizeWindow(window(16) list(1283:268 1883:768))
\r t
\a hiSetCurrentWindow(window(16))
\r t
\a hiSetCurrentIndex( window(16) 844 )
\r t
\a hiInvokeTextSelTriggers( window(16) 844 844 'drag 'select )
\r t
\a hiSetCurrentWindow(window(16))
\r t
\a hiInvokeTextSelTriggers( window(16) 844 844 'word 'select )
\r t
\a _hiActivateText(window(16) 844 2)
\r t
\a hiZoomInAtMouse()
\i 0.565:1.42
\r t
\a leHiCreateMeasurement()
\p > 
\a mouseAddPt(t)
\i 0.535:1.4305
\r t
\a mouseAddPt(t)
\i 0.6135:1.4305
\r t
\a cancelEnterFun()
\r t
\r nil
\a pteSetAllVisible(?panel "Layers")
\r t
\a hiZoomOutAtMouse()
\i 0.615:1.41
\r t
\a hiZoomOutAtMouse()
\i 0.61:1.41
\r t
\a hiZoomOutAtMouse()
\i 0.615:1.405
\r t
\a hiZoomInAtMouse()
\i 0.765:1.42
\r t
\a hiZoomInAtMouse()
\i 0.765:1.42
\r t
\a hiZoomInAtMouse()
\i 0.765:1.42
\r t
\a hiZoomInAtMouse()
\i 0.6:1.43
\r t
\a leHiMove()
\a leMoveForm->leMoveFormLayerField->value = "As Is"
\r "As Is"
\p > 
\a mouseAddPt(t)
\i 0.621:1.4175
\r t
\a mouseAddPt(t)
\i 0.645:1.4175
\r t
\a hiZoomOutAtMouse()
\i 0.605:1.425
\r t
\a hiZoomOutAtMouse()
\i 0.605:1.43
\r t
\a hiZoomOutAtMouse()
\i 0.61:1.425
\r t
\a hiZoomInAtMouse()
\i 1.355:1.395
\r t
\a mouseAddPt(t)
\i 1.3015:1.4095
\r t
\a mouseAddPt(t)
\i 1.357:1.4085
\r t
\a hiZoomInAtMouse()
\i 1.05:1.425
\r t
\a hiZoomInAtMouse()
\i 1.05:1.425
\r t
\a leHiCreateMeasurement()
\p > 
\a mouseAddPt(t)
\i 1.02:1.432
\r t
\a mouseAddPt(t)
\i 1.098:1.431
\r t
\a hiZoomOutAtMouse()
\i 1.09:1.425
\r t
\a hiZoomOutAtMouse()
\i 1.09:1.43
\r t
\a cancelEnterFun()
\r t
\r nil
\a hiZoomInAtMouse()
\i 1.125:1.425
\r t
\a hiZoomOutAtMouse()
\i 1.155:1.405
\r t
\a pteSetActiveLpp("Pimp drawing")
\r nil
\a pteSetNoneVisible(?panel "Layers")
\r t
\a hiZoomInAtMouse()
\i 0.53:1.425
\r t
\a hiZoomOutAtMouse()
\i 0.745:1.435
\r t
\a hiZoomOutAtMouse()
\i 0.745:1.43
\r t
\a hiZoomOutAtMouse()
\i -0.115:1.355
\r t
\a pteSetAllVisible(?panel "Layers")
\r t
\a hiZoomInAtMouse()
\i 0.46:1.27
\r t
\a hiZoomInAtMouse()
\i 0.46:1.275
\r t
\a pteSetActiveLpp("PWdummy drawing")
\r nil
\a hiZoomOutAtMouse()
\i 0.535:1.32
\r t
\a hiZoomOutAtMouse()
\i 0.55:1.32
\r t
\a hiZoomOutAtMouse()
\i 0.55:1.32
\r t
\a hiZoomInAtMouse()
\i 0.505:1.325
\r t
\a pteSetNoneVisible(?panel "Layers")
\r t
\a pteSetAllVisible(?panel "Layers")
\r t
\a leHiCreateRect()
\a leRectForm->slotLayer->value = "y0 drawing"
\r "y0 drawing"
\a leRectForm->slotLayer->value = "y0 drawing"
\r "y0 drawing"
\r t
\a mouseAddPt(t)
\i -0.006:0.9445
\r t
\a cancelEnterFun()
\r t
\r nil
\a hiPrevWinView(hiGetCurrentWindow())
\r t
\a leHiEditDisplayOptions()
\r t
\a hiFormCancel(leDisplayOptionsForm) 
\r t
\a leHiCreateRect()
\a leRectForm->slotLayer->value = "y0 drawing"
\r "y0 drawing"
\a leRectForm->slotLayer->value = "y0 drawing"
\r "y0 drawing"
\p > 
\a mouseAddPt(t)
\i -0.0515:0.8605
\r t
\a mouseAddPt(t)
\i 3.039:1.795
\r t
\a cancelEnterFun()
\r t
\r nil
\a leHiSave()
\r t
\a vuiDRCRun()
\o 
\o Loading tech rule set file : /comelec/softs/opt/opus_kits/CADENCE_PDKS/gpdk045_v_4_0/assura/techRuleSets
\o 
\o Loading tech rule set file : /comelec/softs/opt/opus_kits/CADENCE_PDKS/gpdk045_v_4_0/assura/techRuleSets
\o 
\o Loading tech rule set file : /comelec/softs/opt/opus_kits/CADENCE_PDKS/gpdk045_v_4_0/assura/techRuleSets
\o 
\o Loading tech rule set file : /comelec/softs/opt/opus_kits/CADENCE_PDKS/gpdk045_v_4_0/assura/techRuleSets
\o 
\o Loading tech rule set file : /comelec/softs/opt/opus_kits/CADENCE_PDKS/gpdk045_v_4_0/assura/techRuleSets
\o Assura DRC: State loaded "Last"
\p > 
\a hiiSetCurrentForm('vuiDRCForm)
\r t
\a hiFormDone(vuiDRCForm)
\o Assura DRC: State saved "Last"
\p > 
\a hiDBoxOK(filexistDBox)
\r t
\w *WARNING* A new Assura job cannot be started when a run is currently active.
\w Do you want to stop viewing the current job and continue?
\w 
\p > 
\a hiDBoxOK(vuiDBox)
\r t
\o Checking in license for "Phys_Ver_Sys_Results_Mgr"
\o 
\o Loading tech rule set file : /comelec/softs/opt/opus_kits/CADENCE_PDKS/gpdk045_v_4_0/assura/techRuleSets
\o 
\o Loading tech rule set file : /comelec/softs/opt/opus_kits/CADENCE_PDKS/gpdk045_v_4_0/assura/techRuleSets
\o 
\o Loading tech rule set file : /comelec/softs/opt/opus_kits/CADENCE_PDKS/gpdk045_v_4_0/assura/techRuleSets
\o 
\o Loading tech rule set file : /comelec/softs/opt/opus_kits/CADENCE_PDKS/gpdk045_v_4_0/assura/techRuleSets
\o 
\o Loading tech rule set file : /comelec/softs/opt/opus_kits/CADENCE_PDKS/gpdk045_v_4_0/assura/techRuleSets
\o Compiling rules...
\o 
\o function switchProc0 redefined
\o function switchProc1 redefined
\o function switchProc2 redefined
\o function switchProc3 redefined
\o function switchProc4 redefined
\o function switchProc5 redefined
\o function switchProc6 redefined
\o function switchProc7 redefined
\o function switchProc8 redefined
\o function switchProc9 redefined
\o function switchProc10 redefined
\o function switchProc11 redefined
\o function switchProc12 redefined
\o function switchProc13 redefined
\o function switchProc14 redefined
\o function switchProc15 redefined
\o function switchProc16 redefined
\o function switchProc17 redefined
\o function switchProc18 redefined
\o function switchProc19 redefined
\o function switchProc20 redefined
\o function switchProc21 redefined
\o function switchProc22 redefined
\o function switchProc23 redefined
\o function switchProc24 redefined
\o function switchProc25 redefined
\o function switchProc26 redefined
\o function switchProc27 redefined
\o function switchProc28 redefined
\o function switchProc29 redefined
\o function switchProc30 redefined
\o function switchProc31 redefined
\o function switchProc32 redefined
\o function switchProc33 redefined
\o function switchProc34 redefined
\o function switchProc35 redefined
\o function switchProc36 redefined
\o function switchProc37 redefined
\o function switchProc38 redefined
\o function switchProc39 redefined
\o function switchProc40 redefined
\o 
\o 
\o Host is 
\o cmd  is /comelec/softs/opt/Cadence/releases/ASSURA41_617/tools.lnx86/assura/bin/assura /cal/exterieurs/afonlupt-25/afonlupt/projetCD2IC/DRC/TSPCFF.rsf -cdslib /cal/exterieurs/afonlupt-25/afonlupt/projetCD2IC/cds.lib -restart -gui
\o Starting the Assura DRC Run: IPC Id ipc:28: pid 964166.
\r t
\r t
\p > 
\a hiDBoxOK(vuiDBox)
\r t
\o Checking out license for "Assura_UI"
\o Checking out license for "Phys_Ver_Sys_Results_Mgr"
\a vuiELWResize( list(266:262 1436:362))
\r t
\a mouseSingleSelectPt()
\i 3.035:1.545
\r t
\a leHiDelete()
\r t
\a hiZoomInAtMouse()
\i 0.975:1.48
\r t
\a hiZoomInAtMouse()
\i 0.975:1.48
\r t
\a leHiSave()
\r t
\a vuiDRCRun()
\o 
\o Loading tech rule set file : /comelec/softs/opt/opus_kits/CADENCE_PDKS/gpdk045_v_4_0/assura/techRuleSets
\o 
\o Loading tech rule set file : /comelec/softs/opt/opus_kits/CADENCE_PDKS/gpdk045_v_4_0/assura/techRuleSets
\o 
\o Loading tech rule set file : /comelec/softs/opt/opus_kits/CADENCE_PDKS/gpdk045_v_4_0/assura/techRuleSets
\o 
\o Loading tech rule set file : /comelec/softs/opt/opus_kits/CADENCE_PDKS/gpdk045_v_4_0/assura/techRuleSets
\o 
\o Loading tech rule set file : /comelec/softs/opt/opus_kits/CADENCE_PDKS/gpdk045_v_4_0/assura/techRuleSets
\o Assura DRC: State loaded "Last"
\p > 
\a hiiSetCurrentForm('vuiDRCForm)
\r t
\a hiFormDone(vuiDRCForm)
\o Assura DRC: State saved "Last"
\p > 
\a hiDBoxOK(filexistDBox)
\r t
\w *WARNING* A new Assura job cannot be started when a run is currently active.
\w Do you want to stop viewing the current job and continue?
\w 
\p > 
\a hiDBoxOK(vuiDBox)
\r t
\o Checking in license for "Phys_Ver_Sys_Results_Mgr"
\o 
\o Loading tech rule set file : /comelec/softs/opt/opus_kits/CADENCE_PDKS/gpdk045_v_4_0/assura/techRuleSets
\o 
\o Loading tech rule set file : /comelec/softs/opt/opus_kits/CADENCE_PDKS/gpdk045_v_4_0/assura/techRuleSets
\o 
\o Loading tech rule set file : /comelec/softs/opt/opus_kits/CADENCE_PDKS/gpdk045_v_4_0/assura/techRuleSets
\o 
\o Loading tech rule set file : /comelec/softs/opt/opus_kits/CADENCE_PDKS/gpdk045_v_4_0/assura/techRuleSets
\o 
\o Loading tech rule set file : /comelec/softs/opt/opus_kits/CADENCE_PDKS/gpdk045_v_4_0/assura/techRuleSets
\o Compiling rules...
\o 
\o function switchProc0 redefined
\o function switchProc1 redefined
\o function switchProc2 redefined
\o function switchProc3 redefined
\o function switchProc4 redefined
\o function switchProc5 redefined
\o function switchProc6 redefined
\o function switchProc7 redefined
\o function switchProc8 redefined
\o function switchProc9 redefined
\o function switchProc10 redefined
\o function switchProc11 redefined
\o function switchProc12 redefined
\o function switchProc13 redefined
\o function switchProc14 redefined
\o function switchProc15 redefined
\o function switchProc16 redefined
\o function switchProc17 redefined
\o function switchProc18 redefined
\o function switchProc19 redefined
\o function switchProc20 redefined
\o function switchProc21 redefined
\o function switchProc22 redefined
\o function switchProc23 redefined
\o function switchProc24 redefined
\o function switchProc25 redefined
\o function switchProc26 redefined
\o function switchProc27 redefined
\o function switchProc28 redefined
\o function switchProc29 redefined
\o function switchProc30 redefined
\o function switchProc31 redefined
\o function switchProc32 redefined
\o function switchProc33 redefined
\o function switchProc34 redefined
\o function switchProc35 redefined
\o function switchProc36 redefined
\o function switchProc37 redefined
\o function switchProc38 redefined
\o function switchProc39 redefined
\o function switchProc40 redefined
\o 
\o 
\o Host is 
\o cmd  is /comelec/softs/opt/Cadence/releases/ASSURA41_617/tools.lnx86/assura/bin/assura /cal/exterieurs/afonlupt-25/afonlupt/projetCD2IC/DRC/TSPCFF.rsf -cdslib /cal/exterieurs/afonlupt-25/afonlupt/projetCD2IC/cds.lib -restart -gui
\o Starting the Assura DRC Run: IPC Id ipc:30: pid 964801.
\r t
\r t
\a hiiSetCurrentForm('tmp23)
\r t
\p > 
\a hiDBoxOK(vuiDBox)
\r t
\o Checking out license for "Assura_UI"
\o Checking out license for "Phys_Ver_Sys_Results_Mgr"
\a vuiELWResize( list(266:262 1436:362))
\r t
\a vuiiELWMouseSetEntryLayer(0)
\r t
\a vuiiELWMouseSetEntryLayer(2)
\r t
\a vuiiELWMouseSetEntryLayer(5)
\r t
\a vuiiELWMouseSetEntryLayer(5)
\r t
\a vuiiELWMouseSetEntryLayer(5)
\r t
\a vuiELWSetCell( "TSPCFF layout TSPCFF_LIB"  )
\r nil
\a vuiELWSetCell( "TSPCFF layout TSPCFF_LIB"  )
\r nil
\a vuiDERDisplayWindow()
\r t
\a hiSetCurrentWindow(window(17))
\r t
\a hiInvokeTextSelTriggers( window(17) 829 829 'word 'select )
\r t
\a _hiActivateText(window(17) 829 2)
\r t
\a hiResizeWindow(window(17) list(1471:237 2071:737))
\r t
\a hiZoomOutAtMouse()
\i 0.73:1.365
\r t
\a hiZoomOutAtMouse()
\i 0.72:1.33
\r t
\a hiZoomOutAtMouse()
\i 0.675:1.31
\r t
\a hiZoomInAtMouse()
\i 0.755:1.33
\r t
\a hiZoomInAtMouse()
\i 0.74:1.335
\r t
\a hiZoomOutAtMouse()
\i 0.74:1.335
\r t
\a leHiMove()
\a leMoveForm->leMoveFormLayerField->value = "As Is"
\r "As Is"
\p > 
\a hiZoomInAtMouse()
\i 0.945:1.42
\r t
\a mouseAddPt(t)
\i 0.949:1.4175
\r t
\a mouseAddPt(t)
\i 0.871:1.42
\r t
\a hiZoomOutAtMouse()
\i 0.885:1.38
\r t
\a mouseAddPt(t)
\i 0.8665:1.3855
\r t
\a mouseAddPt(t)
\i 1.0695:1.385
\r t
\a mouseAddPt(t)
\i 1.1325:1.3945
\r t
\a mouseAddPt(t)
\i 1.337:1.3865
\r t
\a mouseAddPt(t)
\i 0.9325:1.378
\r t
\a mouseAddPt(t)
\i 1.146:1.058
\r t
\a hiZoomOutAtMouse()
\i 0.955:1.35
\r t
\a hiZoomOutAtMouse()
\i 0.96:1.35
\r t
\a hiZoomInAtMouse()
\i 0.9:0.96
\r t
\a hiZoomInAtMouse()
\i 0.9:0.96
\r t
\a mouseAddPt(t)
\i 0.8725:1.036
\r t
\a mouseAddPt(t)
\i 0.7865:0.9605
\r t
\a hiZoomOutAtMouse()
\i 0.92:0.97
\r t
\a hiZoomInAtMouse()
\i 1.07:1.05
\r t
\a cancelEnterFun()
\r t
\r nil
\a mouseSingleSelectPt()
\i 0.97:1.035
\r t
\a hiZoomOutAtMouse()
\i 0.665:1.325
\r t
\a leHiMove()
\a leMoveForm->leMoveFormLayerField->value = "As Is"
\r "As Is"
\p > 
\a mouseAddPt(t)
\i 0.9765:0.957
\r t
\a mouseAddPt(t)
\i 1.341:0.9765
\r t
\r t
\a mouseSingleSelectPt()
\i 0.84:1.33
\r t
\a _leRotateOrFlip("MY")
\r t
\a leHiMove()
\a leMoveForm->leMoveFormLayerField->value = "As Is"
\r "As Is"
\p > 
\a mouseAddPt(t)
\i 0.9785:1.327
\r t
\a mouseAddPt(t)
\i 1.1625:1.3175
\r t
\r t
\a leHiMove()
\a leMoveForm->leMoveFormLayerField->value = "As Is"
\r "As Is"
\p > 
\a mouseAddPt(t)
\i 1.55:1.24
\r t
\a cancelEnterFun()
\r t
\r nil
\a mouseSingleSelectPt()
\i -0.24:1.18
\r t
\a leHiMove()
\a leMoveForm->leMoveFormLayerField->value = "As Is"
\r "As Is"
\p > 
\a mouseAddPt(t)
\i 1.428:1.242
\r t
\a cancelEnterFun()
\r t
\r nil
\a leDoubleClick()
\i -0.28:1.24
\r t
\a leDoubleClick()
\i -0.31:1.145
\r t
\a leHiMove()
\a leMoveForm->leMoveFormLayerField->value = "As Is"
\r "As Is"
\p > 
\a cancelEnterFun()
\r t
\r nil
\a leHiMove()
\a leMoveForm->leMoveFormLayerField->value = "As Is"
\r "As Is"
\p > 
\a mouseAddPt(t)
\i 1.527:1.2535
\r t
\a cancelEnterFun()
\r t
\r nil
\a hiZoomOutAtMouse()
\i 0.17:1.055
\r t
\a mouseSingleSelectPt()
\i -0.29:0.045
\r nil
\a leSelBoxOrStretch()
\i -0.39:0.125
\i -0.39:0.125
\p > 
\a addPoint(hiGetCommandPoint())
\i -0.205:-0.095
\r t
\r t
\a mouseSingleSelectPt()
\i -0.45:0.105
\r nil
\a mouseSingleSelectPt()
\i -0.43:0.125
\r t
\a leHiMove()
\a leMoveForm->leMoveFormLayerField->value = "As Is"
\r "As Is"
\p > 
\a mouseAddPt(t)
\i -0.4575:0.1145
\r t
\a mouseAddPt(t)
\i 4.33:0.1765
\r t
\r t
\a mouseSingleSelectPt()
\i 0.165:-0.305
\r nil
\a mouseSingleSelectPt()
\i 0:-0.05
\r t
\a _lxHiMousePopUp()
\o Loading dynAGUtil.cxt 
\i -0.03:-0.05
\i -0.03:-0.05
\r nil
\a hiPopupDown(_cxtMenu)
\r t
\a leHiEditProp()
\r t
\a geiPlInvokePlistAction("editorNum0" "cancel")
\r t
\a pteSetSelectable("Nwell drawing" nil "Layers")
\r t
\a pteSetSelectable("Nwell drawing" t "Layers")
\r t
\a mouseSingleSelectPt()
\i -0.785:1.33
\r nil
\a mouseSingleSelectPt()
\i 0.18:-0.035
\r t
\a _lxHiMousePopUp()
\i 0.18:-0.035
\i 0.18:-0.035
\r nil
\a hiPopupDown(_cxtMenu)
\r t
\a leHiEditProp()
\r t
\a geiPlChangePlistCategory("editorNum0" "parameter")
\r t
\a geiPlChangePlistCategory("editorNum0" "property")
\r t
\a geiPlChangePlistCategory("editorNum0" "parameter")
\r t
\a geiPlChangePlistCategory("editorNum0" "ROD")
\r t
\a geiPlInvokePlistAction("editorNum0" "cancel")
\r t
\a _deUpdateWindowMenu('leSessionWindowMenu3 3)
\r t
\a AssistSlider3->TreeAssistant->checked=t
\a _treeNavActivateOpc(dwindow('treeAssistant2) "")
\r t
\r t
\a _treeNavToggleColumn(dwindow('treeAssistant2) "9" "t")
\r t
\a _treeNavActivateOpc(dwindow('treeAssistant2) "Objects/Instances")
\r t
\a _treeNavSelectionClear(dwindow('treeAssistant2))
\r t
\a _treeNavSelect(dwindow('treeAssistant2) "/Mmn2(layout) Inst")
\r t
\a _treeNavExpand(dwindow('treeAssistant2) " Inst")
\r t
\a _treeNavExpand(dwindow('treeAssistant2) " Inst")
\r t
\a _treeRaiseContextMenu()
\r nil
\a hiPopupDown(_cxtMenu)
\r t
\a hiZoomInAtMouse()
\i 0.96:1.38
\r t
\a mouseSingleSelectPt()
\i -0.09:1.255
\r nil
\a leHiMove()
\a leMoveForm->leMoveFormLayerField->value = "As Is"
\r "As Is"
\p > 
\a mouseAddPt(t)
\i 1.3385:0.984
\r t
\a hiZoomInAtMouse()
\i 0.92:1.345
\r t
\a hiZoomInAtMouse()
\i 0.91:1.35
\r t
\a mouseAddPt(t)
\i 0.9:1.3545
\r t
\o INFO (LX-1102): Instance 'Mmp2' abutted to instance 'Mmp4'.
\a hiZoomOutAtMouse()
\i 0.965:1.295
\r t
\a hiZoomOutAtMouse()
\i 0.96:1.295
\r t
\a cancelEnterFun()
\r t
\r nil
\a hiZoomInAtMouse()
\i 0.695:1.375
\r t
\a hiZoomInAtMouse()
\i 0.695:1.375
\r t
\a mouseSingleSelectPt()
\i 0.795:1.38
\r t
\a hiZoomOutAtMouse()
\i 0.785:1.365
\r t
\a mouseAddSelectPt()
\i 1.1:1.37
\r t
\a leHiMove()
\a leMoveForm->leMoveFormLayerField->value = "As Is"
\r "As Is"
\p > 
\a mouseAddPt(t)
\i 0.816:1.4055
\r t
\a hiZoomInAtMouse()
\i 0.665:1.4
\r t
\a mouseAddPt(t)
\i 0.6685:1.4085
\r t
\r t
\a hiZoomOutAtMouse()
\i 0.72:1.39
\r t
\a hiZoomOutAtMouse()
\i 0.85:1.39
\r t
\a mouseSingleSelectPt()
\i -0.19:1.365
\r nil
\a hiZoomInAtMouse()
\i 0.985:1.37
\r t
\a leHiSave()
\r t
\a vuiDRCRun()
\o 
\o Loading tech rule set file : /comelec/softs/opt/opus_kits/CADENCE_PDKS/gpdk045_v_4_0/assura/techRuleSets
\o 
\o Loading tech rule set file : /comelec/softs/opt/opus_kits/CADENCE_PDKS/gpdk045_v_4_0/assura/techRuleSets
\o 
\o Loading tech rule set file : /comelec/softs/opt/opus_kits/CADENCE_PDKS/gpdk045_v_4_0/assura/techRuleSets
\o 
\o Loading tech rule set file : /comelec/softs/opt/opus_kits/CADENCE_PDKS/gpdk045_v_4_0/assura/techRuleSets
\o 
\o Loading tech rule set file : /comelec/softs/opt/opus_kits/CADENCE_PDKS/gpdk045_v_4_0/assura/techRuleSets
\o Assura DRC: State loaded "Last"
\p > 
\a hiiSetCurrentForm('vuiDRCForm)
\r t
\a hiFormDone(vuiDRCForm)
\o Assura DRC: State saved "Last"
\p > 
\a hiDBoxOK(filexistDBox)
\r t
\w *WARNING* A new Assura job cannot be started when a run is currently active.
\w Do you want to stop viewing the current job and continue?
\w 
\p > 
\a hiDBoxOK(vuiDBox)
\r t
\o Checking in license for "Phys_Ver_Sys_Results_Mgr"
\o 
\o Loading tech rule set file : /comelec/softs/opt/opus_kits/CADENCE_PDKS/gpdk045_v_4_0/assura/techRuleSets
\o 
\o Loading tech rule set file : /comelec/softs/opt/opus_kits/CADENCE_PDKS/gpdk045_v_4_0/assura/techRuleSets
\o 
\o Loading tech rule set file : /comelec/softs/opt/opus_kits/CADENCE_PDKS/gpdk045_v_4_0/assura/techRuleSets
\o 
\o Loading tech rule set file : /comelec/softs/opt/opus_kits/CADENCE_PDKS/gpdk045_v_4_0/assura/techRuleSets
\o 
\o Loading tech rule set file : /comelec/softs/opt/opus_kits/CADENCE_PDKS/gpdk045_v_4_0/assura/techRuleSets
\o Compiling rules...
\o 
\o function switchProc0 redefined
\o function switchProc1 redefined
\o function switchProc2 redefined
\o function switchProc3 redefined
\o function switchProc4 redefined
\o function switchProc5 redefined
\o function switchProc6 redefined
\o function switchProc7 redefined
\o function switchProc8 redefined
\o function switchProc9 redefined
\o function switchProc10 redefined
\o function switchProc11 redefined
\o function switchProc12 redefined
\o function switchProc13 redefined
\o function switchProc14 redefined
\o function switchProc15 redefined
\o function switchProc16 redefined
\o function switchProc17 redefined
\o function switchProc18 redefined
\o function switchProc19 redefined
\o function switchProc20 redefined
\o function switchProc21 redefined
\o function switchProc22 redefined
\o function switchProc23 redefined
\o function switchProc24 redefined
\o function switchProc25 redefined
\o function switchProc26 redefined
\o function switchProc27 redefined
\o function switchProc28 redefined
\o function switchProc29 redefined
\o function switchProc30 redefined
\o function switchProc31 redefined
\o function switchProc32 redefined
\o function switchProc33 redefined
\o function switchProc34 redefined
\o function switchProc35 redefined
\o function switchProc36 redefined
\o function switchProc37 redefined
\o function switchProc38 redefined
\o function switchProc39 redefined
\o function switchProc40 redefined
\o 
\o 
\o Host is 
\o cmd  is /comelec/softs/opt/Cadence/releases/ASSURA41_617/tools.lnx86/assura/bin/assura /cal/exterieurs/afonlupt-25/afonlupt/projetCD2IC/DRC/TSPCFF.rsf -cdslib /cal/exterieurs/afonlupt-25/afonlupt/projetCD2IC/cds.lib -restart -gui
\o Starting the Assura DRC Run: IPC Id ipc:32: pid 966596.
\r t
\r t
\p > 
\a hiDBoxOK(vuiDBox)
\r t
\o Checking out license for "Assura_UI"
\o Checking out license for "Phys_Ver_Sys_Results_Mgr"
\a vuiELWResize( list(266:262 1436:362))
\r t
\a vuiELWResize( list(266:262 1436:362))
\r t
\a vuiiELWMouseSetEntryLayer(0)
\r t
\a vuiiELWMouseSetEntryLayer(0)
\r t
\a hiZoomInAtMouse()
\i 1.28:1.435
\r t
\a hiPrevWinView(hiGetCurrentWindow())
\r t
\a leHiCreateMeasurement()
\p > 
\a hiZoomInAtMouse()
\i 1.13:1.41
\r t
\a mouseAddPt(t)
\i 1.047:1.41
\r t
\a hiZoomInAtMouse()
\i 1.095:1.42
\r t
\a hiZoomInAtMouse()
\i 1.095:1.42
\r t
\a mouseAddPt(t)
\i 1.1265:1.42
\r t
\a hiZoomOutAtMouse()
\i 1.07:1.41
\r t
\a hiZoomOutAtMouse()
\i 1.065:1.415
\r t
\a cancelEnterFun()
\r t
\r nil
\a leHiMove()
\a leMoveForm->leMoveFormLayerField->value = "As Is"
\r "As Is"
\p > 
\a mouseAddPt(t)
\i 1.3045:1.4045
\r t
\a mouseAddPt(t)
\i 1.1435:1.416
\r t
\a hiZoomOutAtMouse()
\i 1.005:1.44
\r t
\a hiZoomOutAtMouse()
\i 1.1:1.41
\r t
\a hiZoomOutAtMouse()
\i 0.985:1.39
\r t
\a hiZoomInAtMouse()
\i 1.73:1.365
\r t
\a hiZoomInAtMouse()
\i 1.73:1.365
\r t
\a cancelEnterFun()
\r t
\r nil
\a leHiCreateMeasurement()
\p > 
\a hiZoomInAtMouse()
\i 1.44:1.45
\r t
\a mouseAddPt(t)
\i 1.4505:1.43
\r t
\a mouseAddPt(t)
\i 1.531:1.4335
\r t
\a cancelEnterFun()
\r t
\r nil
\a hiZoomOutAtMouse()
\i 1.495:1.42
\r t
\a hiZoomOutAtMouse()
\i 1.545:1.405
\r t
\a leHiMove()
\a leMoveForm->leMoveFormLayerField->value = "As Is"
\r "As Is"
\p > 
\a mouseAddPt(t)
\i 2.165:1.254
\r t
\a hiZoomInAtMouse()
\i 1.525:1.415
\r t
\a hiZoomInAtMouse()
\i 1.54:1.42
\r t
\a hiZoomInAtMouse()
\i 1.56:1.415
\r t
\a mouseAddPt(t)
\i 1.5905:1.4015
\r t
\a hiZoomOutAtMouse()
\i 1.53:1.415
\r t
\a hiZoomOutAtMouse()
\i 1.53:1.41
\r t
\a hiZoomOutAtMouse()
\i 1.53:1.41
\r t
\a hiZoomInAtMouse()
\i 2.565:1.31
\r t
\a leHiMove()
\a leMoveForm->leMoveFormLayerField->value = "As Is"
\r "As Is"
\r t
\a hiZoomInAtMouse()
\i 1.87:1.41
\r t
\a cancelEnterFun()
\r t
\r nil
\a leHiCreateMeasurement()
\p > 
\a mouseAddPt(t)
\i 1.8555:1.407
\r t
\a mouseAddPt(t)
\i 1.9365:1.4105
\r t
\a hiZoomOutAtMouse()
\i 1.925:1.385
\r t
\a cancelEnterFun()
\r t
\r nil
\a hiZoomOutAtMouse()
\i 1.965:1.385
\r t
\a leHiMove()
\a leMoveForm->leMoveFormLayerField->value = "As Is"
\r "As Is"
\p > 
\a mouseAddPt(t)
\i 2.666:1.285
\r t
\a hiZoomInAtMouse()
\i 2.025:1.335
\r t
\a hiZoomInAtMouse()
\i 2.01:1.335
\r t
\a mouseAddPt(t)
\i 1.979:1.334
\r t
\a hiZoomOutAtMouse()
\i 2.125:1.37
\r t
\a hiZoomOutAtMouse()
\i 2.13:1.365
\r t
\a hiZoomOutAtMouse()
\i 2.135:1.37
\r t
\a hiZoomInAtMouse()
\i 0.41:1.225
\r t
\a hiZoomOutAtMouse()
\i 0.41:1.08
\r t
\a hiZoomInAtMouse()
\i 1.36:0.66
\r t
\a hiZoomOutAtMouse()
\i 1.78:0.72
\r t
\a hiZoomInAtMouse()
\i 0.16:0.785
\r t
\a hiZoomInAtMouse()
\i 0.765:0.38
\r t
\a hiZoomOutAtMouse()
\i 0.455:0.5
\r t
\a hiZoomInAtMouse()
\i 1.825:0.42
\r t
\a hiZoomOutAtMouse()
\i 1.32:0.505
\r t
\a hiZoomInAtMouse()
\i 2.84:0.545
\r t
\a hiZoomInAtMouse()
\i 2.84:0.545
\r t
\a hiZoomOutAtMouse()
\i 2.79:0.545
\r t
\a hiZoomOutAtMouse()
\i 2.785:0.55
\r t
\a hiZoomOutAtMouse()
\i 2.45:0.46
\r t
\a hiZoomInAtMouse()
\i 1.355:0.525
\r t
\a hiZoomInAtMouse()
\i 1.465:0.405
\r t
\a cancelEnterFun()
\r t
\r nil
\a leHiMove()
\a leMoveForm->leMoveFormLayerField->value = "As Is"
\r "As Is"
\p > 
\a mouseAddPt(t)
\i 1.399:0.448
\r t
\a mouseAddPt(t)
\i 1.021:0.41
\r t
\o INFO (LX-1102): Instance 'Xclkinv|Mmn0' abutted to instance 'Mmn2'.
\a mouseAddPt(t)
\i 1.0695:0.419
\r t
\a mouseAddPt(t)
\i 0.98:0.4285
\r t
\o INFO (LX-1102): Instance 'Mmn2' abutted to instance 'Xclkinv|Mmn0'.
\a hiZoomOutAtMouse()
\i 1.385:0.455
\r t
\a hiZoomOutAtMouse()
\i 1.38:0.455
\r t
\a mouseAddPt(t)
\i -0.9235:0.341
\r t
\a hiZoomInAtMouse()
\i 0.965:0.235
\r t
\a hiZoomInAtMouse()
\i 0.985:0.25
\r t
\a mouseApplyOrFinishPoint()
\i 1.195:0.335
\r t
\a leHiMove()
\a leMoveForm->leMoveFormLayerField->value = "As Is"
\r "As Is"
\r t
\a mouseAddPt(t)
\i 1.1275:0.3775
\r t
\a mouseAddPt(t)
\i 1.3225:0.3755
\r t
\a mouseAddPt(t)
\i 1.2635:0.37
\r t
\a leHiMove()
\a leMoveForm->leMoveFormLayerField->value = "As Is"
\r "As Is"
\r t
\a mouseAddPt(t)
\i 1.177:0.3865
\r t
\a mouseAddPt(t)
\i 0.98:0.392
\r t
\o INFO (LX-1102): Instance 'Xclkinv|Mmn0' abutted to instance 'Mmn2'.
\a cancelEnterFun()
\r t
\r nil
\a hiZoomOutAtMouse()
\i 1.12:0.33
\r t
\a mouseSingleSelectPt()
\i -0.195:0.32
\r nil
\a hiZoomOutAtMouse()
\i -0.195:0.32
\r t
\a hiZoomInAtMouse()
\i 2.31:0.365
\r t
\a hiZoomOutAtMouse()
\i 3.04:0.43
\r t
\a deFileOpen()
\p > 
\a leHiSave()
\r t
\a vuiDRCRun()
\o 
\o Loading tech rule set file : /comelec/softs/opt/opus_kits/CADENCE_PDKS/gpdk045_v_4_0/assura/techRuleSets
\o 
\o Loading tech rule set file : /comelec/softs/opt/opus_kits/CADENCE_PDKS/gpdk045_v_4_0/assura/techRuleSets
\o 
\o Loading tech rule set file : /comelec/softs/opt/opus_kits/CADENCE_PDKS/gpdk045_v_4_0/assura/techRuleSets
\o 
\o Loading tech rule set file : /comelec/softs/opt/opus_kits/CADENCE_PDKS/gpdk045_v_4_0/assura/techRuleSets
\o 
\o Loading tech rule set file : /comelec/softs/opt/opus_kits/CADENCE_PDKS/gpdk045_v_4_0/assura/techRuleSets
\o Assura DRC: State loaded "Last"
\p > 
\a hiiSetCurrentForm('vuiDRCForm)
\r t
\a hiFormDone(vuiDRCForm)
\o Assura DRC: State saved "Last"
\p > 
\a hiDBoxOK(filexistDBox)
\r t
\w *WARNING* A new Assura job cannot be started when a run is currently active.
\w Do you want to stop viewing the current job and continue?
\w 
\p > 
\a hiDBoxOK(vuiDBox)
\r t
\o Checking in license for "Phys_Ver_Sys_Results_Mgr"
\o 
\o Loading tech rule set file : /comelec/softs/opt/opus_kits/CADENCE_PDKS/gpdk045_v_4_0/assura/techRuleSets
\o 
\o Loading tech rule set file : /comelec/softs/opt/opus_kits/CADENCE_PDKS/gpdk045_v_4_0/assura/techRuleSets
\o 
\o Loading tech rule set file : /comelec/softs/opt/opus_kits/CADENCE_PDKS/gpdk045_v_4_0/assura/techRuleSets
\o 
\o Loading tech rule set file : /comelec/softs/opt/opus_kits/CADENCE_PDKS/gpdk045_v_4_0/assura/techRuleSets
\o 
\o Loading tech rule set file : /comelec/softs/opt/opus_kits/CADENCE_PDKS/gpdk045_v_4_0/assura/techRuleSets
\o Compiling rules...
\o 
\o function switchProc0 redefined
\o function switchProc1 redefined
\o function switchProc2 redefined
\o function switchProc3 redefined
\o function switchProc4 redefined
\o function switchProc5 redefined
\o function switchProc6 redefined
\o function switchProc7 redefined
\o function switchProc8 redefined
\o function switchProc9 redefined
\o function switchProc10 redefined
\o function switchProc11 redefined
\o function switchProc12 redefined
\o function switchProc13 redefined
\o function switchProc14 redefined
\o function switchProc15 redefined
\o function switchProc16 redefined
\o function switchProc17 redefined
\o function switchProc18 redefined
\o function switchProc19 redefined
\o function switchProc20 redefined
\o function switchProc21 redefined
\o function switchProc22 redefined
\o function switchProc23 redefined
\o function switchProc24 redefined
\o function switchProc25 redefined
\o function switchProc26 redefined
\o function switchProc27 redefined
\o function switchProc28 redefined
\o function switchProc29 redefined
\o function switchProc30 redefined
\o function switchProc31 redefined
\o function switchProc32 redefined
\o function switchProc33 redefined
\o function switchProc34 redefined
\o function switchProc35 redefined
\o function switchProc36 redefined
\o function switchProc37 redefined
\o function switchProc38 redefined
\o function switchProc39 redefined
\o function switchProc40 redefined
\o 
\o 
\o Host is 
\o cmd  is /comelec/softs/opt/Cadence/releases/ASSURA41_617/tools.lnx86/assura/bin/assura /cal/exterieurs/afonlupt-25/afonlupt/projetCD2IC/DRC/TSPCFF.rsf -cdslib /cal/exterieurs/afonlupt-25/afonlupt/projetCD2IC/cds.lib -restart -gui
\o Starting the Assura DRC Run: IPC Id ipc:34: pid 967852.
\r t
\r t
\p > 
\a hiDBoxOK(vuiDBox)
\r t
\o Checking out license for "Assura_UI"
\o Checking out license for "Phys_Ver_Sys_Results_Mgr"
\a vuiELWResize( list(266:262 1436:362))
\r t
\a mouseSingleSelectPt()
\i -0.39:1.905
\r nil
\a hiZoomInAtMouse()
\i 0.745:1.44
\r t
\a hiZoomInAtMouse()
\i 0.745:1.44
\r t
\a hiZoomOutAtMouse()
\i 0.94:1.28
\r t
\a hiZoomInAtMouse()
\i 1.645:1.29
\r t
\a leHiMove()
\a leMoveForm->leMoveFormLayerField->value = "As Is"
\r "As Is"
\p > 
\a hiZoomInAtMouse()
\i 1.61:1.345
\r t
\a hiZoomInAtMouse()
\i 1.61:1.345
\r t
\a mouseAddPt(t)
\i 1.6:1.3455
\r t
\a mouseAddPt(t)
\i 1.3985:1.3435
\r t
\o INFO (LX-1102): Instance 'Mmp1' abutted to instance 'Xclkinv|Mmp0'.
\a hiZoomOutAtMouse()
\i 1.505:1.32
\r t
\a hiZoomOutAtMouse()
\i 1.505:1.32
\r t
\a hiZoomOutAtMouse()
\i 1.505:1.32
\r t
\a hiZoomOutAtMouse()
\i 2.455:1.285
\r t
\a hiZoomInAtMouse()
\i 0.545:1.315
\r t
\a hiZoomOutAtMouse()
\i -0.21:1.465
\r t
\a hiZoomInAtMouse()
\i 2.16:1.295
\r t
\a hiZoomInAtMouse()
\i 1.7:1.555
\r t
\a hiZoomInAtMouse()
\i 1.7:1.555
\r t
\a hiZoomOutAtMouse()
\i 1.71:1.475
\r t
\a hiZoomInAtMouse()
\i 1.685:1.345
\r t
\a leHiCreateMeasurement()
\p > 
\a mouseAddPt(t)
\i 1.6565:1.4115
\r t
\a mouseAddPt(t)
\i 1.734:1.413
\r t
\a cancelEnterFun()
\r t
\r nil
\a leHiMove()
\a leMoveForm->leMoveFormLayerField->value = "As Is"
\r "As Is"
\r t
\a mouseAddPt(t)
\i 1.961:1.432
\r t
\a mouseAddPt(t)
\i 1.758:1.428
\r t
\a cancelEnterFun()
\r t
\r nil
\a leHiClearMeasurement()
\r t
\a hiZoomOutAtMouse()
\i 1.7:1.48
\r t
\a hiZoomOutAtMouse()
\i 1.715:1.48
\r t
\a hiZoomOutAtMouse()
\i 1.72:1.475
\r t
\a hiZoomOutAtMouse()
\i 1.775:1.48
\r t
\a hiZoomInAtMouse()
\i 2.255:1.405
\r t
\a hiZoomInAtMouse()
\i 2.255:1.405
\r t
\a hiZoomOutAtMouse()
\i 2.97:1.375
\r t
\a hiZoomInAtMouse()
\i 0.405:0.855
\r t
\a hiZoomOutAtMouse()
\i -0.175:0.895
\r t
\a hiZoomInAtMouse()
\i 2.66:0.605
\r t
\a hiZoomOutAtMouse()
\i 2.66:0.605
\r t
\a hiZoomInAtMouse()
\i 0.135:0.91
\r t
\a leHiMove()
\a leMoveForm->leMoveFormLayerField->value = "As Is"
\r "As Is"
\p > 
\a mouseAddPt(t)
\i -0.0175:1.0615
\r t
\a cancelEnterFun()
\r t
\r nil
\a leCycleSnapModes()
\r t
\a leHiMove()
\a leMoveForm->leMoveFormLayerField->value = "As Is"
\r "As Is"
\p > 
\a hiZoomInAtMouse()
\i -0.03:1.48
\r t
\a hiZoomInAtMouse()
\i -0.03:1.48
\r t
\a mouseAddPt(t)
\i -0.034:1.4405
\r t
\a mouseAddPt(t)
\i 0.059:1.437
\r t
\a hiZoomOutAtMouse()
\i -0.035:1.4
\r t
\a hiZoomOutAtMouse()
\i -0.035:1.4
\r t
\a cancelEnterFun()
\r t
\r nil
\a mouseSingleSelectPt()
\i -0.175:1.535
\r nil
\a hiZoomOutAtMouse()
\i -0.175:1.535
\r t
\a hiZoomOutAtMouse()
\i -0.105:1.56
\r t
\a hiZoomInAtMouse()
\i -0.105:0.85
\r t
\a hiZoomInAtMouse()
\i 0.07:0.7
\r t
\a leHiMove()
\a leMoveForm->leMoveFormLayerField->value = "As Is"
\r "As Is"
\p > 
\a mouseAddPt(t)
\i 0.329:0.5205
\r t
\a mouseAddPt(t)
\i 0.236:0.565
\r t
\a hiZoomInAtMouse()
\i 0.24:0.745
\r t
\a hiZoomInAtMouse()
\i 0.24:0.745
\r t
\a hiZoomOutAtMouse()
\i 0.27:0.635
\r t
\a hiZoomOutAtMouse()
\i 0.275:0.635
\r t
\a hiZoomInAtMouse()
\i 0.295:1.14
\r t
\a leHiCreateMeasurement()
\p > 
\a mouseAddPt(t)
\i 0.292:1.1705
\r t
\a cancelEnterFun()
\r t
\r nil
\a hiZoomInAtMouse()
\i 0.285:1.15
\r t
\a hiZoomInAtMouse()
\i 0.285:1.15
\r t
\a hiZoomInAtMouse()
\i 0.285:1.15
\r t
\a hiZoomOutAtMouse()
\i 0.29:1.12
\r t
\a hiZoomOutAtMouse()
\i 0.29:1.125
\r t
\a leHiCreateMeasurement()
\p > 
\a mouseAddPt(t)
\i 0.2895:1.2605
\r t
\a hiZoomOutAtMouse()
\i 0.34:1.205
\r t
\a hiZoomOutAtMouse()
\i 0.35:1.26
\r t
\a hiZoomOutAtMouse()
\i 0.335:1.26
\r t
\a hiZoomInAtMouse()
\i 0.405:0.555
\r t
\a hiZoomInAtMouse()
\i 0.405:0.555
\r t
\a mouseAddPt(t)
\i 0.4445:0.541
\r t
\a hiZoomInAtMouse()
\i 0.2825:0.495
\r t
\a hiZoomInAtMouse()
\i 0.2825:0.495
\r t
\a cancelEnterFun()
\r t
\r nil
\a leHiMove()
\a leMoveForm->leMoveFormLayerField->value = "As Is"
\r "As Is"
\r t
\a mouseAddPt(t)
\i 0.305:0.5045
\r t
\a mouseAddPt(t)
\i 0.29:0.5045
\r t
\a hiZoomOutAtMouse()
\i 0.32:0.495
\r t
\a hiZoomOutAtMouse()
\i 0.32:0.5
\r t
\a hiZoomOutAtMouse()
\i 0.285:0.56
\r t
\a hiZoomInAtMouse()
\i 0.77:0.46
\r t
\a hiZoomInAtMouse()
\i 0.77:0.46
\r t
\a hiZoomOutAtMouse()
\i 0.66:0.465
\r t
\a hiZoomOutAtMouse()
\i 0.66:0.465
\r t
\a cancelEnterFun()
\r t
\r nil
\a hiZoomInAtMouse()
\i 0.355:0.5
\r t
\a hiZoomInAtMouse()
\i 0.465:0.485
\r t
\a leHiCreateMeasurement()
\p > 
\a mouseAddPt(t)
\i 0.431:0.4705
\r t
\a mouseAddPt(t)
\i 0.509:0.4685
\r t
\a hiZoomOutAtMouse()
\i 0.5:0.47
\r t
\a hiZoomOutAtMouse()
\i 0.505:0.47
\r t
\a cancelEnterFun()
\r t
\r nil
\a hiZoomOutAtMouse()
\i 0.655:0.615
\r t
\a hiZoomInAtMouse()
\i 0.93:0.39
\r t
\a leHiMove()
\a leMoveForm->leMoveFormLayerField->value = "As Is"
\r "As Is"
\p > 
\a mouseAddPt(t)
\i 0.7025:0.5305
\r t
\a cancelEnterFun()
\r t
\r nil
\a mouseAddSelectPt()
\i 1.24:0.51
\r t
\a mouseAddSelectPt()
\i 0.795:0.51
\r t
\a leHiMove()
\a leMoveForm->leMoveFormLayerField->value = "As Is"
\r "As Is"
\p > 
\a hiZoomInAtMouse()
\i 0.65:0.455
\r t
\a hiZoomInAtMouse()
\i 0.65:0.455
\r t
\a mouseAddPt(t)
\i 0.725:0.4575
\r t
\a mouseAddPt(t)
\i 0.526:0.482
\r t
\r t
\a hiZoomInAtMouse()
\i 0.385:0.365
\r t
\a hiZoomInAtMouse()
\i 0.385:0.365
\r t
\a hiZoomInAtMouse()
\i 0.385:0.365
\r t
\a hiZoomOutAtMouse()
\i 0.425:0.375
\r t
\a hiZoomOutAtMouse()
\i 0.345:0.405
\r t
\a hiZoomInAtMouse()
\i 0.52:0.375
\r t
\a hiZoomOutAtMouse()
\i 0.53:0.375
\r t
\a leHiMove()
\a leMoveForm->leMoveFormLayerField->value = "As Is"
\r "As Is"
\p > 
\a mouseAddPt(t)
\i 0.5165:0.3805
\r t
\a mouseAddPt(t)
\i 0.5165:0.383
\r t
\r t
\a hiZoomOutAtMouse()
\i 0.42:0.33
\r t
\a hiZoomOutAtMouse()
\i 0.415:0.33
\r t
\a hiZoomOutAtMouse()
\i 0.445:0.335
\r t
\a hiZoomOutAtMouse()
\i 1.105:0.37
\r t
\a hiZoomInAtMouse()
\i 1.545:0.605
\r t
\a hiZoomOutAtMouse()
\i 1.21:0.64
\r t
\a mouseSingleSelectPt()
\i -0.39:0.725
\r nil
\a hiZoomInAtMouse()
\i 1.425:0.46
\r t
\a leHiMove()
\a leMoveForm->leMoveFormLayerField->value = "As Is"
\r "As Is"
\p > 
\a mouseAddPt(t)
\i 1.931:0.381
\r t
\a hiZoomInAtMouse()
\i 1.135:0.29
\r t
\a hiZoomInAtMouse()
\i 1.14:0.29
\r t
\a mouseAddPt(t)
\i 1.1885:0.3325
\r t
\a mouseAddPt(t)
\i 1.1415:0.41
\r t
\a mouseAddPt(t)
\i 1.14:0.3755
\r t
\a leHiCreateMeasurement()
\p > 
\a mouseAddPt(t)
\i 1.038:0.499
\r t
\a hiZoomInAtMouse()
\i 1.125:0.495
\r t
\a hiZoomInAtMouse()
\i 1.125:0.495
\r t
\a hiZoomInAtMouse()
\i 1.125:0.495
\r t
\a mouseAddPt(t)
\i 1.1205:0.495
\r t
\a hiZoomOutAtMouse()
\i 1.125:0.49
\r t
\a hiZoomOutAtMouse()
\i 1.12:0.49
\r t
\a cancelEnterFun()
\r t
\r nil
\a leHiMove()
\a leMoveForm->leMoveFormLayerField->value = "As Is"
\r "As Is"
\r t
\a mouseAddPt(t)
\i 1.142:0.4785
\r t
\a mouseAddPt(t)
\i 1.2065:0.479
\r t
\a hiZoomOutAtMouse()
\i 1.12:0.465
\r t
\a hiZoomOutAtMouse()
\i 1.105:0.455
\r t
\a hiZoomOutAtMouse()
\i 1.1:0.455
\r t
\a hiZoomOutAtMouse()
\i 1.095:0.455
\r t
\a hiZoomInAtMouse()
\i 1.425:0.515
\r t
\a hiZoomInAtMouse()
\i 1.65:0.5
\r t
\a hiZoomInAtMouse()
\i 1.44:0.435
\r t
\a leHiMove()
\a leMoveForm->leMoveFormLayerField->value = "As Is"
\r "As Is"
\r t
\a hiZoomOutAtMouse()
\i 1.49:0.49
\r t
\a hiZoomOutAtMouse()
\i 1.495:0.485
\r t
\a cancelEnterFun()
\r t
\r nil
\a leHiCreateMeasurement()
\p > 
\a hiZoomInAtMouse()
\i 1.445:0.515
\r t
\a hiZoomInAtMouse()
\i 1.445:0.515
\r t
\a hiZoomOutAtMouse()
\i 1.46:0.495
\r t
\a cancelEnterFun()
\r t
\r nil
\a leHiMove()
\a leMoveForm->leMoveFormLayerField->value = "As Is"
\r "As Is"
\p > 
\a mouseAddPt(t)
\i 2.0335:0.457
\r t
\a leCycleSnapModes()
\r t
\a leCycleSnapModes()
\r t
\a hiZoomInAtMouse()
\i 1.42:0.435
\r t
\a mouseAddPt(t)
\i 1.4595:0.4205
\r t
\o INFO (LX-1102): Instance 'Mmn4' abutted to instance 'Mmn1'.
\a hiZoomOutAtMouse()
\i 1.38:0.43
\r t
\a hiZoomOutAtMouse()
\i 1.375:0.43
\r t
\a hiZoomOutAtMouse()
\i 2.45:0.37
\r t
\a cancelEnterFun()
\r t
\r nil
\a mouseSingleSelectPt()
\i 2.395:-0.285
\r nil
\a hiZoomInAtMouse()
\i 2.285:0.56
\r t
\a leHiMove()
\a leMoveForm->leMoveFormLayerField->value = "As Is"
\r "As Is"
\p > 
\a mouseAddPt(t)
\i 2.6505:0.4215
\r t
\a hiZoomInAtMouse()
\i 1.755:0.345
\r t
\a hiZoomInAtMouse()
\i 1.735:0.345
\r t
\a mouseAddPt(t)
\i 1.8315:0.3575
\r t
\a leHiCreateMeasurement()
\p > 
\a mouseAddPt(t)
\i 1.5525:0.4355
\r t
\a mouseAddPt(t)
\i 1.633:0.439
\r t
\a cancelEnterFun()
\r t
\r nil
\a leHiMove()
\a leMoveForm->leMoveFormLayerField->value = "As Is"
\r "As Is"
\r t
\a mouseAddPt(t)
\i 1.775:0.432
\r t
\a mouseAddPt(t)
\i 1.717:0.4275
\r t
\a hiZoomOutAtMouse()
\i 1.725:0.36
\r t
\a hiZoomOutAtMouse()
\i 1.725:0.345
\r t
\a hiZoomOutAtMouse()
\i 1.73:0.34
\r t
\a hiZoomInAtMouse()
\i 1.735:0.36
\r t
\a hiZoomInAtMouse()
\i 1.735:0.36
\r t
\a hiZoomOutAtMouse()
\i 1.73:0.39
\r t
\a leHiCreateMeasurement()
\p > 
\a mouseAddPt(t)
\i 2.0635:1.132
\r t
\a mouseAddPt(t)
\i 2.346:0.379
\r t
\a cancelEnterFun()
\r t
\r nil
\a leHiCreateMeasurement()
\p > 
\a mouseAddPt(t)
\i 1.921:1.1475
\r t
\a mouseAddPt(t)
\i 2.358:0.4865
\r t
\a cancelEnterFun()
\r t
\r nil
\a hiZoomInAtMouse()
\i 1.925:0.52
\r t
\a hiZoomInAtMouse()
\i 1.925:0.52
\r t
\a leHiMove()
\a leMoveForm->leMoveFormLayerField->value = "As Is"
\r "As Is"
\r t
\a mouseAddPt(t)
\i 1.8615:0.5245
\r t
\a hiZoomOutAtMouse()
\i 1.97:0.52
\r t
\a leCycleSnapModes()
\r t
\a hiZoomInAtMouse()
\i 1.93:0.56
\r t
\a mouseAddPt(t)
\i 1.963:0.553
\r t
\a hiZoomOutAtMouse()
\i 1.93:0.535
\r t
\a hiZoomOutAtMouse()
\i 1.925:0.53
\r t
\a hiZoomOutAtMouse()
\i 1.93:0.53
\r t
\a cancelEnterFun()
\r t
\r nil
\a mouseSingleSelectPt()
\i -0.225:0.89
\r nil
\a hiZoomInAtMouse()
\i 0.225:1.155
\r t
\a hiZoomInAtMouse()
\i 0.22:0.975
\r t
\a hiZoomOutAtMouse()
\i 0.225:0.975
\r t
\a leHiSave()
\r t
\a vuiDRCRun()
\o 
\o Loading tech rule set file : /comelec/softs/opt/opus_kits/CADENCE_PDKS/gpdk045_v_4_0/assura/techRuleSets
\o 
\o Loading tech rule set file : /comelec/softs/opt/opus_kits/CADENCE_PDKS/gpdk045_v_4_0/assura/techRuleSets
\o 
\o Loading tech rule set file : /comelec/softs/opt/opus_kits/CADENCE_PDKS/gpdk045_v_4_0/assura/techRuleSets
\o 
\o Loading tech rule set file : /comelec/softs/opt/opus_kits/CADENCE_PDKS/gpdk045_v_4_0/assura/techRuleSets
\o 
\o Loading tech rule set file : /comelec/softs/opt/opus_kits/CADENCE_PDKS/gpdk045_v_4_0/assura/techRuleSets
\o Assura DRC: State loaded "Last"
\p > 
\a hiiSetCurrentForm('vuiDRCForm)
\r t
\a hiFormDone(vuiDRCForm)
\o Assura DRC: State saved "Last"
\p > 
\a hiDBoxOK(filexistDBox)
\r t
\w *WARNING* A new Assura job cannot be started when a run is currently active.
\w Do you want to stop viewing the current job and continue?
\w 
\p > 
\a hiDBoxOK(vuiDBox)
\r t
\o Checking in license for "Phys_Ver_Sys_Results_Mgr"
\o 
\o Loading tech rule set file : /comelec/softs/opt/opus_kits/CADENCE_PDKS/gpdk045_v_4_0/assura/techRuleSets
\o 
\o Loading tech rule set file : /comelec/softs/opt/opus_kits/CADENCE_PDKS/gpdk045_v_4_0/assura/techRuleSets
\o 
\o Loading tech rule set file : /comelec/softs/opt/opus_kits/CADENCE_PDKS/gpdk045_v_4_0/assura/techRuleSets
\o 
\o Loading tech rule set file : /comelec/softs/opt/opus_kits/CADENCE_PDKS/gpdk045_v_4_0/assura/techRuleSets
\o 
\o Loading tech rule set file : /comelec/softs/opt/opus_kits/CADENCE_PDKS/gpdk045_v_4_0/assura/techRuleSets
\o Compiling rules...
\o 
\o function switchProc0 redefined
\o function switchProc1 redefined
\o function switchProc2 redefined
\o function switchProc3 redefined
\o function switchProc4 redefined
\o function switchProc5 redefined
\o function switchProc6 redefined
\o function switchProc7 redefined
\o function switchProc8 redefined
\o function switchProc9 redefined
\o function switchProc10 redefined
\o function switchProc11 redefined
\o function switchProc12 redefined
\o function switchProc13 redefined
\o function switchProc14 redefined
\o function switchProc15 redefined
\o function switchProc16 redefined
\o function switchProc17 redefined
\o function switchProc18 redefined
\o function switchProc19 redefined
\o function switchProc20 redefined
\o function switchProc21 redefined
\o function switchProc22 redefined
\o function switchProc23 redefined
\o function switchProc24 redefined
\o function switchProc25 redefined
\o function switchProc26 redefined
\o function switchProc27 redefined
\o function switchProc28 redefined
\o function switchProc29 redefined
\o function switchProc30 redefined
\o function switchProc31 redefined
\o function switchProc32 redefined
\o function switchProc33 redefined
\o function switchProc34 redefined
\o function switchProc35 redefined
\o function switchProc36 redefined
\o function switchProc37 redefined
\o function switchProc38 redefined
\o function switchProc39 redefined
\o function switchProc40 redefined
\o 
\o 
\o Host is 
\o cmd  is /comelec/softs/opt/Cadence/releases/ASSURA41_617/tools.lnx86/assura/bin/assura /cal/exterieurs/afonlupt-25/afonlupt/projetCD2IC/DRC/TSPCFF.rsf -cdslib /cal/exterieurs/afonlupt-25/afonlupt/projetCD2IC/cds.lib -restart -gui
\o Starting the Assura DRC Run: IPC Id ipc:36: pid 969755.
\r t
\r t
\p > 
\a hiDBoxOK(vuiDBox)
\r t
\o Checking out license for "Assura_UI"
\o Checking out license for "Phys_Ver_Sys_Results_Mgr"
\a vuiELWResize( list(266:262 1436:362))
\r t
\a hiPrevWinView(hiGetCurrentWindow())
\r t
\a mouseSingleSelectPt()
\i -0.325:0.845
\r nil
\a hiPrevWinView(hiGetCurrentWindow())
\r t
\a hiZoomOutAtMouse()
\i 0.37:0.965
\r t
\a leHiCreateRect()
\a leRectForm->slotLayer->value = "y0 drawing"
\r "y0 drawing"
\a leRectForm->slotLayer->value = "y0 drawing"
\r "y0 drawing"
\p > 
\a pteSetActiveLpp("Poly drawing")
\r nil
\a hiZoomInAtMouse()
\i 0.26:1.15
\r t
\a hiZoomInAtMouse()
\i 0.26:1.15
\r t
\a hiZoomInAtMouse()
\i 0.26:1.15
\r t
\a mouseAddPt(t)
\i 0.246:1.1365
\r t
\a hiZoomOutAtMouse()
\i 0.245:1.135
\r t
\a hiZoomOutAtMouse()
\i 0.245:1.14
\r t
\a hiZoomOutAtMouse()
\i 0.25:1.135
\r t
\a hiZoomInAtMouse()
\i 0.255:0.595
\r t
\a hiZoomInAtMouse()
\i 0.255:0.595
\r t
\a hiZoomInAtMouse()
\i 0.255:0.595
\r t
\a hiZoomInAtMouse()
\i 0.255:0.595
\r t
\a mouseAddPt(t)
\i 0.29:0.615
\r t
\a hiZoomOutAtMouse()
\i 0.26:0.6
\r t
\a hiZoomOutAtMouse()
\i 0.255:0.595
\r t
\a hiZoomOutAtMouse()
\i 0.255:0.595
\r t
\a hiZoomOutAtMouse()
\i 0.26:0.6
\r t
\a hiZoomOutAtMouse()
\i 0.255:0.925
\r t
\a hiZoomOutAtMouse()
\i 0.255:0.925
\r t
\a hiZoomInAtMouse()
\i 0.26:0.93
\r t
\a hiZoomInAtMouse()
\i 0.26:0.93
\r t
\a cancelEnterFun()
\r t
\r nil
\a mouseSingleSelectPt()
\i 0.265:1.02
\r t
\a leHiDelete()
\r t
\a hiZoomOutAtMouse()
\i -0.245:0.795
\r t
\a leSelBoxOrStretch()
\i -0.1:1.58
\i -0.1:1.58
\p > 
\a addPoint(hiGetCommandPoint())
\i 2.485:0.885
\r t
\r t
\a hiZoomInAtMouse()
\i 1.66:0.745
\r t
\a leHiMove()
\a leMoveForm->leMoveFormLayerField->value = "As Is"
\r "As Is"
\p > 
\a mouseAddPt(t)
\i 1.9415:1.103
\r t
\a mouseAddPt(t)
\i 1.947:0.983
\r t
\r t
\a hiZoomOutAtMouse()
\i 2.285:0.74
\r t
\a leSelBoxOrStretch()
\i -0.205:0.72
\i -0.205:0.72
\p > 
\a addPoint(hiGetCommandPoint())
\i 2.28:0.185
\r t
\r t
\a hiZoomInAtMouse()
\i 2.155:0.49
\r t
\a hiZoomInAtMouse()
\i 2.13:0.515
\r t
\a leHiMove()
\a leMoveForm->leMoveFormLayerField->value = "As Is"
\r "As Is"
\p > 
\a mouseAddPt(t)
\i 1.9935:0.568
\r t
\a mouseAddPt(t)
\i 1.9965:0.625
\r t
\r t
\a hiZoomOutAtMouse()
\i 2.06:0.7
\r t
\a hiZoomOutAtMouse()
\i 2.06:0.7
\r t
\a mouseSingleSelectPt()
\i -0.17:0.715
\r nil
\a hiZoomInAtMouse()
\i 1.74:0.83
\r t
\a hiZoomInAtMouse()
\i 1.74:0.83
\r t
\a hiZoomInAtMouse()
\i 1.995:0.825
\r t
\a leHiCreateRect()
\a leRectForm->slotLayer->value = "y0 drawing"
\r "y0 drawing"
\a leRectForm->slotLayer->value = "y0 drawing"
\r "y0 drawing"
\p > 
\a mouseAddPt(t)
\i 1.876:0.744
\r t
\a mouseAddPt(t)
\i 1.92:0.839
\r t
\a hiZoomOutAtMouse()
\i 1.91:0.78
\r t
\a hiZoomOutAtMouse()
\i 1.915:0.785
\r t
\a hiZoomOutAtMouse()
\i 1.93:0.765
\r t
\a hiZoomInAtMouse()
\i -0.07:0.735
\r t
\a hiZoomInAtMouse()
\i -0.055:0.77
\r t
\a mouseAddPt(t)
\i 0.2475:1.0145
\r t
\a cancelEnterFun()
\r t
\r nil
\a hiZoomInAtMouse()
\i 0.26:1.01
\r t
\a hiZoomInAtMouse()
\i 0.26:1.01
\r t
\a leHiCreateRect()
\a leRectForm->slotLayer->value = "y0 drawing"
\r "y0 drawing"
\a leRectForm->slotLayer->value = "y0 drawing"
\r "y0 drawing"
\p > 
\a mouseAddPt(t)
\i 0.2455:1.0145
\r t
\a hiZoomOutAtMouse()
\i 0.25:1.01
\r t
\a hiZoomOutAtMouse()
\i 0.26:0.995
\r t
\a hiZoomInAtMouse()
\i 0.31:0.675
\r t
\a hiZoomInAtMouse()
\i 0.31:0.675
\r t
\a hiZoomInAtMouse()
\i 0.31:0.675
\r t
\a mouseAddPt(t)
\i 0.2905:0.6695
\r t
\a hiZoomOutAtMouse()
\i 0.28:0.66
\r t
\a hiZoomOutAtMouse()
\i 0.28:0.66
\r t
\a hiZoomOutAtMouse()
\i 0.275:0.66
\r t
\a hiZoomOutAtMouse()
\i 0.445:0.965
\r t
\a hiZoomInAtMouse()
\i 0.86:0.82
\r t
\a cancelEnterFun()
\r t
\r nil
\a leHiCreateWire()
\p > 
\a mouseAddPt(t)
\i 0.6715:0.6485
\w *WARNING* (WE-20052): The current wire width (0.045) is an odd multiple of the manufacturing grid. As a result, the wire centerline is off the manufacturing grid.
\r t
\a mouseAddPt(t)
\i 0.6785:1.041
\r t
\a mouseAddPt(t)
\i 0.772:1.043
\r t
\a hiZoomOutAtMouse()
\i 0.47:0.795
\r t
\a hiZoomInAtMouse()
\i 0.88:0.67
\r t
\a hiZoomInAtMouse()
\i 0.88:0.67
\r t
\a hiZoomOutAtMouse()
\i 0.755:0.66
\r t
\a hiZoomOutAtMouse()
\i 0.755:0.655
\r t
\a hiZoomInAtMouse()
\i 1.59:0.69
\r t
\a mouseAddPt(t)
\i 1.2895:0.654
\r t
\a mouseAddPt(t)
\i 1.3025:0.8495
\r t
\a mouseAddPt(t)
\i 1.4905:0.8605
\r t
\a mouseAddPt(t)
\i 1.503:1.0385
\r t
\a hiZoomOutAtMouse()
\i 1.285:0.705
\r t
\a hiZoomInAtMouse()
\i 1.85:0.76
\r t
\a hiZoomOutAtMouse()
\i 2.05:0.775
\r t
\a hiZoomInAtMouse()
\i 1.13:0.345
\r t
\a hiZoomOutAtMouse()
\i 1.24:0.42
\r t
\a cancelEnterFun()
\r t
\r nil
\a mouseSingleSelectPt()
\i 1.42:0.85
\r t
\a leHiDelete()
\r t
\a mouseAddSelectPt()
\i 1.22:0.53
\r t
\a mouseAddSelectPt()
\i 1.425:0.515
\r t
\a _leRotateOrFlip("MY")
\r t
\o INFO (LX-1102): Instance 'Mmn4' abutted to instance 'Mmn1'.
\a hiZoomOutAtMouse()
\i 1.495:0.79
\r t
\a mouseSingleSelectPt()
\i 1.305:-0.785
\r nil
\a hiZoomInAtMouse()
\i 1.69:0.87
\r t
\a hiZoomInAtMouse()
\i 1.48:0.74
\r t
\a hiPrevWinView(hiGetCurrentWindow())
\r t
\a hiZoomInAtMouse()
\i 1.39:0.64
\r t
\a hiZoomInAtMouse()
\i 1.39:0.64
\r t
\a leHiCreateWire()
\p > 
\a mouseAddPt(t)
\i 1.3875:0.647
\w *WARNING* (WE-20052): The current wire width (0.045) is an odd multiple of the manufacturing grid. As a result, the wire centerline is off the manufacturing grid.
\r t
\a hiZoomOutAtMouse()
\i 1.39:0.645
\r t
\a hiZoomOutAtMouse()
\i 1.385:0.645
\r t
\a hiZoomInAtMouse()
\i 1.39:1.015
\r t
\a hiZoomInAtMouse()
\i 1.39:1.015
\r t
\a mouseAddPt(t)
\i 1.3935:0.8925
\r t
\a mouseAddPt(t)
\i 1.491:0.903
\r t
\a mouseAddPt(t)
\i 1.499:1.032
\r t
\a hiZoomOutAtMouse()
\i 1.495:0.94
\r t
\a hiZoomOutAtMouse()
\i 1.47:0.945
\r t
\a cancelEnterFun()
\r t
\r nil
\a leHiSave()
\r t
\a hiZoomInAtMouse()
\i 0.85:0.665
\r t
\a hiZoomOutAtMouse()
\i 0.9:0.715
\r t
\a hiZoomInAtMouse()
\i 0.13:1.48
\r t
\a leHiCreateWire()
\p > 
\a hiZoomOutAtMouse()
\i 0.21:1.165
\r t
\a mouseAddPt(t)
\i 0.162:1.234
\r t
\a mouseAddPt(t)
\i 0.1815:1.6965
\r t
\a mouseAddPt(t)
\i 0.6575:1.2855
\r t
\a hiZoomInAtMouse()
\i 1.68:1.295
\r t
\a mouseAddPt(t)
\i 1.394:1.2735
\r t
\a hiZoomOutAtMouse()
\i 1.395:1.275
\r t
\a mouseAddPt(t)
\i 1.393:1.7105
\r t
\a mouseAddPt(t)
\i 1.9955:1.7085
\r t
\a hiZoomInAtMouse()
\i 1.995:1.3
\r t
\a hiZoomInAtMouse()
\i 1.995:1.3
\r t
\a hiZoomInAtMouse()
\i 1.995:1.3
\r t
\a cancelEnterFun()
\r t
\r nil
\a hiZoomOutAtMouse()
\i 2.01:1.295
\r t
\a hiZoomOutAtMouse()
\i 2.015:1.295
\r t
\a hiZoomOutAtMouse()
\i 1.755:1.315
\r t
\a hiZoomInAtMouse()
\i 0.635:1.325
\r t
\a hiZoomInAtMouse()
\i 0.635:1.325
\r t
\a hiZoomOutAtMouse()
\i 0.66:1.325
\r t
\a hiPrevWinView(hiGetCurrentWindow())
\r t
\a hiZoomOutAtMouse()
\i 0.74:1.3
\r t
\a hiZoomOutAtMouse()
\i 0.735:1.295
\r t
\a hiZoomOutAtMouse()
\i 0.735:1.295
\r t
\a hiZoomInAtMouse()
\i 0.16:1.265
\r t
\a hiZoomInAtMouse()
\i 0.16:1.265
\r t
\a hiZoomInAtMouse()
\i 0.16:1.265
\r t
\a hiZoomInAtMouse()
\i 0.16:1.265
\r t
\a hiZoomOutAtMouse()
\i 0.145:1.295
\r t
\a hiZoomOutAtMouse()
\i 0.14:1.29
\r t
\a hiZoomInAtMouse()
\i 0.59:1.34
\r t
\a hiZoomOutAtMouse()
\i 0.38:1.335
\r t
\a hiZoomInAtMouse()
\i 0.15:1.345
\r t
\a hiZoomInAtMouse()
\i 0.15:1.345
\r t
\a hiZoomInAtMouse()
\i 0.15:1.345
\r t
\a hiZoomOutAtMouse()
\i 0.15:1.345
\r t
\a hiZoomOutAtMouse()
\i 0.155:1.34
\r t
\a hiZoomOutAtMouse()
\i 0.155:1.345
\r t
\a hiZoomOutAtMouse()
\i 0.165:1.335
\r t
\a hiZoomInAtMouse()
\i 1.285:1.285
\r t
\a hiZoomInAtMouse()
\i 1.46:1.325
\r t
\a hiZoomInAtMouse()
\i 1.415:1.325
\r t
\a hiZoomOutAtMouse()
\i 1.4:1.315
\r t
\a hiZoomOutAtMouse()
\i 1.395:1.315
\r t
\a pteSetNoneVisible(?panel "Layers")
\r t
\a leHiCreateWire()
\p > 
\a mouseAddPt(t)
\i 1.3885:1.3135
\r t
\a hiZoomOutAtMouse()
\i 1.39:1.315
\r t
\a hiZoomOutAtMouse()
\i 1.385:1.315
\r t
\a hiZoomInAtMouse()
\i 1.39:1.7
\r t
\a hiZoomInAtMouse()
\i 1.39:1.7
\r t
\a mouseAddPt(t)
\i 1.389:1.702
\r t
\a cancelEnterFun()
\r t
\r nil
\a leHiCreateWire()
\p > 
\a mouseAddPt(t)
\i 1.394:1.298
\r t
\a mouseApplyOrFinishPoint()
\i 1.39:1.705
\r t
\a hiZoomOutAtMouse()
\i 1.425:1.615
\r t
\a hiZoomInAtMouse()
\i 2.05:1.34
\r t
\a mouseAddPt(t)
\i 2.017:1.307
\r t
\a mouseApplyOrFinishPoint()
\i 2:1.69
\r t
\a hiZoomOutAtMouse()
\i 1.885:1.595
\r t
\a hiZoomOutAtMouse()
\i 1.88:1.6
\r t
\a hiZoomInAtMouse()
\i 0.145:0.175
\r t
\a hiZoomInAtMouse()
\i 0.15:0.18
\r t
\a mouseAddPt(t)
\i 0.155:0.4595
\r t
\a mouseApplyOrFinishPoint()
\i 0.165:0.02
\r t
\a mouseAddPt(t)
\i 0.759:0.4555
\r t
\a mouseApplyOrFinishPoint()
\i 0.775:0.02
\r t
\a hiZoomOutAtMouse()
\i 0.33:0.22
\r t
\a hiZoomOutAtMouse()
\i 0.905:0.38
\r t
\a hiZoomInAtMouse()
\i 2.15:0.175
\r t
\a mouseAddPt(t)
\i 1.808:0.4185
\r t
\a mouseApplyOrFinishPoint()
\i 1.795:0.02
\r t
\a hiZoomInAtMouse()
\i 2.03:0.515
\r t
\a hiZoomInAtMouse()
\i 2.03:0.515
\r t
\a hiZoomOutAtMouse()
\i 1.895:0.53
\r t
\a leHiCreateRect()
\a leRectForm->slotLayer->value = "y0 drawing"
\r "y0 drawing"
\a leRectForm->slotLayer->value = "y0 drawing"
\r "y0 drawing"
\r t
\a mouseAddPt(t)
\i 1.4585:0.57
\r t
\a mouseAddPt(t)
\i 1.7765:0.0355
\r t
\a cancelEnterFun()
\r t
\r nil
\a hiZoomOutAtMouse()
\i 1.94:0.31
\r t
\a hiZoomOutAtMouse()
\i 1.94:0.315
\r t
\a hiZoomInAtMouse()
\i 1.355:0.42
\r t
\a hiZoomInAtMouse()
\i 1.355:0.42
\r t
\a pteSetAllVisible(?panel "Layers")
\r t
\a hiZoomOutAtMouse()
\i 1.23:0.56
\r t
\a hiZoomInAtMouse()
\i 1.045:0.46
\r t
\a hiZoomInAtMouse()
\i 1.045:0.46
\r t
\a hiZoomOutAtMouse()
\i 1.095:0.405
\r t
\a hiZoomOutAtMouse()
\i 1.09:0.4
\r t
\a hiZoomInAtMouse()
\i 0.945:0.48
\r t
\a hiZoomOutAtMouse()
\i 1.085:0.475
\r t
\a hiZoomInAtMouse()
\i 0.38:0.46
\r t
\a hiZoomInAtMouse()
\i 0.255:0.325
\r t
\a hiZoomOutAtMouse()
\i 0.295:0.34
\r t
\a leHiCreateVia()
\p > 
\a le0ViaForm->viaSingleModeScrollView->viaDefName->value="M1_PO"
\r "M1_PO"
\a hiZoomInAtMouse()
\i 0.295:0.305
\r t
\a hiZoomInAtMouse()
\i 0.295:0.305
\r t
\a hiZoomOutAtMouse()
\i 0.3:0.31
\r t
\a hiZoomOutAtMouse()
\i 0.295:0.31
\r t
\a leHiCreateRect()
\a leRectForm->slotLayer->value = "y0 drawing"
\r "y0 drawing"
\a leRectForm->slotLayer->value = "y0 drawing"
\r "y0 drawing"
\r t
\a leHiCreateVia()
\r t
\a hiZoomInAtMouse()
\i 0.29:0.29
\r t
\a cancelEnterFun()
\r t
\r nil
\a leHiCreateVia()
\p > 
\a _leViaRowColSwapBtnCB()
\r t
\a leRotateCB()
\r t
\a mouseAddPt(t)
\i 0.3045:0.341
\r t
\a cancelEnterFun()
\r t
\r nil
\a leHiSave()
\r t
\a _qrcuiOpenSetupForm()
\w *WARNING* No tech dir found for tech name -undefined-
\w *WARNING* Quantus QRC RuleSets were not found in techRuleSet file.
\p > 
\a hiiSetCurrentForm('vuiRcxSetupForm)
\r t
\a hiFormCancel(vuiRcxSetupForm)
\r t
\r nil
\a vuiDRCRun()
\o 
\o Loading tech rule set file : /comelec/softs/opt/opus_kits/CADENCE_PDKS/gpdk045_v_4_0/assura/techRuleSets
\o 
\o Loading tech rule set file : /comelec/softs/opt/opus_kits/CADENCE_PDKS/gpdk045_v_4_0/assura/techRuleSets
\o 
\o Loading tech rule set file : /comelec/softs/opt/opus_kits/CADENCE_PDKS/gpdk045_v_4_0/assura/techRuleSets
\o 
\o Loading tech rule set file : /comelec/softs/opt/opus_kits/CADENCE_PDKS/gpdk045_v_4_0/assura/techRuleSets
\o 
\o Loading tech rule set file : /comelec/softs/opt/opus_kits/CADENCE_PDKS/gpdk045_v_4_0/assura/techRuleSets
\o Assura DRC: State loaded "Last"
\p > 
\a hiiSetCurrentForm('vuiDRCForm)
\r t
\a hiFormDone(vuiDRCForm)
\o Assura DRC: State saved "Last"
\p > 
\a hiDBoxOK(filexistDBox)
\r t
\w *WARNING* A new Assura job cannot be started when a run is currently active.
\w Do you want to stop viewing the current job and continue?
\w 
\p > 
\a hiDBoxOK(vuiDBox)
\r t
\o Checking in license for "Phys_Ver_Sys_Results_Mgr"
\o 
\o Loading tech rule set file : /comelec/softs/opt/opus_kits/CADENCE_PDKS/gpdk045_v_4_0/assura/techRuleSets
\o 
\o Loading tech rule set file : /comelec/softs/opt/opus_kits/CADENCE_PDKS/gpdk045_v_4_0/assura/techRuleSets
\o 
\o Loading tech rule set file : /comelec/softs/opt/opus_kits/CADENCE_PDKS/gpdk045_v_4_0/assura/techRuleSets
\o 
\o Loading tech rule set file : /comelec/softs/opt/opus_kits/CADENCE_PDKS/gpdk045_v_4_0/assura/techRuleSets
\o 
\o Loading tech rule set file : /comelec/softs/opt/opus_kits/CADENCE_PDKS/gpdk045_v_4_0/assura/techRuleSets
\o Compiling rules...
\o 
\o function switchProc0 redefined
\o function switchProc1 redefined
\o function switchProc2 redefined
\o function switchProc3 redefined
\o function switchProc4 redefined
\o function switchProc5 redefined
\o function switchProc6 redefined
\o function switchProc7 redefined
\o function switchProc8 redefined
\o function switchProc9 redefined
\o function switchProc10 redefined
\o function switchProc11 redefined
\o function switchProc12 redefined
\o function switchProc13 redefined
\o function switchProc14 redefined
\o function switchProc15 redefined
\o function switchProc16 redefined
\o function switchProc17 redefined
\o function switchProc18 redefined
\o function switchProc19 redefined
\o function switchProc20 redefined
\o function switchProc21 redefined
\o function switchProc22 redefined
\o function switchProc23 redefined
\o function switchProc24 redefined
\o function switchProc25 redefined
\o function switchProc26 redefined
\o function switchProc27 redefined
\o function switchProc28 redefined
\o function switchProc29 redefined
\o function switchProc30 redefined
\o function switchProc31 redefined
\o function switchProc32 redefined
\o function switchProc33 redefined
\o function switchProc34 redefined
\o function switchProc35 redefined
\o function switchProc36 redefined
\o function switchProc37 redefined
\o function switchProc38 redefined
\o function switchProc39 redefined
\o function switchProc40 redefined
\o 
\o 
\o Host is 
\o cmd  is /comelec/softs/opt/Cadence/releases/ASSURA41_617/tools.lnx86/assura/bin/assura /cal/exterieurs/afonlupt-25/afonlupt/projetCD2IC/DRC/TSPCFF.rsf -cdslib /cal/exterieurs/afonlupt-25/afonlupt/projetCD2IC/cds.lib -restart -gui
\o Starting the Assura DRC Run: IPC Id ipc:38: pid 971791.
\r t
\r t
\p > 
\a hiDBoxOK(vuiDBox)
\r t
\o Checking out license for "Assura_UI"
\o Checking out license for "Phys_Ver_Sys_Results_Mgr"
\a vuiELWResize( list(266:262 1436:362))
\r t
\a vuiELWResize( list(266:262 1436:362))
\r t
\a vuiiELWMouseSetEntryLayer(2)
\r t
\a vuiiELWMouseSetEntryLayer(2)
\r t
\a vuiiELWMouseSetEntryLayer(1)
\r t
\a vuiiELWMouseSetEntryLayer(1)
\r t
\a vuiiELWMouseSetEntryLayer(3)
\r t
\a vuiiELWMouseSetEntryLayer(4)
\r t
\a vuiiELWMouseSetEntryLayer(4)
\r t
\a vuiELWSetCell( "TSPCFF layout TSPCFF_LIB"  )
\r nil
\a vuiDERDisplayWindow()
\r t
\a hiSetCurrentWindow(window(18))
\r t
\a hiInvokeTextSelTriggers( window(18) 817 817 'word 'select )
\r t
\a _hiActivateText(window(18) 817 2)
\r t
\a hiResizeWindow(window(18) list(1378:306 1978:806))
\r t
\a mouseSingleSelectPt()
\i -0.035:0.38
\r nil
\a leHiCreateMeasurement()
\p > 
\a mouseAddPt(t)
\i 0.1955:0.347
\r t
\a hiZoomInAtMouse()
\i 0.2675:0.345
\r t
\a hiZoomInAtMouse()
\i 0.2675:0.345
\r t
\a mouseAddPt(t)
\i 0.2765:0.3455
\r t
\a hiZoomOutAtMouse()
\i 0.23:0.34
\r t
\a hiZoomOutAtMouse()
\i 0.23:0.345
\r t
\a cancelEnterFun()
\r t
\r nil
\a hiZoomInAtMouse()
\i 0.315:0.345
\r t
\a leHiMove()
\a leMoveForm->leMoveFormLayerField->value = "As Is"
\r "As Is"
\p > 
\a mouseAddPt(t)
\i 0.292:0.336
\r t
\a cancelEnterFun()
\r t
\r nil
\a leHiMove()
\a leMoveForm->leMoveFormLayerField->value = "As Is"
\r "As Is"
\p > 
\a mouseAddPt(t)
\i 0.3075:0.3025
\r t
\a mouseAddPt(t)
\i 0.34:0.303
\r t
\a hiSetCurrentWindow(window(18))
\r t
\a vuiDERPrevError()
\r t
\r nil
\a hiSetCurrentWindow(window(18))
\r t
\a hiInvokeTextSelTriggers( window(18) 831 831 'word 'select )
\r t
\a _hiActivateText(window(18) 831 2)
\r t
\a hiSetCurrentWindow(window(18))
\r t
\a vuiDERPrevError()
\r t
\a hiSetCurrentWindow(window(18))
\r t
\a hiInvokeTextSelTriggers( window(18) 838 838 'word 'select )
\r t
\a _hiActivateText(window(18) 838 2)
\r t
\a hiSetCurrentWindow(window(18))
\r t
\a vuiDERPrevError()
\r t
\a hiSetCurrentWindow(window(18))
\r t
\a vuiDERPrevError()
\r t
\a hiResizeWindow(window(18) list(1246:296 1846:796))
\r t
\a hiSetCurrentWindow(window(18))
\r t
\a hiInvokeTextSelTriggers( window(18) 859 859 'word 'select )
\r t
\a _hiActivateText(window(18) 859 2)
\r t
\a hiResizeWindow(window(18) list(925:296 1846:796))
\r t
\a leHiCreateMeasurement()
\p > 
\a mouseAddPt(t)
\i 0.3135:0.4245
\r t
\a mouseAddPt(t)
\i 0.313:0.377
\r t
\a cancelEnterFun()
\r t
\r nil
\a leHiMove()
\a leMoveForm->leMoveFormLayerField->value = "As Is"
\r "As Is"
\p > 
\a mouseAddPt(t)
\i 0.3185:0.3455
\r t
\a mouseAddPt(t)
\i 0.3175:0.331
\r t
\a hiZoomOutAtMouse()
\i 0.305:0.365
\r t
\a hiZoomInAtMouse()
\i 0.295:0.32
\r t
\a cancelEnterFun()
\r t
\r nil
\a leHiCreateRect()
\a leRectForm->slotLayer->value = "y0 drawing"
\r "y0 drawing"
\a leRectForm->slotLayer->value = "y0 drawing"
\r "y0 drawing"
\p > 
\a mouseAddPt(t)
\i 0.2765:0.2755
\r t
\a pteSetActiveLpp("Poly drawing")
\r nil
\a mouseAddPt(t)
\i 0.246:0.324
\r t
\a cancelEnterFun()
\r t
\r nil
\a hiZoomOutAtMouse()
\i 0.27:0.35
\r t
\a hiZoomInAtMouse()
\i 0.57:0.35
\r t
\a leHiCreateWire()
\p > 
\a mouseAddPt(t)
\i 0.377:0.322
\w *WARNING* (WE-20052): The current wire width (0.045) is an odd multiple of the manufacturing grid. As a result, the wire centerline is off the manufacturing grid.
\r t
\a cancelEnterFun()
\r t
\r nil
\a pteSetActiveLpp("Metal1 drawing")
\r nil
\a leHiCreateWire()
\p > 
\a mouseAddPt(t)
\i 0.38:0.3195
\r t
\a mouseAddPt(t)
\i 0.566:0.456
\r t
\a hiZoomOutAtMouse()
\i 0.525:0.38
\r t
\a hiZoomOutAtMouse()
\i 0.52:0.375
\r t
\a cancelEnterFun()
\r t
\r nil
\a leHiSave()
\r t
\a vuiDRCRun()
\o 
\o Loading tech rule set file : /comelec/softs/opt/opus_kits/CADENCE_PDKS/gpdk045_v_4_0/assura/techRuleSets
\o 
\o Loading tech rule set file : /comelec/softs/opt/opus_kits/CADENCE_PDKS/gpdk045_v_4_0/assura/techRuleSets
\o 
\o Loading tech rule set file : /comelec/softs/opt/opus_kits/CADENCE_PDKS/gpdk045_v_4_0/assura/techRuleSets
\o 
\o Loading tech rule set file : /comelec/softs/opt/opus_kits/CADENCE_PDKS/gpdk045_v_4_0/assura/techRuleSets
\o 
\o Loading tech rule set file : /comelec/softs/opt/opus_kits/CADENCE_PDKS/gpdk045_v_4_0/assura/techRuleSets
\o Assura DRC: State loaded "Last"
\p > 
\a hiiSetCurrentForm('vuiDRCForm)
\r t
\a hiFormDone(vuiDRCForm)
\o Assura DRC: State saved "Last"
\p > 
\a hiDBoxOK(filexistDBox)
\r t
\w *WARNING* A new Assura job cannot be started when a run is currently active.
\w Do you want to stop viewing the current job and continue?
\w 
\p > 
\a hiDBoxOK(vuiDBox)
\r t
\o Checking in license for "Phys_Ver_Sys_Results_Mgr"
\o 
\o Loading tech rule set file : /comelec/softs/opt/opus_kits/CADENCE_PDKS/gpdk045_v_4_0/assura/techRuleSets
\o 
\o Loading tech rule set file : /comelec/softs/opt/opus_kits/CADENCE_PDKS/gpdk045_v_4_0/assura/techRuleSets
\o 
\o Loading tech rule set file : /comelec/softs/opt/opus_kits/CADENCE_PDKS/gpdk045_v_4_0/assura/techRuleSets
\o 
\o Loading tech rule set file : /comelec/softs/opt/opus_kits/CADENCE_PDKS/gpdk045_v_4_0/assura/techRuleSets
\o 
\o Loading tech rule set file : /comelec/softs/opt/opus_kits/CADENCE_PDKS/gpdk045_v_4_0/assura/techRuleSets
\o Compiling rules...
\o 
\o function switchProc0 redefined
\o function switchProc1 redefined
\o function switchProc2 redefined
\o function switchProc3 redefined
\o function switchProc4 redefined
\o function switchProc5 redefined
\o function switchProc6 redefined
\o function switchProc7 redefined
\o function switchProc8 redefined
\o function switchProc9 redefined
\o function switchProc10 redefined
\o function switchProc11 redefined
\o function switchProc12 redefined
\o function switchProc13 redefined
\o function switchProc14 redefined
\o function switchProc15 redefined
\o function switchProc16 redefined
\o function switchProc17 redefined
\o function switchProc18 redefined
\o function switchProc19 redefined
\o function switchProc20 redefined
\o function switchProc21 redefined
\o function switchProc22 redefined
\o function switchProc23 redefined
\o function switchProc24 redefined
\o function switchProc25 redefined
\o function switchProc26 redefined
\o function switchProc27 redefined
\o function switchProc28 redefined
\o function switchProc29 redefined
\o function switchProc30 redefined
\o function switchProc31 redefined
\o function switchProc32 redefined
\o function switchProc33 redefined
\o function switchProc34 redefined
\o function switchProc35 redefined
\o function switchProc36 redefined
\o function switchProc37 redefined
\o function switchProc38 redefined
\o function switchProc39 redefined
\o function switchProc40 redefined
\o 
\o 
\o Host is 
\o cmd  is /comelec/softs/opt/Cadence/releases/ASSURA41_617/tools.lnx86/assura/bin/assura /cal/exterieurs/afonlupt-25/afonlupt/projetCD2IC/DRC/TSPCFF.rsf -cdslib /cal/exterieurs/afonlupt-25/afonlupt/projetCD2IC/cds.lib -restart -gui
\o Starting the Assura DRC Run: IPC Id ipc:40: pid 972923.
\r t
\r t
\a hiZoomOutAtMouse()
\i -0.27:0.155
\r t
\a hiZoomOutAtMouse()
\i 0.335:0.435
\r t
\a hiZoomInAtMouse()
\i 1.65:0.985
\r t
\p > 
\a hiDBoxOK(vuiDBox)
\r t
\o Checking out license for "Assura_UI"
\o Checking out license for "Phys_Ver_Sys_Results_Mgr"
\a vuiELWResize( list(266:262 1436:362))
\r t
\a vuiELWResize( list(266:262 1436:362))
\r t
\a hiZoomInAtMouse()
\i 0.635:0.215
\r t
\a hiZoomInAtMouse()
\i 0.635:0.215
\r t
\a hiZoomOutAtMouse()
\i 0.725:0.28
\r t
\a hiZoomInAtMouse()
\i 1.24:0.52
\r t
\a hiZoomOutAtMouse()
\i 1.275:0.38
\r t
\a leHiCreateVia()
\p > 
\a hiZoomInAtMouse()
\i 1.25:0.305
\r t
\a leHiCreateVia()
\r t
\a cancelEnterFun()
\r t
\r nil
\a leHiCreateVia()
\p > 
\a leRotateCB()
\r t
\a mouseAddPt(t)
\i 1.24:0.3085
\r t
\a cancelEnterFun()
\r t
\r nil
\a hiZoomInAtMouse()
\i 1.33:0.38
\r t
\a leHiCreateMeasurement()
\p > 
\a mouseAddPt(t)
\i 1.2405:0.4245
\r t
\a mouseAddPt(t)
\i 1.2355:0.3745
\r t
\a mouseAddPt(t)
\i 1.1885:0.424
\r t
\a mouseAddPt(t)
\i 1.1875:0.347
\r t
\a cancelEnterFun()
\r t
\r nil
\a hiZoomOutAtMouse()
\i 1.24:0.39
\r t
\a hiZoomInAtMouse()
\i 1.235:0.31
\r t
\a leHiMove()
\a leMoveForm->leMoveFormLayerField->value = "As Is"
\r "As Is"
\p > 
\a mouseAddPt(t)
\i 1.2505:0.3035
\r t
\a leCycleSnapModes()
\r t
\a leCycleSnapModes()
\r t
\a mouseAddPt(t)
\i 1.2545:0.3105
\r t
\a hiZoomOutAtMouse()
\i 1.23:0.38
\r t
\a hiZoomOutAtMouse()
\i 1.175:0.495
\r t
\a hiZoomInAtMouse()
\i 1.19:0.465
\r t
\a cancelEnterFun()
\r t
\r nil
\a leHiCreateWire()
\o (LE-101213): Create wire command does not support "anyAngle" snap mode which is the snap Mode of
\o current active Window. Setting it to "orthogonal".
\p > 
\a mouseAddPt(t)
\i 1.172:0.463
\r t
\a hiZoomOutAtMouse()
\i 1.17:0.465
\r t
\a mouseAddPt(t)
\i 1.1835:0.021
\r t
\a mouseApplyOrFinishPoint()
\i 1.185:0.02
\r t
\a hiZoomOutAtMouse()
\i 1.305:0.315
\r t
\a hiZoomInAtMouse()
\i 1.3:0.775
\r t
\a cancelEnterFun()
\r t
\r nil
\a leHiCreateMeasurement()
\p > 
\a hiZoomInAtMouse()
\i 1.185:0.57
\r t
\a hiZoomInAtMouse()
\i 1.185:0.57
\r t
\a mouseAddPt(t)
\i 1.1955:0.568
\r t
\a mouseAddPt(t)
\i 1.1945:0.6515
\r t
\a hiZoomOutAtMouse()
\i 1.195:0.645
\r t
\a hiZoomOutAtMouse()
\i 1.2:0.64
\r t
\a cancelEnterFun()
\r t
\r nil
\a leHiMove()
\a leMoveForm->leMoveFormLayerField->value = "As Is"
\r "As Is"
\p > 
\a mouseAddPt(t)
\i 1.28:0.295
\r t
\a hiZoomInAtMouse()
\i 1.27:0.7
\r t
\a hiZoomInAtMouse()
\i 1.27:0.7
\r t
\a mouseAddPt(t)
\i 1.279:0.6615
\r t
\a hiZoomOutAtMouse()
\i 1.28:0.61
\r t
\a hiZoomOutAtMouse()
\i 1.28:0.6
\r t
\a hiZoomInAtMouse()
\i 1.135:0.695
\r t
\a cancelEnterFun()
\r t
\r nil
\a leHiCreateWire()
\p > 
\a mouseAddPt(t)
\i 1.199:0.676
\r t
\a mouseAddPt(t)
\i 0.981:0.5555
\r t
\a hiZoomOutAtMouse()
\i 0.98:0.55
\r t
\a cancelEnterFun()
\r t
\r nil
\a leHiSave()
\r t
\a hiZoomOutAtMouse()
\i 1.225:0.705
\r t
\a hiZoomInAtMouse()
\i 1.33:0.935
\r t
\a hiZoomOutAtMouse()
\i 1.285:0.95
\r t
\a hiZoomInAtMouse()
\i 1.3:1.46
\r t
\a leHiCreateWire()
\p > 
\a mouseAddPt(t)
\i 1.1875:1.153
\r t
\a mouseAddPt(t)
\i 1.1775:0.686
\r t
\a cancelEnterFun()
\r t
\r nil
\a hiZoomInAtMouse()
\i 1.29:1.275
\r t
\a hiZoomInAtMouse()
\i 1.29:1.275
\r t
\a hiZoomOutAtMouse()
\i 1.275:1.215
\r t
\a hiZoomOutAtMouse()
\i 1.29:1.365
\r t
\a hiZoomInAtMouse()
\i 1.44:0.945
\r t
\a hiZoomOutAtMouse()
\i 1.44:0.945
\r t
\a hiZoomOutAtMouse()
\i 1.555:1.25
\r t
\a hiZoomOutAtMouse()
\i 1.56:1.255
\r t
\a hiZoomInAtMouse()
\i 1.275:0.895
\r t
\a hiZoomInAtMouse()
\i 1.275:0.895
\r t
\a hiZoomOutAtMouse()
\i 1.295:1.025
\r t
\a hiZoomInAtMouse()
\i 1.215:1.395
\r t
\a hiZoomOutAtMouse()
\i 1.22:1.125
\r t
\a hiZoomInAtMouse()
\i 1.07:1.445
\r t
\a hiZoomOutAtMouse()
\i 1.14:1.455
\r t
\a hiZoomInAtMouse()
\i 1.07:0.91
\r t
\a hiZoomOutAtMouse()
\i 1.18:1.04
\r t
\a hiZoomInAtMouse()
\i 1.615:1.14
\r t
\a hiZoomOutAtMouse()
\i 1.29:1.13
\r t
\a hiZoomInAtMouse()
\i 0.92:0.65
\r t
\a hiZoomInAtMouse()
\i 0.92:0.65
\r t
\a hiZoomInAtMouse()
\i 0.92:0.65
\r t
\a hiZoomOutAtMouse()
\i 0.88:0.645
\r t
\a hiZoomOutAtMouse()
\i 0.88:0.64
\r t
\a leHiCreateVia()
\p > 
\a leRotateCB()
\r t
\a mouseAddPt(t)
\i 1.017:0.88
\r t
\a cancelEnterFun()
\r t
\r nil
\a hiZoomInAtMouse()
\i 1.15:0.91
\r t
\a hiZoomInAtMouse()
\i 1.15:0.91
\r t
\a leHiCreateMeasurement()
\p > 
\a mouseAddPt(t)
\i 1.1555:0.8865
\r t
\a mouseAddPt(t)
\i 1.0735:0.8865
\r t
\a hiZoomOutAtMouse()
\i 1.085:0.85
\r t
\a cancelEnterFun()
\r t
\r nil
\a pteSetActiveLpp("Poly drawing")
\r nil
\a pteSetLSActive(?layerSets pteGetPrevLayerSets() ?turnOnVis t ?turnOnSel t ?turnOffAllVis t ?turnOffAllSel t ?deactivateOthers t)
\r nil
\a mouseSingleSelectPt()
\i 1.295:1.03
\r t
\a pteSetActiveLpp("Poly drawing")
\r nil
\a leHiCreateWire()
\p > 
\a mouseAddPt(t)
\i 1.2865:1.037
\w *WARNING* (WE-20052): The current wire width (0.045) is an odd multiple of the manufacturing grid. As a result, the wire centerline is off the manufacturing grid.
\r t
\a mouseAddPt(t)
\i 1.289:0.8815
\r t
\a mouseAddPt(t)
\i 1.049:0.8795
\r t
\a hiZoomOutAtMouse()
\i 1.355:0.855
\r t
\a cancelEnterFun()
\r t
\r nil
\a hiZoomInAtMouse()
\i 1.025:0.88
\r t
\a hiZoomOutAtMouse()
\i 1.005:0.865
\r t
\a hiZoomInAtMouse()
\i 0.99:0.995
\r t
\a hiZoomOutAtMouse()
\i 0.99:0.995
\r t
\a hiZoomInAtMouse()
\i 0.915:0.845
\r t
\a hiZoomOutAtMouse()
\i 1:0.89
\r t
\a hiZoomInAtMouse()
\i 0.835:0.55
\r t
\a leHiCreateWire()
\p > 
\a mouseAddPt(t)
\i 0.8805:0.5905
\w *WARNING* (WE-20052): The current wire width (0.045) is an odd multiple of the manufacturing grid. As a result, the wire centerline is off the manufacturing grid.
\r t
\a mouseAddPt(t)
\i 0.897:0.8725
\r t
\a mouseAddPt(t)
\i 1.022:0.8785
\r t
\a hiZoomOutAtMouse()
\i 0.935:0.665
\r t
\a hiZoomOutAtMouse()
\i 0.93:0.68
\r t
\a hiZoomInAtMouse()
\i 0.8:1.21
\r t
\a hiZoomInAtMouse()
\i 0.915:1.13
\r t
\a hiZoomOutAtMouse()
\i 0.9:1.11
\r t
\a hiZoomInAtMouse()
\i 0.985:0.85
\r t
\a cancelEnterFun()
\r t
\r nil
\a leHiMove()
\a leMoveForm->leMoveFormLayerField->value = "As Is"
\r "As Is"
\p > 
\a mouseAddPt(t)
\i 0.9315:0.79
\r t
\a cancelEnterFun()
\r t
\r nil
\a hiZoomOutAtMouse()
\i 0.995:0.875
\r t
\a hiZoomOutAtMouse()
\i 0.995:0.88
\r t
\a mouseSingleSelectPt()
\i -0.2:1.33
\r nil
\a leHiSave()
\r t
\a hiZoomOutAtMouse()
\i 0.225:1.35
\r t
\a hiZoomInAtMouse()
\i 0.985:0.955
\r t
\a hiZoomInAtMouse()
\i 0.99:0.96
\r t
\a hiZoomInAtMouse()
\i 1.03:0.865
\r t
\a hiZoomOutAtMouse()
\i 1.03:0.865
\r t
\a hiZoomOutAtMouse()
\i 1.03:0.87
\r t
\a hiZoomInAtMouse()
\i 0.585:0.9
\r t
\a hiZoomOutAtMouse()
\i 0.95:0.79
\r t
\a hiZoomOutAtMouse()
\i -0.37:1.585
\r t
\a hiZoomInAtMouse()
\i -0.175:0.855
\r t
\a leHiMove()
\a leMoveForm->leMoveFormLayerField->value = "As Is"
\r "As Is"
\p > 
\a mouseAddPt(t)
\i 0.95:0.7825
\r t
\a mouseAddPt(t)
\i 0.0925:0.8385
\r t
\a cancelEnterFun()
\r t
\r nil
\a hiZoomInAtMouse()
\i 0.35:0.285
\r t
\a hiZoomInAtMouse()
\i 0.35:0.285
\r t
\a hiZoomOutAtMouse()
\i 0.335:0.275
\r t
\a hiZoomOutAtMouse()
\i 0.335:0.275
\r t
\a hiZoomInAtMouse()
\i 0.665:0.85
\r t
\a leHiCreateWire()
\p > 
\a pteSetActiveLpp("Metal1 drawing")
\r nil
\a mouseAddPt(t)
\i 0.964:0.872
\r t
\a mouseAddPt(t)
\i 0.123:0.876
\r t
\a hiZoomInAtMouse()
\i 0.065:0.875
\r t
\a hiZoomInAtMouse()
\i 0.065:0.875
\r t
\a cancelEnterFun()
\r t
\r nil
\a leSelBoxOrStretch()
\i 0.115:0.865
\i 0.115:0.865
\p > 
\a addPoint(hiGetCommandPoint())
\i 0.115:0.87
\r t
\r t
\a leHiMove()
\a leMoveForm->leMoveFormLayerField->value = "As Is"
\r "As Is"
\p > 
\a mouseAddPt(t)
\i 0.1105:0.8785
\r t
\a mouseAddPt(t)
\i 0.1105:0.886
\r t
\a cancelEnterFun()
\r t
\r nil
\a hiZoomOutAtMouse()
\i 0.13:0.88
\r t
\a hiZoomOutAtMouse()
\i 0.135:0.875
\r t
\a hiZoomOutAtMouse()
\i -0.065:0.815
\r t
\a mouseSingleSelectPt()
\i 0.195:0.875
\r t
\a leHiDelete()
\r t
\a leHiMove()
\a leMoveForm->leMoveFormLayerField->value = "As Is"
\r "As Is"
\p > 
\a mouseAddPt(t)
\i 0.0975:0.8725
\r t
\a cancelEnterFun()
\r t
\r nil
\a mouseSingleSelectPt()
\i -0.225:0.795
\r nil
\a hiZoomInAtMouse()
\i 0.255:0.8
\r t
\a leHiMove()
\a leMoveForm->leMoveFormLayerField->value = "As Is"
\r "As Is"
\p > 
\a mouseAddPt(t)
\i 0.1075:0.91
\r t
\a hiZoomInAtMouse()
\i 1.025:0.905
\r t
\a hiZoomInAtMouse()
\i 1.025:0.905
\r t
\a mouseAddPt(t)
\i 1.026:0.9095
\r t
\a leHiCreateRect()
\a leRectForm->slotLayer->value = "y0 drawing"
\r "y0 drawing"
\a leRectForm->slotLayer->value = "y0 drawing"
\r "y0 drawing"
\r t
\a mouseAddPt(t)
\i 1.08:0.9655
\r t
\a mouseAddPt(t)
\i 0.9055:0.7855
\r t
\a cancelEnterFun()
\r t
\r nil
\a hiZoomOutAtMouse()
\i 0.905:0.895
\r t
\a leHiCreateMeasurement()
\p > 
\a mouseAddPt(t)
\i 1.051:0.7885
\r t
\a mouseAddPt(t)
\i 1.046:0.7095
\r t
\a hiZoomInAtMouse()
\i 1.07:0.785
\r t
\a hiUndo()
\r t
\a hiUndo()
\r t
\a mouseAddPt(t)
\i 1.154:0.8135
\r t
\a mouseAddPt(t)
\i 1.0745:0.8105
\r t
\a hiZoomOutAtMouse()
\i 1.06:0.82
\r t
\a mouseAddPt(t)
\i 1.0555:0.7165
\r t
\a cancelEnterFun()
\r t
\r nil
\a leHiCreateMeasurement()
\p > 
\a mouseAddPt(t)
\i 1.044:0.7095
\r t
\a hiZoomInAtMouse()
\i 1.05:0.775
\r t
\a mouseAddPt(t)
\i 1.072:0.7895
\r t
\a cancelEnterFun()
\r t
\r nil
\a leHiCreateRect()
\a leRectForm->slotLayer->value = "y0 drawing"
\r "y0 drawing"
\a leRectForm->slotLayer->value = "y0 drawing"
\r "y0 drawing"
\p > 
\a mouseAddPt(t)
\i 1.0755:0.7895
\r t
\a hiZoomOutAtMouse()
\i 1.005:0.865
\r t
\a hiZoomOutAtMouse()
\i 0.97:0.91
\r t
\a hiZoomOutAtMouse()
\i 0.97:0.91
\r t
\a hiZoomInAtMouse()
\i 0.89:1.025
\r t
\a hiZoomInAtMouse()
\i 0.89:1.025
\r t
\a mouseAddPt(t)
\i 0.9:0.97
\r t
\a leHiSave()
\r t
\a hiZoomOutAtMouse()
\i 0.935:0.82
\r t
\a hiZoomOutAtMouse()
\i 0.96:0.86
\r t
\a hiZoomInAtMouse()
\i 0.865:1.32
\r t
\a cancelEnterFun()
\r t
\r nil
\a hiZoomInAtMouse()
\i 0.895:0.975
\r t
\a hiZoomInAtMouse()
\i 0.895:0.975
\r t
\a hiZoomOutAtMouse()
\i 0.89:1.035
\r t
\a hiZoomOutAtMouse()
\i 0.89:1.03
\r t
\a hiZoomInAtMouse()
\i 1.19:0.53
\r t
\a hiZoomOutAtMouse()
\i 1.17:0.645
\r t
\a hiZoomInAtMouse()
\i 1.185:0.45
\r t
\a hiZoomInAtMouse()
\i 1.185:0.45
\r t
\a hiZoomOutAtMouse()
\i 1.19:0.515
\r t
\a hiZoomOutAtMouse()
\i 1.19:0.515
\r t
\a hiZoomOutAtMouse()
\i 1.195:0.515
\r t
\a hiZoomInAtMouse()
\i 1.16:0.44
\r t
\a hiZoomOutAtMouse()
\i 1.195:0.335
\r t
\a hiZoomInAtMouse()
\i 1.22:0.145
\r t
\a mouseSingleSelectPt()
\i 1.205:0.21
\r t
\a leHiDelete()
\r t
\a hiZoomInAtMouse()
\i 1.17:0.495
\r t
\a hiZoomInAtMouse()
\i 1.17:0.495
\r t
\a hiZoomOutAtMouse()
\i 1.19:0.48
\r t
\a hiZoomOutAtMouse()
\i 1.19:0.475
\r t
\a hiZoomOutAtMouse()
\i 1.14:0.455
\r t
\a hiZoomInAtMouse()
\i 1.07:1.075
\r t
\a mouseSingleSelectPt()
\i 0.99:0.95
\r t
\a leHiDelete()
\r t
\a mouseSingleSelectPt()
\i 1.04:0.835
\r t
\a leHiDelete()
\r t
\a mouseSingleSelectPt()
\i 0.97:0.9
\r t
\a leHiDelete()
\r t
\a leHiMove()
\a leMoveForm->leMoveFormLayerField->value = "As Is"
\r "As Is"
\p > 
\a mouseAddPt(t)
\i 1.0265:0.8985
\r t
\a hiZoomOutAtMouse()
\i 1.05:0.895
\r t
\a hiZoomOutAtMouse()
\i 1.05:0.9
\r t
\a mouseAddPt(t)
\i -0.799:0.9095
\r t
\a hiZoomInAtMouse()
\i 1.205:0.79
\r t
\a hiZoomInAtMouse()
\i 1.205:0.79
\r t
\a cancelEnterFun()
\r t
\r nil
\a leHiMove()
\a leMoveForm->leMoveFormLayerField->value = "As Is"
\r "As Is"
\p > 
\a cancelEnterFun()
\r t
\r nil
\a leSelBoxOrStretch()
\i 1.11:0.71
\i 1.11:0.71
\p > 
\a addPoint(hiGetCommandPoint())
\i 1.105:0.8
\r t
\r t
\a hiZoomInAtMouse()
\i 1.11:0.705
\r t
\a hiZoomInAtMouse()
\i 1.11:0.705
\r t
\a mouseSingleSelectPt()
\i 1.11:0.71
\r t
\a mouseSingleSelectPt()
\i 1.02:0.74
\r t
\a hiZoomAbsoluteScale(hiGetCurrentWindow() 0.9)
\r t
\a hiZoomInAtMouse()
\i 1.19:0.735
\r t
\a hiZoomInAtMouse()
\i 1.19:0.735
\r t
\a hiZoomInAtMouse()
\i 1.19:0.735
\r t
\a hiZoomInAtMouse()
\i 0.935:0.695
\r t
\a leHiLayerTap()
\p > 
\a cancelEnterFun()
\r t
\r nil
\a mouseSingleSelectPt()
\i 1.035:0.71
\r t
\a hiZoomOutAtMouse()
\i 1.21:0.655
\r t
\a hiZoomOutAtMouse()
\i 1.165:0.705
\r t
\a hiZoomInAtMouse()
\i 1.285:1.055
\r t
\a leHiDelete()
\r t
\a mouseSingleSelectPt()
\i 1.205:0.82
\r t
\a mouseSingleSelectPt()
\i 1.21:0.835
\r t
\a leHiDelete()
\r t
\a hiZoomOutAtMouse()
\i 1.16:0.985
\r t
\a hiZoomInAtMouse()
\i 1.12:0.86
\r t
\a leHiCreateWire()
\p > 
\a mouseAddPt(t)
\i 0.989:0.559
\r t
\a mouseAddPt(t)
\i 0.9995:0.9855
\r t
\a mouseAddPt(t)
\i 1.187:0.978
\r t
\a mouseAddPt(t)
\i 1.1895:1.143
\r t
\a cancelEnterFun()
\r t
\r nil
\a hiZoomOutAtMouse()
\i 1.255:0.73
\r t
\a hiZoomInAtMouse()
\i 1.21:0.475
\r t
\a hiZoomInAtMouse()
\i 1.175:0.56
\r t
\a hiZoomOutAtMouse()
\i 1.225:0.635
\r t
\a hiZoomOutAtMouse()
\i 1.235:0.645
\r t
\a hiZoomInAtMouse()
\i 1.24:0.74
\r t
\a hiZoomOutAtMouse()
\i 1.235:0.69
\r t
\a hiZoomInAtMouse()
\i 1.11:1.2
\r t
\a hiZoomOutAtMouse()
\i 1.1:1
\r t
\a hiZoomInAtMouse()
\i 1.25:0.81
\r t
\a hiZoomOutAtMouse()
\i 1.265:0.715
\r t
\a hiZoomInAtMouse()
\i 1.25:0.715
\r t
\a mouseSingleSelectPt()
\i 1.25:0.715
\r t
\a _leRotateOrFlip("R270")
\r t
\a leHiMove()
\a leMoveForm->leMoveFormLayerField->value = "As Is"
\r "As Is"
\p > 
\a hiZoomInAtMouse()
\i 1.295:0.675
\r t
\a hiZoomInAtMouse()
\i 1.295:0.675
\r t
\a mouseAddPt(t)
\i 1.288:0.6815
\r t
\a mouseAddPt(t)
\i 1.301:0.688
\r t
\r t
\a hiZoomOutAtMouse()
\i 1.295:0.69
\r t
\a hiZoomOutAtMouse()
\i 1.295:0.685
\r t
\a hiZoomInAtMouse()
\i 1.295:0.87
\r t
\a leHiCreateWire()
\p > 
\a mouseAddPt(t)
\i 1.258:0.7405
\r t
\a mouseAddPt(t)
\i 1.247:0.985
\r t
\a mouseAddPt(t)
\i 1.1735:0.994
\r t
\a hiZoomOutAtMouse()
\i 1.255:0.92
\r t
\a hiZoomOutAtMouse()
\i 1.225:0.92
\r t
\a cancelEnterFun()
\r t
\r nil
\a hiZoomInAtMouse()
\i 1.24:0.68
\r t
\a hiZoomInAtMouse()
\i 1.24:0.68
\r t
\a hiZoomOutAtMouse()
\i 1.235:0.675
\r t
\a hiZoomOutAtMouse()
\i 1.23:0.66
\r t
\a hiZoomInAtMouse()
\i 1.125:0.775
\r t
\a hiZoomInAtMouse()
\i 1.04:0.865
\r t
\a mouseSingleSelectPt()
\i 1.04:0.865
\r t
\a leHiDelete()
\r t
\a hiZoomOutAtMouse()
\i 1.01:0.81
\r t
\a leHiCreateWire()
\p > 
\a hiZoomInAtMouse()
\i 1.02:0.88
\r t
\a hiZoomInAtMouse()
\i 1.02:0.88
\r t
\a mouseAddPt(t)
\i 1.0135:0.872
\w *WARNING* (WE-20052): The current wire width (0.045) is an odd multiple of the manufacturing grid. As a result, the wire centerline is off the manufacturing grid.
\r t
\a hiZoomOutAtMouse()
\i 1.04:0.875
\r t
\a hiZoomOutAtMouse()
\i 1.04:0.875
\r t
\a hiZoomOutAtMouse()
\i 1.035:0.875
\r t
\a hiZoomInAtMouse()
\i 1.275:0.875
\r t
\a hiZoomInAtMouse()
\i 1.275:0.875
\r t
\a hiZoomOutAtMouse()
\i 1.275:0.875
\r t
\a mouseAddPt(t)
\i 1.2865:0.868
\r t
\a mouseAddPt(t)
\i 1.284:1.038
\r t
\a cancelEnterFun()
\r t
\r nil
\a leHiSave()
\r t
\a hiZoomOutAtMouse()
\i 1.17:0.765
\r t
\a hiZoomInAtMouse()
\i 1.155:0.885
\r t
\a hiZoomOutAtMouse()
\i 1.22:0.855
\r t
\a hiZoomInAtMouse()
\i 1.185:0.8
\r t
\a hiZoomOutAtMouse()
\i 1.175:0.795
\r t
\a hiZoomInAtMouse()
\i 1.085:0.585
\r t
\a hiZoomOutAtMouse()
\i 1.075:0.65
\r t
\a hiZoomInAtMouse()
\i 1.015:0.155
\r t
\a hiZoomOutAtMouse()
\i 1.24:0.375
\r t
\a hiZoomOutAtMouse()
\i 1.07:0.505
\r t
\a hiZoomInAtMouse()
\i 1.065:0.5
\r t
