/net5 (tsetup=7e-10) X,/net5 (tsetup=7e-10) Y,/net5 (tsetup=6.921053e-10) X,/net5 (tsetup=6.921053e-10) Y,/net5 (tsetup=6.842105e-10) X,/net5 (tsetup=6.842105e-10) Y,/net5 (tsetup=6.763158e-10) X,/net5 (tsetup=6.763158e-10) Y,/net5 (tsetup=6.684211e-10) X,/net5 (tsetup=6.684211e-10) Y,/net5 (tsetup=6.605263e-10) X,/net5 (tsetup=6.605263e-10) Y,/net5 (tsetup=6.526316e-10) X,/net5 (tsetup=6.526316e-10) Y,/net5 (tsetup=6.447368e-10) X,/net5 (tsetup=6.447368e-10) Y,/net5 (tsetup=6.368421e-10) X,/net5 (tsetup=6.368421e-10) Y,/net5 (tsetup=6.289474e-10) X,/net5 (tsetup=6.289474e-10) Y,/net5 (tsetup=6.210526e-10) X,/net5 (tsetup=6.210526e-10) Y,/net5 (tsetup=6.131579e-10) X,/net5 (tsetup=6.131579e-10) Y,/net5 (tsetup=6.052632e-10) X,/net5 (tsetup=6.052632e-10) Y,/net5 (tsetup=5.973684e-10) X,/net5 (tsetup=5.973684e-10) Y,/net5 (tsetup=5.894737e-10) X,/net5 (tsetup=5.894737e-10) Y,/net5 (tsetup=5.815789e-10) X,/net5 (tsetup=5.815789e-10) Y,/net5 (tsetup=5.736842e-10) X,/net5 (tsetup=5.736842e-10) Y,/net5 (tsetup=5.657895e-10) X,/net5 (tsetup=5.657895e-10) Y,/net5 (tsetup=5.578947e-10) X,/net5 (tsetup=5.578947e-10) Y,/net5 (tsetup=5.5e-10) X,/net5 (tsetup=5.5e-10) Y
0,0.00543725478665667,0,0.00543725478665667,0,0.00543725478665667,0,0.00543725478665667,0,0.00543725478665667,0,0.00543725478665667,0,0.00543725478665667,0,0.00543725478665667,0,0.00543725478665667,0,0.00543725478665667,0,0.00543725478665667,0,0.00543725478665667,0,0.00543725478665667,0,0.00543725478665667,0,0.00543725478665667,0,0.00543725478665667,0,0.00543725478665667,0,0.00543725478665667,0,0.00543725478665667,0,0.00543725478665667
9.765625e-14,0.005437321018213184,9.765625e-14,0.005437321018213184,9.765625e-14,0.005437321018213184,9.765625e-14,0.005437321018213184,9.765625e-14,0.005437321018213184,9.765625e-14,0.005437321018213184,9.765625e-14,0.005437321018213184,9.765625e-14,0.005437321018213184,9.765625e-14,0.005437321018213184,9.765625e-14,0.005437321018213184,9.765625e-14,0.005437321018213184,9.765625e-14,0.005437321018213184,9.765625e-14,0.005437321018213184,9.765625e-14,0.005437321018213184,9.765625e-14,0.005437321018213184,9.765625e-14,0.005437321018213184,9.765625e-14,0.005437321018213184,9.765625e-14,0.005437321018213184,9.765625e-14,0.005437321018213184,9.765625e-14,0.005437321018213184
2.9296875e-13,0.005437465186646384,2.9296875e-13,0.005437465186646384,2.9296875e-13,0.005437465186646384,2.9296875e-13,0.005437465186646384,2.9296875e-13,0.005437465186646384,2.9296875e-13,0.005437465186646384,2.9296875e-13,0.005437465186646384,2.9296875e-13,0.005437465186646384,2.9296875e-13,0.005437465186646384,2.9296875e-13,0.005437465186646384,2.9296875e-13,0.005437465186646384,2.9296875e-13,0.005437465186646384,2.9296875e-13,0.005437465186646384,2.9296875e-13,0.005437465186646384,2.9296875e-13,0.005437465186646384,2.9296875e-13,0.005437465186646384,2.9296875e-13,0.005437465186646384,2.9296875e-13,0.005437465186646384,2.9296875e-13,0.005437465186646384,2.9296875e-13,0.005437465186646384
6.8359375e-13,0.005437748615025354,6.8359375e-13,0.005437748615025354,6.8359375e-13,0.005437748615025354,6.8359375e-13,0.005437748615025354,6.8359375e-13,0.005437748615025354,6.8359375e-13,0.005437748615025354,6.8359375e-13,0.005437748615025354,6.8359375e-13,0.005437748615025354,6.8359375e-13,0.005437748615025354,6.8359375e-13,0.005437748615025354,6.8359375e-13,0.005437748615025354,6.8359375e-13,0.005437748615025354,6.8359375e-13,0.005437748615025354,6.8359375e-13,0.005437748615025354,6.8359375e-13,0.005437748615025354,6.8359375e-13,0.005437748615025354,6.8359375e-13,0.005437748615025354,6.8359375e-13,0.005437748615025354,6.8359375e-13,0.005437748615025354,6.8359375e-13,0.005437748615025354
9.888479446637179e-13,0.005437964264960969,9.888479446637179e-13,0.005437964264960969,9.888479446637179e-13,0.005437964264960969,9.888479446637179e-13,0.005437964264960969,9.888479446637179e-13,0.005437964264960969,9.888479446637179e-13,0.005437964264960969,9.888479446637179e-13,0.005437964264960969,9.888479446637179e-13,0.005437964264960969,9.888479446637179e-13,0.005437964264960969,9.888479446637179e-13,0.005437964264960969,9.888479446637179e-13,0.005437964264960969,9.888479446637179e-13,0.005437964264960969,9.888479446637179e-13,0.005437964264960969,9.888479446637179e-13,0.005437964264960969,9.888479446637179e-13,0.005437964264960969,9.888479446637179e-13,0.005437964264960969,9.888479446637179e-13,0.005437964264960969,9.888479446637179e-13,0.005437964264960969,9.888479446637179e-13,0.005437964264960969,9.888479446637179e-13,0.005437964264960969
1.599356333991154e-12,0.005438379746688775,1.599356333991154e-12,0.005438379746688775,1.599356333991154e-12,0.005438379746688775,1.599356333991154e-12,0.005438379746688775,1.599356333991154e-12,0.005438379746688775,1.599356333991154e-12,0.005438379746688775,1.599356333991154e-12,0.005438379746688775,1.599356333991154e-12,0.005438379746688775,1.599356333991154e-12,0.005438379746688775,1.599356333991154e-12,0.005438379746688775,1.599356333991154e-12,0.005438379746688775,1.599356333991154e-12,0.005438379746688775,1.599356333991154e-12,0.005438379746688775,1.599356333991154e-12,0.005438379746688775,1.599356333991154e-12,0.005438379746688775,1.599356333991154e-12,0.005438379746688775,1.599356333991154e-12,0.005438379746688775,1.599356333991154e-12,0.005438379746688775,1.599356333991154e-12,0.005438379746688775,1.599356333991154e-12,0.005438379746688775
2.820373112646025e-12,0.005439150977196663,2.820373112646025e-12,0.005439150977196663,2.820373112646025e-12,0.005439150977196663,2.820373112646025e-12,0.005439150977196663,2.820373112646025e-12,0.005439150977196663,2.820373112646025e-12,0.005439150977196663,2.820373112646025e-12,0.005439150977196663,2.820373112646025e-12,0.005439150977196663,2.820373112646025e-12,0.005439150977196663,2.820373112646025e-12,0.005439150977196663,2.820373112646025e-12,0.005439150977196663,2.820373112646025e-12,0.005439150977196663,2.820373112646025e-12,0.005439150977196663,2.820373112646025e-12,0.005439150977196663,2.820373112646025e-12,0.005439150977196663,2.820373112646025e-12,0.005439150977196663,2.820373112646025e-12,0.005439150977196663,2.820373112646025e-12,0.005439150977196663,2.820373112646025e-12,0.005439150977196663,2.820373112646025e-12,0.005439150977196663
5.262406669955769e-12,0.00544048414392698,5.262406669955769e-12,0.00544048414392698,5.262406669955769e-12,0.00544048414392698,5.262406669955769e-12,0.00544048414392698,5.262406669955769e-12,0.00544048414392698,5.262406669955769e-12,0.00544048414392698,5.262406669955769e-12,0.00544048414392698,5.262406669955769e-12,0.00544048414392698,5.262406669955769e-12,0.00544048414392698,5.262406669955769e-12,0.00544048414392698,5.262406669955769e-12,0.00544048414392698,5.262406669955769e-12,0.00544048414392698,5.262406669955769e-12,0.00544048414392698,5.262406669955769e-12,0.00544048414392698,5.262406669955769e-12,0.00544048414392698,5.262406669955769e-12,0.00544048414392698,5.262406669955769e-12,0.00544048414392698,5.262406669955769e-12,0.00544048414392698,5.262406669955769e-12,0.00544048414392698,5.262406669955769e-12,0.00544048414392698
1.014647378457526e-11,0.005442503003281534,1.014647378457526e-11,0.005442503003281534,1.014647378457526e-11,0.005442503003281534,1.014647378457526e-11,0.005442503003281534,1.014647378457526e-11,0.005442503003281534,1.014647378457526e-11,0.005442503003281534,1.014647378457526e-11,0.005442503003281534,1.014647378457526e-11,0.005442503003281534,1.014647378457526e-11,0.005442503003281534,1.014647378457526e-11,0.005442503003281534,1.014647378457526e-11,0.005442503003281534,1.014647378457526e-11,0.005442503003281534,1.014647378457526e-11,0.005442503003281534,1.014647378457526e-11,0.005442503003281534,1.014647378457526e-11,0.005442503003281534,1.014647378457526e-11,0.005442503003281534,1.014647378457526e-11,0.005442503003281534,1.014647378457526e-11,0.005442503003281534,1.014647378457526e-11,0.005442503003281534,1.014647378457526e-11,0.005442503003281534
1.625805169165109e-11,0.005444170016860334,1.625805169165109e-11,0.005444170016860334,1.625805169165109e-11,0.005444170016860334,1.625805169165109e-11,0.005444170016860334,1.625805169165109e-11,0.005444170016860334,1.625805169165109e-11,0.005444170016860334,1.625805169165109e-11,0.005444170016860334,1.625805169165109e-11,0.005444170016860334,1.625805169165109e-11,0.005444170016860334,1.625805169165109e-11,0.005444170016860334,1.625805169165109e-11,0.005444170016860334,1.625805169165109e-11,0.005444170016860334,1.625805169165109e-11,0.005444170016860334,1.625805169165109e-11,0.005444170016860334,1.625805169165109e-11,0.005444170016860334,1.625805169165109e-11,0.005444170016860334,1.625805169165109e-11,0.005444170016860334,1.625805169165109e-11,0.005444170016860334,1.625805169165109e-11,0.005444170016860334,1.625805169165109e-11,0.005444170016860334
2.302402645083583e-11,0.005445301287377528,2.302402645083583e-11,0.005445301287377528,2.302402645083583e-11,0.005445301287377528,2.302402645083583e-11,0.005445301287377528,2.302402645083583e-11,0.005445301287377528,2.302402645083583e-11,0.005445301287377528,2.302402645083583e-11,0.005445301287377528,2.302402645083583e-11,0.005445301287377528,2.302402645083583e-11,0.005445301287377528,2.302402645083583e-11,0.005445301287377528,2.302402645083583e-11,0.005445301287377528,2.302402645083583e-11,0.005445301287377528,2.302402645083583e-11,0.005445301287377528,2.302402645083583e-11,0.005445301287377528,2.302402645083583e-11,0.005445301287377528,2.302402645083583e-11,0.005445301287377528,2.302402645083583e-11,0.005445301287377528,2.302402645083583e-11,0.005445301287377528,2.302402645083583e-11,0.005445301287377528,2.302402645083583e-11,0.005445301287377528
3.079911459523492e-11,0.00544606813989786,3.079911459523492e-11,0.00544606813989786,3.079911459523492e-11,0.00544606813989786,3.079911459523492e-11,0.00544606813989786,3.079911459523492e-11,0.00544606813989786,3.079911459523492e-11,0.00544606813989786,3.079911459523492e-11,0.00544606813989786,3.079911459523492e-11,0.00544606813989786,3.079911459523492e-11,0.00544606813989786,3.079911459523492e-11,0.00544606813989786,3.079911459523492e-11,0.00544606813989786,3.079911459523492e-11,0.00544606813989786,3.079911459523492e-11,0.00544606813989786,3.079911459523492e-11,0.00544606813989786,3.079911459523492e-11,0.00544606813989786,3.079911459523492e-11,0.00544606813989786,3.079911459523492e-11,0.00544606813989786,3.079911459523492e-11,0.00544606813989786,3.079911459523492e-11,0.00544606813989786,3.079911459523492e-11,0.00544606813989786
4.005611525916926e-11,0.005446598741783869,4.005611525916926e-11,0.005446598741783869,4.005611525916926e-11,0.005446598741783869,4.005611525916926e-11,0.005446598741783869,4.005611525916926e-11,0.005446598741783869,4.005611525916926e-11,0.005446598741783869,4.005611525916926e-11,0.005446598741783869,4.005611525916926e-11,0.005446598741783869,4.005611525916926e-11,0.005446598741783869,4.005611525916926e-11,0.005446598741783869,4.005611525916926e-11,0.005446598741783869,4.005611525916926e-11,0.005446598741783869,4.005611525916926e-11,0.005446598741783869,4.005611525916926e-11,0.005446598741783869,4.005611525916926e-11,0.005446598741783869,4.005611525916926e-11,0.005446598741783869,4.005611525916926e-11,0.005446598741783869,4.005611525916926e-11,0.005446598741783869,4.005611525916926e-11,0.005446598741783869,4.005611525916926e-11,0.005446598741783869
5.182138312423428e-11,0.005447009085469467,5.182138312423428e-11,0.005447009085469467,5.182138312423428e-11,0.005447009085469467,5.182138312423428e-11,0.005447009085469467,5.182138312423428e-11,0.005447009085469467,5.182138312423428e-11,0.005447009085469467,5.182138312423428e-11,0.005447009085469467,5.182138312423428e-11,0.005447009085469467,5.182138312423428e-11,0.005447009085469467,5.182138312423428e-11,0.005447009085469467,5.182138312423428e-11,0.005447009085469467,5.182138312423428e-11,0.005447009085469467,5.182138312423428e-11,0.005447009085469467,5.182138312423428e-11,0.005447009085469467,5.182138312423428e-11,0.005447009085469467,5.182138312423428e-11,0.005447009085469467,5.182138312423428e-11,0.005447009085469467,5.182138312423428e-11,0.005447009085469467,5.182138312423428e-11,0.005447009085469467,5.182138312423428e-11,0.005447009085469467
6.847395881350458e-11,0.00544742190921444,6.847395881350458e-11,0.00544742190921444,6.847395881350458e-11,0.00544742190921444,6.847395881350458e-11,0.00544742190921444,6.847395881350458e-11,0.00544742190921444,6.847395881350458e-11,0.00544742190921444,6.847395881350458e-11,0.00544742190921444,6.847395881350458e-11,0.00544742190921444,6.847395881350458e-11,0.00544742190921444,6.847395881350458e-11,0.00544742190921444,6.847395881350458e-11,0.00544742190921444,6.847395881350458e-11,0.00544742190921444,6.847395881350458e-11,0.00544742190921444,6.847395881350458e-11,0.00544742190921444,6.847395881350458e-11,0.00544742190921444,6.847395881350458e-11,0.00544742190921444,6.847395881350458e-11,0.00544742190921444,6.847395881350458e-11,0.00544742190921444,6.847395881350458e-11,0.00544742190921444,6.847395881350458e-11,0.00544742190921444
1.007919041387992e-10,0.005448167751355515,1.007919041387992e-10,0.005448167751355515,1.007919041387992e-10,0.005448167751355515,1.007919041387992e-10,0.005448167751355515,1.007919041387992e-10,0.005448167751355515,1.007919041387992e-10,0.005448167751355515,1.007919041387992e-10,0.005448167751355515,1.007919041387992e-10,0.005448167751355515,1.007919041387992e-10,0.005448167751355515,1.007919041387992e-10,0.005448167751355515,1.007919041387992e-10,0.005448167751355515,1.007919041387992e-10,0.005448167751355515,1.007919041387992e-10,0.005448167751355515,1.007919041387992e-10,0.005448167751355515,1.007919041387992e-10,0.005448167751355515,1.007919041387992e-10,0.005448167751355515,1.007919041387992e-10,0.005448167751355515,1.007919041387992e-10,0.005448167751355515,1.007919041387992e-10,0.005448167751355515,1.007919041387992e-10,0.005448167751355515
1.370728700689444e-10,0.00544908050325935,1.370728700689444e-10,0.00544908050325935,1.370728700689444e-10,0.00544908050325935,1.370728700689444e-10,0.00544908050325935,1.370728700689444e-10,0.00544908050325935,1.370728700689444e-10,0.00544908050325935,1.370728700689444e-10,0.00544908050325935,1.370728700689444e-10,0.00544908050325935,1.370728700689444e-10,0.00544908050325935,1.370728700689444e-10,0.00544908050325935,1.370728700689444e-10,0.00544908050325935,1.370728700689444e-10,0.00544908050325935,1.370728700689444e-10,0.00544908050325935,1.370728700689444e-10,0.00544908050325935,1.370728700689444e-10,0.00544908050325935,1.370728700689444e-10,0.00544908050325935,1.370728700689444e-10,0.00544908050325935,1.370728700689444e-10,0.00544908050325935,1.370728700689444e-10,0.00544908050325935,1.370728700689444e-10,0.00544908050325935
1.752139495060687e-10,0.005450131982047384,1.752139495060687e-10,0.005450131982047384,1.752139495060687e-10,0.005450131982047384,1.752139495060687e-10,0.005450131982047384,1.752139495060687e-10,0.005450131982047384,1.752139495060687e-10,0.005450131982047384,1.752139495060687e-10,0.005450131982047384,1.752139495060687e-10,0.005450131982047384,1.752139495060687e-10,0.005450131982047384,1.752139495060687e-10,0.005450131982047384,1.752139495060687e-10,0.005450131982047384,1.752139495060687e-10,0.005450131982047384,1.752139495060687e-10,0.005450131982047384,1.752139495060687e-10,0.005450131982047384,1.752139495060687e-10,0.005450131982047384,1.752139495060687e-10,0.005450131982047384,1.752139495060687e-10,0.005450131982047384,1.752139495060687e-10,0.005450131982047384,1.752139495060687e-10,0.005450131982047384,1.752139495060687e-10,0.005450131982047384
2.24224583516625e-10,0.00545148188247509,2.24224583516625e-10,0.00545148188247509,2.24224583516625e-10,0.00545148188247509,2.24224583516625e-10,0.00545148188247509,2.24224583516625e-10,0.00545148188247509,2.24224583516625e-10,0.00545148188247509,2.24224583516625e-10,0.00545148188247509,2.24224583516625e-10,0.00545148188247509,2.24224583516625e-10,0.00545148188247509,2.24224583516625e-10,0.00545148188247509,2.24224583516625e-10,0.00545148188247509,2.24224583516625e-10,0.00545148188247509,2.24224583516625e-10,0.00545148188247509,2.24224583516625e-10,0.00545148188247509,2.24224583516625e-10,0.00545148188247509,2.24224583516625e-10,0.00545148188247509,2.24224583516625e-10,0.00545148188247509,2.24224583516625e-10,0.00545148188247509,2.24224583516625e-10,0.00545148188247509,2.24224583516625e-10,0.00545148188247509
2.925897710161676e-10,0.005452984501166246,2.925897710161676e-10,0.005452984501166246,2.925897710161676e-10,0.005452984501166246,2.925897710161676e-10,0.005452984501166246,2.925897710161676e-10,0.005452984501166246,2.925897710161676e-10,0.005452984501166246,2.925897710161676e-10,0.005452984501166246,2.925897710161676e-10,0.005452984501166246,2.925897710161676e-10,0.005452984501166246,2.925897710161676e-10,0.005452984501166246,2.925897710161676e-10,0.005452984501166246,2.925897710161676e-10,0.005452984501166246,2.925897710161676e-10,0.005452984501166246,2.925897710161676e-10,0.005452984501166246,2.925897710161676e-10,0.005452984501166246,2.925897710161676e-10,0.005452984501166246,2.925897710161676e-10,0.005452984501166246,2.925897710161676e-10,0.005452984501166246,2.925897710161676e-10,0.005452984501166246,2.925897710161676e-10,0.005452984501166246
3.166382955963403e-10,0.005453413249804323,3.166382955963403e-10,0.005453413249804323,3.166382955963403e-10,0.005453413249804323,3.166382955963403e-10,0.005453413249804323,3.166382955963403e-10,0.005453413249804323,3.166382955963403e-10,0.005453413249804323,3.166382955963403e-10,0.005453413249804323,3.166382955963403e-10,0.005453413249804323,3.166382955963403e-10,0.005453413249804323,3.166382955963403e-10,0.005453413249804323,3.166382955963403e-10,0.005453413249804323,3.166382955963403e-10,0.005453413249804323,3.166382955963403e-10,0.005453413249804323,3.166382955963403e-10,0.005453413249804323,3.166382955963403e-10,0.005453413249804323,3.166382955963403e-10,0.005453413249804323,3.166382955963403e-10,0.005453413249804323,3.166382955963403e-10,0.005453413249804323,3.166382955963403e-10,0.005453413249804323,3.166382955963403e-10,0.005453413249804323
3.647353447566856e-10,0.005453971390542036,3.647353447566856e-10,0.005453971390542036,3.647353447566856e-10,0.005453971390542036,3.647353447566856e-10,0.005453971390542036,3.647353447566856e-10,0.005453971390542036,3.647353447566856e-10,0.005453971390542036,3.647353447566856e-10,0.005453971390542036,3.647353447566856e-10,0.005453971390542036,3.647353447566856e-10,0.005453971390542036,3.647353447566856e-10,0.005453971390542036,3.647353447566856e-10,0.005453971390542036,3.647353447566856e-10,0.005453971390542036,3.647353447566856e-10,0.005453971390542036,3.647353447566856e-10,0.005453971390542036,3.647353447566856e-10,0.005453971390542036,3.647353447566856e-10,0.005453971390542036,3.647353447566856e-10,0.005453971390542036,3.647353447566856e-10,0.005453971390542036,3.647353447566856e-10,0.005453971390542036,3.647353447566856e-10,0.005453971390542036
4.609294430773763e-10,0.005454335763990562,4.609294430773763e-10,0.005454335763990562,4.609294430773763e-10,0.005454335763990562,4.609294430773763e-10,0.005454335763990562,4.609294430773763e-10,0.005454335763990562,4.609294430773763e-10,0.005454335763990562,4.609294430773763e-10,0.005454335763990562,4.609294430773763e-10,0.005454335763990562,4.609294430773763e-10,0.005454335763990562,4.609294430773763e-10,0.005454335763990562,4.609294430773763e-10,0.005454335763990562,4.609294430773763e-10,0.005454335763990562,4.609294430773763e-10,0.005454335763990562,4.609294430773763e-10,0.005454335763990562,4.609294430773763e-10,0.005454335763990562,4.609294430773763e-10,0.005454335763990562,4.609294430773763e-10,0.005454335763990562,4.609294430773763e-10,0.005454335763990562,4.609294430773763e-10,0.005454335763990562,4.609294430773763e-10,0.005454335763990562
5.296662654241694e-10,0.005454289215835005,5.296662654241694e-10,0.005454289215835005,5.296662654241694e-10,0.005454289215835005,5.296662654241694e-10,0.005454289215835005,5.296662654241694e-10,0.005454289215835005,5.296662654241694e-10,0.005454289215835005,5.296662654241694e-10,0.005454289215835005,5.296662654241694e-10,0.005454289215835005,5.488857741886882e-10,0.00545424388901377,5.449384057386882e-10,0.005454255223862838,5.409910373386881e-10,0.005454265414740559,5.370436688886882e-10,0.005454274568288788,5.330963004886882e-10,0.00545428277965384,5.291489320886882e-10,0.005454290133556447,5.252015636386882e-10,0.005454296705285832,5.212541952386881e-10,0.005454302561636892,5.173068267886882e-10,0.005454307761781106,5.133594583886882e-10,0.005454312358114659,5.578947368e-10,0.005454213073280325,5.5e-10,0.005454240466398603
6.148331327120846e-10,0.005453751607540175,6.108857643120848e-10,0.005453809534033921,6.069383958620847e-10,0.005453861845678085,6.029910274620847e-10,0.005453909073629488,5.990436590120848e-10,0.005453951704310432,5.950962906120847e-10,0.005453990182454647,5.911489221620847e-10,0.005454024914056752,5.886651002337936e-10,0.005454045015638637,6.368421053e-10,0.00545332426605952,6.289473684e-10,0.005453508219945442,6.210526316e-10,0.005453659416945427,6.131578947e-10,0.005453783443533306,6.052631579e-10,0.0054538850383134,5.973684211e-10,0.005453968191856548,5.894736842e-10,0.005454036241630506,5.815789474e-10,0.005454091960356615,5.736842105e-10,0.005454137636688668,5.657894737e-10,0.005454175147671679,5.584024355035339e-10,0.005459585046643416,5.504966074972981e-10,0.005459495375365947
6.597991720643084e-10,0.00545271459292023,6.514955137560424e-10,0.005453015437433659,6.455744610810423e-10,0.005453195308543208,6.763157895e-10,0.005451852218848891,6.684210526e-10,0.005452287721697985,6.605263158e-10,0.005452650406440519,6.526315789e-10,0.005452951252516501,6.447368421e-10,0.00545320181013409,6.37172533883099e-10,0.005456807505934207,6.29293907932811e-10,0.005457164268076672,6.214162228898457e-10,0.005457498054686583,6.135395219023641e-10,0.005457814893788118,6.056638499689277e-10,0.005458119976672534,5.977892535419734e-10,0.005458417760625771,5.899157811196546e-10,0.005458712066608457,5.820434837896628e-10,0.005459006169817911,5.741246588102447e-10,0.00545879678141213,5.661990831946196e-10,0.005458507009713618,5.588628072721469e-10,0.005464479456678203,5.509499519794167e-10,0.005464317558879057
7e-10,0.005450396437046017,6.921052632e-10,0.005451049473879276,6.842105263e-10,0.00545160239444531,6.765327191405709e-10,0.005454113985253979,6.686468843813672e-10,0.00545464654319206,6.607615403539165e-10,0.00545511135738904,6.528767046959913e-10,0.005455519603067908,6.449907037010855e-10,0.005455864895657832,6.375146555230464e-10,0.005460467913871219,6.296473998850253e-10,0.00546094465277023,6.217815880119861e-10,0.005461403367311862,6.139172772181205e-10,0.005461850215878713,6.060545270157833e-10,0.005462290520363232,5.981933989272289e-10,0.005462728870905151,5.903339572629014e-10,0.005463169225830554,5.82476269807949e-10,0.005463615001031084,5.745417538069761e-10,0.005463243461933683,5.665957458709756e-10,0.005462741760482787,5.597835508093729e-10,0.005474085651313407,5.518566409436539e-10,0.005473784643285032
7.001589027399772e-10,0.005452028900626556,6.922720657439035e-10,0.005452768904452343,6.843838010388919e-10,0.005453393305114913,6.767894429832622e-10,0.005456866862588787,6.689107176668081e-10,0.005457476432400613,6.61032784982511e-10,0.005458021207795674,6.531556674578102e-10,0.005458512420561084,6.452763999505487e-10,0.005458930039473783,6.381988988029413e-10,0.005467686945280602,6.303543837894539e-10,0.005468396683970733,6.22512318256267e-10,0.005469097801563249,6.146727878496334e-10,0.005469796685241173,6.068358811094945e-10,0.005470498884258035,5.990016896977399e-10,0.005471209218490749,5.911703095493949e-10,0.005471931881261609,5.833418418445214e-10,0.005472670533606718,5.753759438004391e-10,0.005471985978233709,5.673890712236877e-10,0.005471074619702734,5.607144685841288e-10,0.005483545915849329,5.527684627843271e-10,0.00548306219718798
7.003668614370999e-10,0.005454255934436312,6.924869482017457e-10,0.005455072129396272,6.846042814335113e-10,0.00545575834531858,6.773028906686449e-10,0.005462317805728292,6.694383842376898e-10,0.005463077914893826,6.615752742396999e-10,0.005463778897952704,6.53713592981448e-10,0.005464432089436345,6.458477924494751e-10,0.005464990850821129,6.388249956600583e-10,0.005474166554299687,6.310082149350523e-10,0.00547515254287087,6.231954820870064e-10,0.005476144580256157,6.153869596767406e-10,0.005477149674807164,6.075828160667781e-10,0.005478174008008602,5.99783225921882e-10,0.005479223044279883,5.919884034197849e-10,0.005480301956486315,5.841985119938012e-10,0.005481414793899663,5.761912048826144e-10,0.005480330116965367,5.681513353713846e-10,0.00547890349045062,5.625763041336406e-10,0.005501763791167643,5.545921064656735e-10,0.005500940249382066
7.007827788313452e-10,0.005458677917750824,6.9291671311743e-10,0.005459643516329079,6.850452422227499e-10,0.005460450930892987,6.777324779594217e-10,0.005466813669567361,6.698835128081913e-10,0.005467734275850048,6.620367710153584e-10,0.005468603545509564,6.541923146331973e-10,0.005469433085181614,6.463416903340283e-10,0.005470146954004858,6.400771893742922e-10,0.005486783028704342,6.323158772262492e-10,0.005488293221642231,6.24561809748485e-10,0.00548983613143202,6.16815303330955e-10,0.005491419777862483,6.090766859813455e-10,0.005493051359618144,6.013462983701662e-10,0.005494737365813743,5.93624591160565e-10,0.005496484604824115,5.859118522923608e-10,0.005498297634807808,5.778217270469651e-10,0.005496464580810123,5.696758636667782e-10,0.005494071030592968,5.662999752326643e-10,0.005535824874317756,5.582393938283663e-10,0.005534400438895024
7.011101823340831e-10,0.00546211868856738,6.932581487500939e-10,0.005463232177265508,6.853981436078251e-10,0.005464160699731932,6.785916525409753e-10,0.005475635141685037,6.707737699491942e-10,0.005476865167391078,6.629597645666755e-10,0.005478058425068613,6.551497579366958e-10,0.00547922698870763,6.473294861031346e-10,0.005480238696142691,6.4258157680276e-10,0.005510791935500475,6.349312018086428e-10,0.005513256189778178,6.272944650714424e-10,0.005515798431909523,6.196719906393838e-10,0.005518428140805669,6.120644258104803e-10,0.005521153966476462,6.044724432667345e-10,0.005523983847200999,5.968969666421253e-10,0.005526927116220982,5.893385328894801e-10,0.00552998883302161,5.810827713756666e-10,0.005526822632036789,5.727249202575656e-10,0.005522698617707264,5.708113086878723e-10,0.00557371580219626,5.627370912301358e-10,0.005572303037116149
7.017649893395589e-10,0.005468898195725484,6.939410200154217e-10,0.005470299155814333,6.861039463779754e-10,0.005471462908331271,6.803100017040825e-10,0.005492648009015846,6.725542842312001e-10,0.005494455962411883,6.648057516693096e-10,0.005496252912199732,6.570646445436929e-10,0.0054980516411971,6.493050776413473e-10,0.005499615896993821,6.468766642194412e-10,0.005548857444394455,6.39245852848627e-10,0.005551302600062646,6.316298310363476e-10,0.005553823933868683,6.240292840959637e-10,0.005556431592293588,6.164449222402641e-10,0.005559134883743538,6.088774831747376e-10,0.005561942402010365,6.013279737008018e-10,0.005564864100635686,5.93796987732474e-10,0.005567905750123693,5.855117572356333e-10,0.005564773768073124,5.771162766500215e-10,0.005560698136418148,5.756381081683862e-10,0.005611194813142323,5.675497556487647e-10,0.005609779461248281
7.030746033505105e-10,0.005482072855120189,6.953067625460774e-10,0.005484018463995504,6.87515551918276e-10,0.005485627319702411,6.83746700030297e-10,0.005524515420828212,6.761153127952119e-10,0.005527352252614076,6.684977258745779e-10,0.00553022035979522,6.60894417757687e-10,0.005533133509933997,6.532562607177727e-10,0.005535672768736512,6.514850527150868e-10,0.00558628599392346,6.438734891389693e-10,0.005588731126600459,6.36277960244076e-10,0.00559125155009941,6.286992315806952e-10,0.00559385838181822,6.211380977215284e-10,0.005596561899914282,6.135953853426103e-10,0.005599371673257489,6.060722096894512e-10,0.005602298611359657,5.985692522622661e-10,0.005605349530460197,5.902539350987402e-10,0.005602224130048405,5.818203703391843e-10,0.005598163312595924,5.809637378551283e-10,0.005649990835377483,5.728533850936929e-10,0.005648504446459496
7.056938313724138e-10,0.005507056196395624,6.980382476073888e-10,0.00550999115433321,6.903387629988773e-10,0.00551240728561637,6.881522716394078e-10,0.00556197861290962,6.805423924569663e-10,0.005564839274043743,6.729474475622351e-10,0.005567726765458232,6.653679631905105e-10,0.005570655836750688,6.577508123093421e-10,0.005573211154990235,6.564563357543808e-10,0.005623772393394488,6.488775032243925e-10,0.005626346770729752,6.413164398728499e-10,0.005628998752871641,6.337739986571662e-10,0.005631740570530408,6.262510664960472e-10,0.005634583612198539,6.187485682406597e-10,0.005637538564551164,6.112677506882791e-10,0.005640617552641283,6.038093844630938e-10,0.005643828495514792,5.95446181845359e-10,0.0056405531271379,5.869511468967984e-10,0.005636299214336227,5.869470953966724e-10,0.005691529939043822,5.788077471556306e-10,0.005689913884900305
7.099595656821075e-10,0.005544546283350956,7.023232469454792e-10,0.005547514614960243,6.94639523792446e-10,0.005549964592950689,6.928680685854226e-10,0.005598865118251426,6.852797805187575e-10,0.005601780076900401,6.777077172323599e-10,0.005604718042783684,6.701524753779793e-10,0.005607695127987337,6.625568418897662e-10,0.005610295888222636,6.619888157929988e-10,0.005663089818523868,6.544501424434941e-10,0.005665870855532461,6.469317049873289e-10,0.005668736749014055,6.394345140362651e-10,0.005671701565680995,6.319596252430489e-10,0.005674778553100166,6.24508144915099e-10,0.005677980296171927,6.170815502273238e-10,0.005681321024996418,6.096807946718801e-10,0.005684810570452551,6.012557379614623e-10,0.005681266157863552,5.92682223190053e-10,0.005676671304524189,5.9392068192537e-10,0.005738430614610262,5.857354153330464e-10,0.005736559219004512
7.145391973581957e-10,0.005581335498150911,7.069212382435981e-10,0.005584362296626506,6.992526450550417e-10,0.005586868890033186,6.98044493559107e-10,0.005636618720540928,6.904903834935165e-10,0.005639717325079725,6.829542367419857e-10,0.005642836963409264,6.754367277155055e-10,0.005645995337917886,6.678743216402982e-10,0.005648757403467913,6.682710909432624e-10,0.005705827140090354,6.607920377517651e-10,0.005708981555376292,6.533372875975559e-10,0.005712238323070169,6.45908160737298e-10,0.005715614665872635,6.385060506893061e-10,0.00571912711427198,6.311324674757244e-10,0.005722791922814759,6.23789439603349e-10,0.005726627873200753,6.164782100433684e-10,0.005730647671631085,6.079570380574216e-10,0.005726577223201857,5.992629002635796e-10,0.005721320986730118,6.024413481277314e-10,0.005794893116270679,5.941827732401468e-10,0.005792567323839858
7.194908820203132e-10,0.005618144679504657,7.119041917083695e-10,0.005621368258336079,7.042610885578447e-10,0.005624044820512919,7.038353487314425e-10,0.005676583858767152,6.963256838641186e-10,0.005679980201533277,6.888365905261958e-10,0.00568340003673848,6.813688937303602e-10,0.005686863472639823,6.73850668182303e-10,0.005689898506737279,6.757241255326386e-10,0.005755146736351704,6.683342988550428e-10,0.005758922216674724,6.60975434122347e-10,0.0057628340852955,6.53649443948448e-10,0.005766905156438672,6.463583819735879e-10,0.005771157946216368,6.39104544027818e-10,0.005775615484479651,6.318910030343378e-10,0.005780304988263304,6.247197171531391e-10,0.005785245485112462,6.160482702946006e-10,0.005780253306436904,6.071676025043972e-10,0.005773848165966885,6.135523605455094e-10,0.005868751719924611,6.051625833688859e-10,0.005865551208201814
7.249978846770919e-10,0.005656566268120967,7.174497836476446e-10,0.005660084064588927,7.098383587414857e-10,0.005663014959979242,7.105271479575184e-10,0.005720957277897648,7.030872153488339e-10,0.005724880433560704,6.956724735453375e-10,0.005728840660571712,6.88284079041174e-10,0.005732862113184073,6.808366872692562e-10,0.005736398747912813,6.850246680869674e-10,0.005816005872102984,6.777787533385213e-10,0.005820856586433379,6.705759385955808e-10,0.005825914136221665,6.634194546429787e-10,0.005831212905891924,6.56312869341659e-10,0.005836788298712532,6.49260299898256e-10,0.005842678329626681,6.4226720274587e-10,0.005848929076913312,6.353375929072762e-10,0.005855576371968003,6.264064857349347e-10,0.00584886562592146,6.172092499836785e-10,0.005840352730247871,6.301163822823242e-10,0.005981433757446158,6.213961891553277e-10,0.005975913085145244
7.312552895500309e-10,0.005698143476297917,7.237650360562959e-10,0.005702148872163959,7.162013550586859e-10,0.005705499714855765,7.186136955473828e-10,0.005773276809812954,7.112830897344456e-10,0.005778082351185878,7.039858016321653e-10,0.005782958723465135,6.967237072982656e-10,0.005787937515995317,6.893900199789829e-10,0.005792340971824455,6.976000605999743e-10,0.005898772602690212,6.906352990087473e-10,0.005905814112063847,6.837431444160598e-10,0.005913254601454211,6.769313138109842e-10,0.005921164626962657,6.702088709816316e-10,0.005929623086970377,6.635868861649926e-10,0.005938722090784962,6.570801376762249e-10,0.005948579069526056,6.507031528170816e-10,0.005959310376249252,6.411776424459955e-10,0.005948448409430243,6.312874872111979e-10,0.00593506105457371,6.632444257559538e-10,0.006217034472285285,6.538634007282111e-10,0.00620673191646977
7.386770854498188e-10,0.005745804286388385,7.312736632314548e-10,0.005750585044218606,7.237819984563871e-10,0.005754604818692382,7.289703981597369e-10,0.005839667845633239,7.218284987154152e-10,0.005846054997777078,7.147364646491904e-10,0.005852599991373253,7.076980991407515e-10,0.005859351682640071,7.005685374846989e-10,0.005865382014112939,7.185726191008896e-10,0.006040040806996418,7.126511789273115e-10,0.006055101864803782,7.070273480142322e-10,0.006072168758367796,7.018020956782526e-10,0.006091996720679436,6.971466339493124e-10,0.006115848832798667,6.922400586984656e-10,0.006137994955750711,6.867060075369348e-10,0.0061557278413371,6.814342726366923e-10,0.006175339959482104,6.70719955868117e-10,0.006155840210534854,6.592992384152906e-10,0.006131134927645319,6.909146859738559e-10,0.006421906822453398,6.814649415591144e-10,0.006411368482828804
7.479297444744396e-10,0.005804060860764466,7.406663086869531e-10,0.005810133618888224,7.332916011940802e-10,0.005815274753669581,7.43751677771033e-10,0.005934916422590745,7.370393570771876e-10,0.00594488644265877,7.304297698328822e-10,0.00595535304715037,7.239369562503533e-10,0.005966445084210224,7.173244767746078e-10,0.005976609977681054,7.479830547714258e-10,0.006242933569752189,7.413919112905424e-10,0.006255235304753537,7.352589259652661e-10,0.00627049787683821,7.296764976153316e-10,0.006289484014566229,7.248209551160463e-10,0.006313556687415756,7.197935211319985e-10,0.006336349460183809,7.141565540368322e-10,0.006354680580115891,7.088710637534455e-10,0.006375483938332606,6.982055080532021e-10,0.006356591054716916,6.8700355044502e-10,0.006333337072790011,7.240681405638686e-10,0.006670307552201109,7.141322858958961e-10,0.006657387501895322
7.604155161930106e-10,0.005882157180787835,7.534244763089094e-10,0.005890730033623028,7.462808728008255e-10,0.005898070732322127,7.690018342705798e-10,0.006099453961259244,7.631798285669267e-10,0.006117255080040037,7.575181953916948e-10,0.006135947708021685,7.520353300226559e-10,0.006155705040675643,7.465250439344968e-10,0.00617515708857612,7.741213064899304e-10,0.006423814180685683,7.682971698979834e-10,0.006443637796226917,7.629348567016117e-10,0.006466354716619052,7.581071239324481e-10,0.006492601869987232,7.539575606951279e-10,0.006523507039191834,7.495943065941232e-10,0.006552798387616292,7.445924911755372e-10,0.006577398709337456,7.400871793382624e-10,0.006605431714587287,7.286567590889784e-10,0.006582527480796733,7.16615911791893e-10,0.006554160866847372,7.551651212918257e-10,0.006899413774176516,7.469449463810755e-10,0.006901384091721426
7.810931844813755e-10,0.006011528016452538,7.750922324865756e-10,0.00602821573989231,7.688560092691751e-10,0.006043175806362093,7.924482303484425e-10,0.006251549479974183,7.873092571486552e-10,0.006276227129523317,7.823582647376038e-10,0.006301945931432125,7.776133654037977e-10,0.006328881572497379,7.728991002916665e-10,0.006355883134707953,7.971984144901864e-10,0.006579353119294769,7.920964031052412e-10,0.006606344382384377,7.874542533970323e-10,0.006636051007381977,7.833322956735805e-10,0.00666901447617907,7.798536314241794e-10,0.006706186606308532,7.761942211485727e-10,0.006741996388947724,7.719816735569018e-10,0.006773844545454622,7.682605293496568e-10,0.00680891757258961,7.584238450518049e-10,0.006800466577516625,7.482417221161542e-10,0.00678830925045238,7.80958427683812e-10,0.007081979724511186,7.74021187573316e-10,0.007095535835080533
8.030387298023161e-10,0.006147167673395535,7.976679737346984e-10,0.006170370644705624,7.921150696559482e-10,0.006192197835850181,8.134641664078871e-10,0.006383837557084179,8.088132676228457e-10,0.006414136735248043,8.043635298887324e-10,0.006445467106734024,8.001316002882951e-10,0.006477992525736232,7.959558594724456e-10,0.006510696046943029,8.181591501636468e-10,0.006712969027894526,8.135014689167094e-10,0.006745176017914273,8.092890900678459e-10,0.006779750483385682,8.05570009229341e-10,0.006817141090799199,8.024484649673918e-10,0.00685813496662678,7.991888063432379e-10,0.006898074510035125,7.954713395710382e-10,0.006934859370312538,7.922166918265483e-10,0.006974448789567504,7.836829010361464e-10,0.006978394643935995,7.750271563458198e-10,0.006980158669321499,8.036146535784869e-10,0.007233237111753175,7.974859888673976e-10,0.007254875704464971
8.23144899501017e-10,0.00626707523367412,8.18209974600391e-10,0.006295744933792907,8.131388219847433e-10,0.006323324595645021,8.330573343069734e-10,0.006499874226698361,8.287752417015124e-10,0.006534985263063627,8.247013487114111e-10,0.006571026316139194,8.208496014432029e-10,0.006608141297887433,8.170715577372498e-10,0.006645465037722315,8.371999287116394e-10,0.006824719677393598,8.329137805524776e-10,0.006861580335469487,8.290557508561625e-10,0.006900425232433572,8.256636436524107e-10,0.006941627251503082,8.228268184572262e-10,0.006985838296038723,8.198738724777541e-10,0.007029168086641895,8.165241115377544e-10,0.007069913878061845,8.136123693841244e-10,0.007113053671596307,8.059336290971742e-10,0.007126229825887433,7.98234711539142e-10,0.007137811273871894,8.239112160670177e-10,0.007358604717328871,8.18406391881904e-10,0.007386915487450619
8.419979368094446e-10,0.006372338983435799,8.374063415892585e-10,0.006405952028617192,8.327111748436143e-10,0.006438664554982205,8.511647135602679e-10,0.006597511572364523,8.471336588032483e-10,0.006636636077150282,8.433175475576518e-10,0.00667654974874414,8.397269046833108e-10,0.006717377192080232,8.362207881801931e-10,0.006758383229605525,8.549757732917044e-10,0.006918158542001043,8.509364470862998e-10,0.006958915806042689,8.473184310579974e-10,0.007001303801042203,8.441505904628772e-10,0.007045638617341113,8.415111572596388e-10,0.007092468801670022,8.387735857266771e-10,0.007138557303216403,8.356855667216708e-10,0.007182521355658197,8.330117366297247e-10,0.007228460897751517,8.260114185633905e-10,0.007249604612778513,8.190623000715836e-10,0.007269498250560951,8.424803552012021e-10,0.007462204606057288,8.373850214150654e-10,0.007495674058001615
8.597118467118618e-10,0.006461663141909667,8.553354446616852e-10,0.006499478490376904,8.508898987050451e-10,0.006536555573833008,8.683527211008921e-10,0.006678925515935232,8.644656093526419e-10,0.006721511488928793,8.608062972752037e-10,0.006764737108805565,8.573806918429821e-10,0.006808710632643516,8.540498565342007e-10,0.006852809670660496,8.720311881916421e-10,0.006995726190475618,8.681162082168345e-10,0.007039847512573878,8.646294718117039e-10,0.007085262012810612,8.615899750847808e-10,0.007132240758154191,8.590660061056288e-10,0.007181245299476901,8.564581556077283e-10,0.00722960576225031,8.535335817847963e-10,0.007276199772490916,8.510091271573767e-10,0.007324374968584518,8.444554413785844e-10,0.007352035453900625,8.380063075386961e-10,0.00737858711444301,8.599792787338493e-10,0.007547222274643381,8.551321695845218e-10,0.00758476412113823
8.767083899169054e-10,0.006535839855143063,8.724271651233729e-10,0.006577348747412095,8.681121933011121e-10,0.006618231311672185,8.852203767835356e-10,0.006745861593072075,8.813519314346068e-10,0.006791562294420152,8.777399987988694e-10,0.00683774454407302,8.743822505082318e-10,0.006884506813970591,8.711357275728374e-10,0.006931334399712989,8.889109283467914e-10,0.007058799094598197,8.849790755219636e-10,0.007105995931942166,8.815094765575562e-10,0.007154139036858813,8.785056910324742e-10,0.007203470088313445,8.760243106668388e-10,0.007254374472159965,8.734719506164957e-10,0.007304687617667339,8.706270446900347e-10,0.007353505445923375,8.68181428447798e-10,0.007403502821924187,8.618769481914792e-10,0.007436712469901362,8.557278140570071e-10,0.007468814863821754,8.76909458519882e-10,0.007614175694183651,8.721682184488531e-10,0.007654828338218442
8.936776995662789e-10,0.006596160933504824,8.89321230150041e-10,0.006641077160113989,8.849856051276581e-10,0.006685421118589411,9.025603698348541e-10,0.006798791278852964,8.984759271547926e-10,0.00684759332227079,8.947296152212278e-10,0.006896609539897309,8.912936133498507e-10,0.00694598196010606,8.880054898055177e-10,0.006995325594334252,9.066062398761018e-10,0.007107207374609294,9.023438889471563e-10,0.007157729431106171,8.986719451427181e-10,0.007208599975586958,8.955437906921902e-10,0.007260152256270251,8.92988551381059e-10,0.007312744190182407,8.903828431207856e-10,0.007364723003592409,8.875060133868357e-10,0.007415383730269689,8.850504423174424e-10,0.007466732441383826,8.787885315588351e-10,0.007504884955508761,8.727584779336037e-10,0.007541813385954419,8.938902883645818e-10,0.007660487703730855,8.890447940046574e-10,0.007703233204714218
9.118692208210685e-10,0.006641764640289348,9.06988663709199e-10,0.006690684797298551,9.023055323335754e-10,0.006738671983823673,9.232160462682395e-10,0.006830890964983696,9.17725777068222e-10,0.006886362163407804,9.131786760345445e-10,0.006939861143870177,9.092384009860642e-10,0.006992639206255289,9.056002859472143e-10,0.007044888445185051,9.180528083046886e-10,0.007124631058538441,9.232784946437783e-10,0.007186087890806856,9.181840699936824e-10,0.007243513367063031,9.142794561763864e-10,0.007298941393574047,9.112637013354376e-10,0.007353827517626072,9.082940566190102e-10,0.007407685066192618,9.051096555633796e-10,0.007460130733260969,9.024504324977898e-10,0.007512339433266502,8.958435292125866e-10,0.007555513862396242,8.896555082853752e-10,0.007596868503824448,9.123822060350339e-10,0.007673263661437404,9.06803956722212e-10,0.007719234158993818
9.205789045595648e-10,0.00665326640251571,9.194296155452816e-10,0.006710851571803182,9.227570626554019e-10,0.006771794758767027,9.311714087957778e-10,0.006826673815872925,9.261366599763233e-10,0.006889527066408514,9.220391501143165e-10,0.00694863415741625,9.184091623185755e-10,0.007005797088259214,9.184025679000616e-10,0.007065238914004522,9.278286652908225e-10,0.007124547956426328,9.311957161893173e-10,0.007178919863771397,9.265552176029777e-10,0.007243004467493995,9.231502561839448e-10,0.007303014607990232,9.20576291211291e-10,0.007360976527390009,9.181245993663429e-10,0.007417564355441013,9.171354437305038e-10,0.007473195068739331,9.238726705653141e-10,0.00752073498512863,9.147430914912778e-10,0.007578920273348622,9.074977778577828e-10,0.007627662339809868,9.223572995893378e-10,0.007653623154660017,9.184853460535973e-10,0.007698764391701755
9.331129390529474e-10,0.006648915212973013,9.289466145897751e-10,0.006711888652477461,9.307462898041177e-10,0.006768674679586247,9.397503454432315e-10,0.006807049590622633,9.361002675430691e-10,0.006875576454097392,9.335663709213564e-10,0.006939870322130084,9.316393879319675e-10,0.007002139742468074,9.278423674421377e-10,0.007065491391303147,9.377714053467034e-10,0.007104476024777252,9.395914408946668e-10,0.007156276223298838,9.360767279904578e-10,0.007224656081866869,9.338061108947875e-10,0.007287550824313206,9.32264597772163e-10,0.00734704813683722,9.309738800338302e-10,0.007404334101448205,9.269587611501684e-10,0.00746563747020294,9.317747476565277e-10,0.007500268828732256,9.239222680251741e-10,0.007569472648968607,9.184565797397482e-10,0.007624584315811259,9.33018695065588e-10,0.007598893828080118,9.309443340170046e-10,0.007630712117823135
9.428896635759698e-10,0.006623082820920301,9.388626939498517e-10,0.006693617990610814,9.394801766089478e-10,0.006749823585898654,9.478140552098313e-10,0.006776266262707854,9.447280618863673e-10,0.006847152706695787,9.428434473248726e-10,0.00691281577408581,9.416374674940757e-10,0.006975705395200731,9.377091330821681e-10,0.007046450886796616,9.457293612502848e-10,0.007074411951105972,9.476005292741037e-10,0.007122719873230414,9.44524823831235e-10,0.007192555590102645,9.427075092963491e-10,0.00725547535577749,9.41578875913226e-10,0.007313682313347868,9.407403698682818e-10,0.007368346060356868,9.368616182730123e-10,0.007434342409266852,9.396826438564626e-10,0.007462650659711942,9.340404516463425e-10,0.007533366729960722,9.310252212805696e-10,0.007584869508043686,9.416621904546649e-10,0.007524147742264702,9.40202512703677e-10,0.007540007627103592
9.503346829956763e-10,0.006592447303435776,9.468557398357056e-10,0.006664784029411892,9.475973060403746e-10,0.006719372149328472,9.550361032584003e-10,0.006743112861707984,9.520312781731304e-10,0.006815069203515502,9.502508343138446e-10,0.006881415789926852,9.491578075983347e-10,0.00694452864988512,9.45745772115748e-10,0.007016805322591311,9.530625735966747e-10,0.0070399133120659,9.548736391253687e-10,0.007086529747710373,9.518566817077288e-10,0.007156428272170825,9.501174559277879e-10,0.007218558533019229,9.490653751418115e-10,0.007274953943577135,9.483111681743655e-10,0.007326693876106553,9.448819936452916e-10,0.007391386183913583,9.476384156353396e-10,0.007408890456959123,9.426690763429072e-10,0.007478664596878679,9.405962969421669e-10,0.007520944921491995,9.492545379553693e-10,0.007436131058212956,9.47959770474395e-10,0.007435894711013823
9.576819162200779e-10,0.00655806191703459,9.541179881380286e-10,0.006631992197266155,9.548156044228326e-10,0.006686327350935986,9.627685613036081e-10,0.006707138013409013,9.595212463132264e-10,0.006779804518325029,9.576687410163602e-10,0.006846392081430186,9.565616888904176e-10,0.006909420069019864,9.530594794485941e-10,0.006983027988679676,9.607291195841691e-10,0.007001929437095106,9.627973719410342e-10,0.007045780579809273,9.594864767095876e-10,0.007115484343930451,9.576547861647603e-10,0.007176076415351906,9.565774410651499e-10,0.007229750249889168,9.558230039489762e-10,0.007277508004434471,9.523073415151291e-10,0.007340663387129474,9.550278991869583e-10,0.007347733821818912,9.501565762058158e-10,0.007415065948219139,9.482639944481217e-10,0.007448741878948236,9.57043090158689e-10,0.007325267142637565,9.557396809336163e-10,0.00730584127819685
9.655180853621467e-10,0.006522106642501632,9.616799237494348e-10,0.006596553338267811,9.624770053561546e-10,0.006650520447654998,9.723991361835458e-10,0.006666173966808717,9.680289834357489e-10,0.006741791871487198,9.657500468969607e-10,0.006809194221069455,9.644376386195458e-10,0.006872296386758863,9.606943522950356e-10,0.006946015572333907,9.699239979978169e-10,0.006957860005610894,9.732008212944343e-10,0.006993171413549599,9.684403233414877e-10,0.007066867643528098,9.661114200189666e-10,0.007126352810490213,9.648170470516691e-10,0.007176559475267596,9.639337086498605e-10,0.007219032985981429,9.601266354495936e-10,0.007279427826520168,9.633156169231998e-10,0.007268812512781754,9.578889779031233e-10,0.007336344429063746,9.559253136291449e-10,0.007360002523178294,9.660226660602912e-10,0.007169807639131936,9.643954265364041e-10,0.00712852428000746
9.75227752388142e-10,0.006482195571554076,9.706043435984688e-10,0.006557897062277364,9.718593800248797e-10,0.00661036388486135,9.806973799469645e-10,0.006634132291003514,9.768619948771858e-10,0.006705991346099829,9.751286884603376e-10,0.006769667617160637,9.742804243459896e-10,0.006829275878198541,9.697758678889717e-10,0.006903999005263782,9.785546134944482e-10,0.006917481404825887,9.817102896155798e-10,0.006948768505997109,9.773378558488748e-10,0.007017191426771586,9.754659339800922e-10,0.007068542481139336,9.745798628132698e-10,0.007108318797663354,9.741021899238268e-10,0.007137074414719669,9.697411362577252e-10,0.007194135129053487,9.740181673180199e-10,0.007147511229264232,9.668964992410665e-10,0.007228325678282415,9.643740796611145e-10,0.00724332106310928,9.773569101013031e-10,0.006916964232690881,9.767499473232848e-10,0.006795958961140435
9.83241598699022e-10,0.006452386751455179,9.790364315264702e-10,0.006525259194546837,9.801897463531845e-10,0.006578299094265026,9.886319992932386e-10,0.006603753015595471,9.847968875102335e-10,0.006675190304554641,9.832084092472629e-10,0.006737251765016065,9.825049964830748e-10,0.006794785598831816,9.783856255911715e-10,0.006866100700306509,9.86729404132213e-10,0.006876709793716242,9.899898952400667e-10,0.006899739606512406,9.856398252115563e-10,0.006965563471739484,9.838801104435859e-10,0.00700991693374756,9.831556527582052e-10,0.007039096581529225,9.82864888549109e-10,0.007053263975373909,9.789131640007584e-10,0.007097765404933372,9.832151141601307e-10,0.007017179675670611,9.768947788722541e-10,0.007081012312574203,9.755693332791459e-10,0.007049262222682354,9.866066133516084e-10,0.006646057792343113,9.864198537584977e-10,0.006447146331324632
9.911850275018572e-10,0.006422978028157008,9.868209971839368e-10,0.006496557467774235,9.880437637474293e-10,0.00654886582296078,9.943159996466192e-10,0.006580577331596711,9.929667415024866e-10,0.006641500959885938,9.914211105207648e-10,0.006702416175720532,9.907474428526369e-10,0.006757922962161934,9.864649443187952e-10,0.006829298619693106,9.933647020661063e-10,0.006838925165765663,9.949949476200333e-10,0.006865462566990724,9.938299161450473e-10,0.006904298778211664,9.920757386316257e-10,0.006940971145304039,9.913614773203062e-10,0.006958250588952299,9.910726883614511e-10,0.006956329179326273,9.875304641191293e-10,0.00698569191768848,9.914142446533048e-10,0.006870707243585687,9.85997126538242e-10,0.006910200316069384,9.853893676314809e-10,0.006826333629053044,9.933033066758042e-10,0.006402481358874932,9.944871357243113e-10,0.006076509731161537
9.955925137509285e-10,0.006405844173136785,9.934104985919683e-10,0.006471374008131857,9.940218818737146e-10,0.006525308563522326,9.999999999999999e-10,0.006554972805387166,9.999999999999999e-10,0.006608531115444506,9.957105552603824e-10,0.006682478311550549,9.953737214263184e-10,0.006734983014413711,9.932324721593975e-10,0.006794785407473988,9.999999999999999e-10,0.006794342328059356,9.999999999999999e-10,0.006826218738040387,9.999999999999999e-10,0.006848378785720192,9.999999999999999e-10,0.006857544769174355,9.956807386601531e-10,0.006908093038067675,9.955363441807254e-10,0.006893862866715715,9.937652320595646e-10,0.006886581960901802,9.957071223266523e-10,0.006779819364201669,9.941522657028262e-10,0.006715575614252958,9.935455554389104e-10,0.006589306304149956,9.999999999999999e-10,0.006108357553896678,9.999999999999999e-10,0.005772373460934397
9.999999999999999e-10,0.006387502091746427,9.999999999999999e-10,0.006443700158227168,9.999999999999999e-10,0.006499393819878195,1.000035872049139e-09,0.006554774865957288,1.000142672043208e-09,0.006607696757199148,9.999999999999999e-10,0.006660621488139723,9.999999999999999e-10,0.006709495221282154,9.999999999999999e-10,0.00675442338533153,1.000036310192436e-09,0.006794050558800595,1.000036083934438e-09,0.006825889008995054,1.000143399451227e-09,0.00684684989292611,1.000143773322421e-09,0.006855747877541074,9.999999999999999e-10,0.006851219898254887,9.999999999999999e-10,0.006822703003708455,9.999999999999999e-10,0.006767691689398795,9.999999999999999e-10,0.006676908873639188,9.999999999999999e-10,0.006545586768537669,9.999999999999999e-10,0.006359146628342798,1.000128836217741e-09,0.006102074243537624,1.000114821958671e-09,0.00576548296555497
1.000137733945283e-09,0.006386787103889048,1.000035664265583e-09,0.00644351506135318,1.000035764457045e-09,0.006499203117681062,1.000107616147417e-09,0.006554368218336247,1.000428016129624e-09,0.006606029182919052,1.000134045148113e-09,0.00665978868628814,1.00003587861119e-09,0.00670925906399788,1.000036222156425e-09,0.006754162598383349,1.000108930577307e-09,0.006793455976509728,1.000108251803314e-09,0.006825218428590797,1.000430198353681e-09,0.00684378517031095,1.000431319967262e-09,0.006852144246112133,1.00013497691687e-09,0.006849212253899383,1.000139489244352e-09,0.006820211782267367,1.000036132042139e-09,0.0067669158176689,1.000134152427292e-09,0.006673374098281515,1.000141763742947e-09,0.006541014011871968,1.000138324288781e-09,0.006353666201565297,1.000386508653223e-09,0.006089455497238582,1.000344465876014e-09,0.005751648191195454
1.00041320183585e-09,0.006385358463814701,1.00010699279675e-09,0.006443134106436608,1.000107293371135e-09,0.006498810954982084,1.000251104343972e-09,0.006553556570749153,1.000998704302455e-09,0.006602766052401603,1.000402135444339e-09,0.0066581220592508,1.000107635833571e-09,0.006708775897338916,1.000108666469276e-09,0.006753630067211037,1.00025417134705e-09,0.006792267207043786,1.000252587541067e-09,0.006823877052006774,1.001003796158589e-09,0.006837688183230074,1.001006413256945e-09,0.00684495540613924,1.000404930750611e-09,0.006845183655808939,1.000418467733057e-09,0.006815211823756941,1.000108396126417e-09,0.006765351757279934,1.000402457281876e-09,0.006666276542617692,1.000425291228841e-09,0.006531830467576448,1.000414972866344e-09,0.006342658875616601,1.000901853524186e-09,0.006064033002816853,1.000803753710701e-09,0.005723786093544621
1.000964137616984e-09,0.006382574188783488,1.000249649859084e-09,0.006442373928148332,1.000250351199315e-09,0.006498028337677635,1.000417643122001e-09,0.006552623520496039,1.00161208116698e-09,0.006599365489343468,1.000938316036792e-09,0.006654850037382138,1.000251150278333e-09,0.006707810631494488,1.000253555094977e-09,0.006752565819431728,1.000422461313711e-09,0.006790896508398263,1.000419930817913e-09,0.006822327552520002,1.001619948384622e-09,0.006831183955406894,1.001624044656178e-09,0.006837258145424688,1.000944838418092e-09,0.006837127902740354,1.000976424710466e-09,0.00680519298270776,1.000252924294973e-09,0.006762217736027039,1.000939066991045e-09,0.006652011902019043,1.00099234620063e-09,0.00651334559897484,1.00096827002147e-09,0.00632048602840107,1.001457265734827e-09,0.006036344282975271,1.00130071688907e-09,0.005693337441704844
1.00155710204466e-09,0.006379686711062937,1.000415350661458e-09,0.006441500138515272,1.000416456285313e-09,0.006497128752009189,1.000750720678059e-09,0.006550784910282724,1.002838834896029e-09,0.006592865663765568,1.001515552472868e-09,0.006651418767928927,1.000417674531636e-09,0.00670669856070914,1.00042149000476e-09,0.006751339757032448,1.000759041247034e-09,0.006788175135620021,1.000754617371605e-09,0.00681924523267648,1.002852252836686e-09,0.006818277088511903,1.002859307454643e-09,0.006821894930316112,1.001525744532931e-09,0.006828458765235202,1.001576218670182e-09,0.006794389092871286,1.000420442213546e-09,0.006758581088883158,1.001516606406148e-09,0.006636547795580655,1.001601728897008e-09,0.006493294080343508,1.001563299484006e-09,0.00629639190216182,1.002568090156109e-09,0.005980007145423327,1.002294643245809e-09,0.005631453695019544
1.002743030900013e-09,0.006374225703719513,1.000746752266206e-09,0.006439780727556874,1.000748666457309e-09,0.006495357514389379,1.001416875790175e-09,0.006547211942779469,1.005292342354127e-09,0.006580854832463132,1.002670025345021e-09,0.006644814238733525,1.000750723038243e-09,0.006704498530240076,1.000757359824324e-09,0.006748910099085645,1.00143220111368e-09,0.006782806008912539,1.00142399047899e-09,0.006813140722062948,1.005316861740816e-09,0.006792605004533226,1.005329833051573e-09,0.00679101408614816,1.002687556762608e-09,0.006811078380099695,1.002775806589615e-09,0.006772632460885939,1.000755478050693e-09,0.006751292392124205,1.002671685236353e-09,0.006605225924640808,1.002820494289763e-09,0.006452549618057405,1.002753358409078e-09,0.006247366650295448,1.004789738998673e-09,0.005863140587549436,1.004282495959288e-09,0.005503461218440892
1.005114888610718e-09,0.006364372544211898,1.001409555475702e-09,0.006436449057368119,1.001413086801301e-09,0.006491921165603269,1.002749186014406e-09,0.006540444310452247,1.010199357270324e-09,0.006559409282590883,1.004978971089327e-09,0.006632449783370208,1.001416820051456e-09,0.006700188902100308,1.001429099463454e-09,0.006744134373612949,1.00277852084697e-09,0.006772317765412827,1.002762736693759e-09,0.006801127052017137,1.010246079549074e-09,0.006740068245845304,1.010270884245434e-09,0.006726757002079009,1.005011181221963e-09,0.006775899825991517,1.005174982428482e-09,0.006728232934729906,1.001425549724987e-09,0.006736645039153527,1.004981842896762e-09,0.006540704032988611,1.005258025075274e-09,0.006368109538382799,1.005133476259223e-09,0.006145574506331703,1.0092330366838e-09,0.005610044854904054,1.008258201386245e-09,0.005228514404143792
1.00985860403213e-09,0.006347754347630765,1.002735161894694e-09,0.006430177082884884,1.002741927489285e-09,0.006485435043819912,1.005413806462869e-09,0.00652814797695096,1.016437594475767e-09,0.006534379388964025,1.00959686257794e-09,0.006609881353071445,1.002749014077883e-09,0.006691890420930773,1.002772578741712e-09,0.006734874306515861,1.005471160313552e-09,0.006752022610746426,1.005440229123298e-09,0.006777555856290526,1.01645295587281e-09,0.006667916492409746,1.016481383612524e-09,0.006637212859812842,1.009658430140672e-09,0.006702163010004191,1.009973334106214e-09,0.006633878315386275,1.002765693073574e-09,0.006707012837963641,1.009602158217582e-09,0.006401988661918149,1.010133086646297e-09,0.006184658004104223,1.009893711959511e-09,0.005924164723233017,1.015322050416805e-09,0.00521336753593316,1.014264943929363e-09,0.004757183756494214
1.016044713521338e-09,0.006329842134726872,1.005386374732677e-09,0.006418935315431075,1.005399608865252e-09,0.006473740672736008,1.010743047359795e-09,0.006506802739912245,1.022941588167019e-09,0.006508144117781133,1.015727424596582e-09,0.006581657142403422,1.005413402130737e-09,0.006676284394759524,1.005459537298229e-09,0.006717212641766899,1.010856439246716e-09,0.006712104467650329,1.010795213982375e-09,0.00673011753534543,1.022803563752853e-09,0.006582921647900915,1.022786491561281e-09,0.006531624215870954,1.015757550732919e-09,0.006594370276875279,1.016108059432709e-09,0.006497712252981331,1.005445979770749e-09,0.006645970798535466,1.015685628922771e-09,0.006193971526931545,1.016300810007575e-09,0.005917904955211257,1.016049322018468e-09,0.00559507936724405,1.021079897925573e-09,0.004775930985572242,1.019858837028094e-09,0.004248243034797528
1.022724797512566e-09,0.006312720681804435,1.010688800408644e-09,0.006400031978464839,1.010714971617187e-09,0.0064537979166264,1.017002533805901e-09,0.006484495089137269,1.029567552445089e-09,0.006478904238911334,1.022276467185619e-09,0.006550646082998282,1.010742178236446e-09,0.006647181826512149,1.010833454411264e-09,0.006683362692503757,1.017109212946358e-09,0.006663412949286175,1.017028040098548e-09,0.006670732761683918,1.02928680790111e-09,0.006480127105736123,1.029220976218934e-09,0.006403672769136762,1.022087538661584e-09,0.006464006145101695,1.02238173307167e-09,0.00633452866708072,1.010806553165098e-09,0.006513770916392382,1.021837365451544e-09,0.005946954798049899,1.022316001076112e-09,0.005612296519556724,1.021935614477259e-09,0.005226443704619853,1.026624234695886e-09,0.004287925811623135,1.025164200664187e-09,0.003693676183252882
1.029451189040886e-09,0.006295891903528511,1.016956602690199e-09,0.006381212072605783,1.016978135551594e-09,0.006433503757722233,1.023567498254314e-09,0.006461570301972865,1.036595666270478e-09,0.00644296890891865,1.02888671210027e-09,0.006515805177365205,1.01698444735069e-09,0.006613570288647288,1.017091953623075e-09,0.006643139753772494,1.023525777401197e-09,0.006607180050043414,1.023433890749491e-09,0.006601037967188907,1.03611972026451e-09,0.006349363211622973,1.035978893549913e-09,0.006241668433788218,1.028475448316317e-09,0.006307708014067792,1.028710780788632e-09,0.00613893071565437,1.017012978207001e-09,0.006338064346277354,1.027953237758426e-09,0.005656788150675816,1.028273331260244e-09,0.005256582727587964,1.02769656390323e-09,0.004805294208263433,1.032037389494579e-09,0.003738852006003688,1.030308198987752e-09,0.00307999056918982
1.036538985486511e-09,0.00627715940528421,1.023560654422114e-09,0.006362963493385858,1.023565828507605e-09,0.006413263032599914,1.030269707364089e-09,0.00643645690945728,1.044373510482871e-09,0.006394869592826581,1.035858403829222e-09,0.006472746001028431,1.023473923744661e-09,0.006575979623775281,1.023531801200968e-09,0.006597467929547528,1.030112507394265e-09,0.006539362062057678,1.029998685132135e-09,0.006516564105868569,1.043519484832061e-09,0.006175402213646412,1.04323283342057e-09,0.006028948948116948,1.03511748657485e-09,0.006112399916768437,1.035249261231957e-09,0.005896821890051822,1.02320323840533e-09,0.00613181855310196,1.034142207232806e-09,0.005309049031520228,1.034230965754628e-09,0.004838692425224991,1.033384758244794e-09,0.004321386663759618,1.037272744698385e-09,0.003130417272419131,1.035238212020885e-09,0.002412843434971307
1.044364470607143e-09,0.006254009887362409,1.030290862073873e-09,0.006344095928126959,1.03028385740307e-09,0.006391727247929787,1.037368423604263e-09,0.006406059812582702,1.053380280427576e-09,0.006324545460552155,1.04352266747237e-09,0.006415128278401821,1.030114237055973e-09,0.006531870943218233,1.030140168922543e-09,0.006542954885166162,1.037086691862614e-09,0.006452689992792676,1.03692827529864e-09,0.006408749120450381,1.051656668930091e-09,0.005935807402658319,1.05107994392883e-09,0.005743143109368656,1.042146978576603e-09,0.005861211525239027,1.042081952522519e-09,0.005591317956989001,1.029459492067709e-09,0.005884497613570004,1.040405950308633e-09,0.004891784600057109,1.040157802904367e-09,0.004351319214167281,1.03895830836322e-09,0.003772004810370638,1.042351008417663e-09,0.002458380488043815,1.040008715145007e-09,0.001685132102136984
1.053453687744871e-09,0.006222259055926964,1.037415003787336e-09,0.006322297054843828,1.037396381049338e-09,0.006366237457729372,1.045259684876394e-09,0.006365575663237547,1.064116026918685e-09,0.006213033235210934,1.052316433671802e-09,0.006331556190692632,1.037147648734962e-09,0.006476114399528754,1.037146221054123e-09,0.006473485968253456,1.044763317664533e-09,0.006334757190273987,1.044506496746375e-09,0.006263236941869817,1.060393560120156e-09,0.005608076385644005,1.059314064870053e-09,0.005366505122071038,1.049610388268497e-09,0.005533619101435279,1.049193430298546e-09,0.005204931428391261,1.035856442010893e-09,0.005582862763392432,1.046690411625237e-09,0.004396003698855545,1.04600833636323e-09,0.003789589611973797,1.044399897974624e-09,0.003154016082576044,1.047254033997615e-09,0.001724013368501851,1.044669465283296e-09,0.0008872298307375708
1.064545969651483e-09,0.006173274806368842,1.045339387195838e-09,0.006294342306998086,1.045305495554313e-09,0.006332866960811139,1.054452885880723e-09,0.0063063151196145,1.076501676253412e-09,0.006032526384164958,1.062679146430957e-09,0.006201236388132592,1.044934543287928e-09,0.006400062888736612,1.04488947493602e-09,0.006378614535832078,1.053444004939363e-09,0.006165293328845482,1.052963324074963e-09,0.006058061127674071,1.069148031558526e-09,0.00518813165611472,1.067422921649784e-09,0.004901283913425535,1.057305960293573e-09,0.005116084762377373,1.056362026942411e-09,0.004731052649971019,1.042444545070514e-09,0.005210823191989271,1.05284583137664e-09,0.003823654650381647,1.051673831135464e-09,0.003158504057992644,1.049650657472437e-09,0.00247139382580385,1.052005008335833e-09,0.0009229438312842866,1.047334732641648e-09,0.0003893734103133397
1.078176059354288e-09,0.006090090072484526,1.054606207949247e-09,0.006254572688911132,1.054538623061846e-09,0.006284589111810233,1.065519054460553e-09,0.00621126893337772,1.089860490666032e-09,0.00574929490813158,1.074452046964873e-09,0.00599635034532272,1.053889002929698e-09,0.006288478083562944,1.053734651898449e-09,0.006240435706037536,1.063149125630781e-09,0.005917465416232438,1.062214134534535e-09,0.005768001644243583,1.077448255950213e-09,0.004685025435429323,1.075041939656718e-09,0.004360555013985062,1.064829285334327e-09,0.004613415675235728,1.063274335304863e-09,0.004179030085385175,1.049154865901836e-09,0.004756125652976466,1.058722106747968e-09,0.003185279133942182,1.057070446647854e-09,0.002466975621517568,1.05466854333968e-09,0.001730191328044184,1.054949872567917e-09,0.00037857400549513,1.05e-09,-0.0001432821157787195
1.094806337299388e-09,0.005934084970937246,1.065916620738194e-09,0.00619133205418718,1.065737675136852e-09,0.006207219046425434,1.078495346756227e-09,0.006053140123036413,1.102260392497252e-09,0.005370687589760404,1.086908029576723e-09,0.005688330620625369,1.064288159364793e-09,0.006116198044315159,1.063827388445046e-09,0.006032201023338415,1.073235004969868e-09,0.005575247726691139,1.071614737004873e-09,0.005383816339941701,1.085011056810723e-09,0.004118177670243597,1.082012452543982e-09,0.003760702553268731,1.071874746410822e-09,0.004041619346117482,1.069726814891478e-09,0.003565036187560474,1.055771059171239e-09,0.004219918893209643,1.064248598567095e-09,0.002491450972836075,1.062173228477785e-09,0.001721754962616578,1.05948772875995e-09,0.0009268342960645304,1.0578947368e-09,-0.0002086689226622568,1.050071802303679e-09,-0.0001588235045077553
1.111709106475117e-09,0.005677060756622632,1.079619711538299e-09,0.006082874256780146,1.079102591094301e-09,0.006075984488964504,1.092790961352187e-09,0.005793747263533227,1.112996598061257e-09,0.004919816123073467,1.098472287316234e-09,0.005287105537760691,1.075677906683549e-09,0.005856821833210218,1.074586711088984e-09,0.005731861910435575,1.082989415543946e-09,0.005138118646336879,1.080587798450105e-09,0.00491072313913835,1.091814720862126e-09,0.00350262485060311,1.088331813636884e-09,0.003114819719724113,1.078365868733565e-09,0.003413018514479916,1.075696043743319e-09,0.002898779335301384,1.062080710923235e-09,0.003613955391021588,1.069424192501794e-09,0.001748821462244811,1.067034900625549e-09,0.0009190716250844587,1.062638601229975e-09,0.0003489409495900419,1.057967466044712e-09,-0.000224410645244938,1.050215406911038e-09,-0.0001900140835292417
1.126386406498723e-09,0.005329234692741078,1.095708775100925e-09,0.005886657771008808,1.094311400467656e-09,0.005849331312369477,1.106075781710121e-09,0.005437023628714289,1.122231708985906e-09,0.00441166909696433,1.108555815755531e-09,0.004816203005365682,1.087169089977219e-09,0.005493706470253429,1.085183806233509e-09,0.005331481082237468,1.091803256239087e-09,0.004629136735948204,1.088715640964367e-09,0.004370763427959543,1.097963136148905e-09,0.002845403863693516,1.094093294512585e-09,0.002427986199595007,1.084299665506201e-09,0.002739290969776961,1.081203875294526e-09,0.002188119721649894,1.067970040471343e-09,0.002952359123326602,1.074324533231526e-09,0.0009525945568941644,1.070359555562774e-09,0.0003134163053741315,1.0657894737e-09,-0.0002785694438439035,1.058112924534135e-09,-0.0002560022811312311,1.050502616125757e-09,-0.0002524176602964741
1.138639138802308e-09,0.004908432526802693,1.111226545071655e-09,0.0055888167617876,1.10868798641612e-09,0.005522327708787525,1.117501957082634e-09,0.005005309294668285,1.130235580449045e-09,0.003857370884676677,1.117297017526861e-09,0.004290162448262047,1.097579039951512e-09,0.005047596679422131,1.094756593551095e-09,0.00485384287733528,1.099612834697758e-09,0.004066057575776205,1.095970731759009e-09,0.003780058743514516,1.103573203706081e-09,0.002149119256695592,1.099400426879801e-09,0.001700748923277078,1.089753280343501e-09,0.002024439337382201,1.086328659087797e-09,0.001433090683767118,1.073446657319471e-09,0.002242181231346159,1.077951740315763e-09,0.0002993317590287007,1.0736842105e-09,-0.0003480232968641445,1.065862797217905e-09,-0.0002944396138520812,1.058403841512982e-09,-0.0003192083428051784,1.050751712148039e-09,-0.0003065464216134245
1.148891885495242e-09,0.004429974948352892,1.124543887332946e-09,0.005206644780238474,1.121027062971993e-09,0.005115589959781645,1.127252446564833e-09,0.0045141570756107,1.137270728263592e-09,0.003263335366899027,1.124931732162198e-09,0.003719157596473845,1.106678328602525e-09,0.004539366199908352,1.103179928053562e-09,0.004318239950090621,1.10656023249239e-09,0.003458183545700142,1.102477481458056e-09,0.003146588646991922,1.108760963044954e-09,0.001411643619296465,1.104357334515534e-09,0.0009290461611644711,1.094833708763153e-09,0.001264964603653042,1.091157045970651e-09,0.0006290074081192411,1.078562881287578e-09,0.001485157892134943,1.0815789474e-09,-0.0004202298926840737,1.073757979096042e-09,-0.0003639892302876871,1.066009444253716e-09,-0.0003262884063974675,1.058655983282584e-09,-0.0003739966505695524,1.051249904192605e-09,-0.0004148244568379832
1.157592479917769e-09,0.003905529450518711,1.135729500854404e-09,0.004757603119615639,1.131470731162704e-09,0.004645831866006561,1.135636497838622e-09,0.003975605921091174,1.143550806206122e-09,0.002632412801921715,1.131687570144543e-09,0.003109023492484863,1.114639335969329e-09,0.003981085709825269,1.110611029435747e-09,0.003735437064141044,1.112797499233797e-09,0.00281106561327349,1.108369297008818e-09,0.002474253345766335,1.113638521254478e-09,0.0006259902885431894,1.109140117213728e-09,8.96965021891187e-05,1.099632166998339e-09,0.0004549012733377475,1.094262733535326e-09,5.993314954725161e-05,1.08339191669354e-09,0.0006776938734359236,1.081653316588731e-09,-0.0004363251727578869,1.073905516288125e-09,-0.0003960297746027414,1.066302738325339e-09,-0.0003900091536920259,1.059160266821789e-09,-0.0004835951003991626,1.052246288281736e-09,-0.0006314686756323872
1.165114570273552e-09,0.003342163091417103,1.145177518116884e-09,0.004256023545773111,1.140370586873584e-09,0.004126274336494654,1.142955074066128e-09,0.00339671650554202,1.149227422597532e-09,0.001966805951914622,1.137754525784085e-09,0.002461941642953022,1.121666587493018e-09,0.003380996454165527,1.117226648249166e-09,0.003112343721678504,1.1184670124042e-09,0.00212620096012827,1.113769387331713e-09,0.001763237925479645,1.117345576427239e-09,-3.772303790253133e-05,1.1131578947e-09,-0.000706591917006349,1.102447662449169e-09,-6.704427410201866e-05,1.0973684211e-09,-0.0005625708537370037,1.08643280044677e-09,0.0001188079092648354,1.081802054966193e-09,-0.0004686248872401281,1.074200590672292e-09,-0.0004601344172225443,1.066556832419813e-09,-0.00044522053465584,1.060168833900198e-09,-0.0007028855921812702,1.054239056459999e-09,-0.001065150181643239
1.171728100590914e-09,0.002744596218163549,1.153282885006261e-09,0.00371147224994091,1.148072816717704e-09,0.003565178508124445,1.149448400394074e-09,0.00278100372721136,1.154469376256169e-09,0.001259974174311544,1.143268135525156e-09,0.001779597550685147,1.127952317523202e-09,0.002742968939414686,1.123192956404536e-09,0.002451549976736063,1.123687659369562e-09,0.001402508938681289,1.118790766695092e-09,0.001009937037664898,1.1210526316e-09,-0.0007759949894769667,1.113233803724463e-09,-0.0007230143677671405,1.1052631579e-09,-0.0006340270639343241,1.097440742033343e-09,-0.0005782190707990529,1.0894736842e-09,-0.000490406048685429,1.082099531721117e-09,-0.0005332483334572036,1.074456146595417e-09,-0.0005156613261352002,1.067065020608762e-09,-0.0005556663346863597,1.062185968057016e-09,-0.001141882645963964,1.058224592816524e-09,-0.001934338849994671
1.177629991312736e-09,0.002115895536494386,1.160361835299823e-09,0.003129519587697087,1.154853573215272e-09,0.002967052191521232,1.155288045461038e-09,0.002130925208253067,1.15942912567138e-09,0.0004987097517996255,1.148400596153724e-09,0.001052341891869576,1.133651194405772e-09,0.00206816070804763,1.128643160616216e-09,0.001753320198671665,1.128619005900064e-09,0.000626384542761569,1.123624045162072e-09,0.0001905958997092968,1.121128599962868e-09,-0.0007924282163878666,1.113385621773391e-09,-0.0007559694957065977,1.10533402335751e-09,-0.0006493576947112809,1.097585383900028e-09,-0.0006096230236923296,1.089547700925298e-09,-0.0005064238814209001,1.082357059347355e-09,-0.0005892014254727445,1.074967258441667e-09,-0.0006267393948190916,1.06808139698666e-09,-0.0007766564561790048,1.066220236370652e-09,-0.002021797645801244,1.065828157576978e-09,-0.003600045649217487
1.183033759447073e-09,0.001448727894436065,1.166645852605091e-09,0.002513395829952881,1.160914222027065e-09,0.002334517368614419,1.160642791530168e-09,0.001442358560914705,1.16420846540135e-09,-0.000335840364731551,1.153289805302999e-09,0.000266224598342245,1.138887735432555e-09,0.001355624713566848,1.133706787340362e-09,0.00101267427618306,1.133404556857284e-09,-0.0002267335680045906,1.126285706781036e-09,-0.0003083828550772934,1.121280536688605e-09,-0.0008254042530666995,1.113689257871245e-09,-0.0008219059600441384,1.10547575427253e-09,-0.0006801257966268059,1.097874667633398e-09,-0.0006724555124939504,1.089695734375896e-09,-0.0005385676082119079,1.082872114599829e-09,-0.0007011333076263378,1.075989482134168e-09,-0.0008489989956300716,1.070114149742455e-09,-0.001219073225993945,1.074088628394452e-09,-0.003746037757422194,1.075290837434946e-09,-0.005684362415985897
1.1880727214486e-09,0.0007364908578634372,1.172311955822928e-09,0.001864026589288781,1.166421701164884e-09,0.001666650698987283,1.16567736325325e-09,0.0007030356788744237,1.1684210526e-09,-0.001168255584699619,1.156908060551499e-09,-0.0003864754502788316,1.143853226601656e-09,0.0005872747796127199,1.138572042913336e-09,0.0002070025012867687,1.1368421053e-09,-0.0009133035916736289,1.1289473684e-09,-0.0008449242137996777,1.121584410140079e-09,-0.000891383093354293,1.113951842325811e-09,-0.0008789383351231783,1.105759216102571e-09,-0.0007416868337707084,1.098125465726697e-09,-0.0007269373439819361,1.08999180127709e-09,-0.0006028794111272402,1.083902225104779e-09,-0.000925106435298358,1.07803392951917e-09,-0.001293974985547012,1.074179655254046e-09,-0.002105909562143148,1.083550822965478e-09,-0.005830836332500248,1.082675159157071e-09,-0.007314044266460352
1.192883988394976e-09,-3.58527790412183e-05,1.177560606345661e-09,0.001171106090694237,1.171562666685834e-09,0.0009516505517065414,1.170491762557443e-09,-9.944437370026422e-05,1.168498851312252e-09,-0.00118507056390207,1.1605263158e-09,-0.001106641026508895,1.148639849113438e-09,-0.0002533084292417894,1.141654442506668e-09,-0.0003613880109941388,1.1369188547542e-09,-0.0009299010440522378,1.129022510179381e-09,-0.0008611756967489172,1.121847196517834e-09,-0.0009484520259347332,1.114477011234943e-09,-0.0009930354004370741,1.106005231004483e-09,-0.0007951237875115185,1.098627061913295e-09,-0.0008359276116607446,1.09024817650938e-09,-0.0006585778355331681,1.085962446114679e-09,-0.001373533728148933,1.082122824289173e-09,-0.002186009288274692,1.082299187409459e-09,-0.003885718477925859,1.09090992744215e-09,-0.007454899697908328,1.090578073318743e-09,-0.009051165193701112
1.196441994197488e-09,-0.0006810459187803557,1.182500561347936e-09,0.000427669965117158,1.17643652447933e-09,0.0001813621752450107,1.173403776028721e-09,-0.000641698299834673,1.168654448736757e-09,-0.001218813350447398,1.160603614794304e-09,-0.001123350043597929,1.1526315789e-09,-0.001044729432930252,1.1447368421e-09,-0.0009792413052041099,1.137072353662601e-09,-0.0009632066243426976,1.129172793738145e-09,-0.0008937878398754112,1.122372769273343e-09,-0.001062623958534617,1.115527349053207e-09,-0.001221365532736233,1.106497260808307e-09,-0.0009020245065492895,1.099630254286491e-09,-0.00105402080849147,1.09076092697396e-09,-0.0007700012956840481,1.090082888134478e-09,-0.002272566231057855,1.090300613829179e-09,-0.003978976713032878,1.091770564013939e-09,-0.005973109854708471,1.098973958826201e-09,-0.009226215108767352,1.101539592958825e-09,-0.01142759766673881
1.2e-09,-0.001388576935134604,1.187269555884647e-09,-0.0003908151749936994,1.180323525389665e-09,-0.0005128721245548821,1.1763157895e-09,-0.001225903000550435,1.168965643585765e-09,-0.001286330364280946,1.160758212782911e-09,-0.001156879820491658,1.152708881539842e-09,-0.001061441609623113,1.144813168491617e-09,-0.000995744532704236,1.137379351479402e-09,-0.00102984596741397,1.129473360855671e-09,-0.0009590392366670635,1.123423914784361e-09,-0.00129111077040076,1.117628024689735e-09,-0.001678613449992,1.107481320415955e-09,-0.001115939198971077,1.101636639032883e-09,-0.001490697662865167,1.091786427903121e-09,-0.0009929611749970174,1.098323772174076e-09,-0.00407981786772235,1.099777885328958e-09,-0.006068056544996181,1.099122244713178e-09,-0.007595441942097573,1.110311015860653e-09,-0.01167929021148287,1.113552478250174e-09,-0.01395693516834885
1.200078689103187e-09,-0.001405575247940995,1.189687409542323e-09,-0.00084919256496686,1.1842105263e-09,-0.00128332536678982,1.176393120592794e-09,-0.001242614751556112,1.169234441240591e-09,-0.00134466509318214,1.161067408760125e-09,-0.001223969827948502,1.152863486819526e-09,-0.001094977797283111,1.144965821274851e-09,-0.001028861413744102,1.137644706348713e-09,-0.001087458722963472,1.129733440629044e-09,-0.001015512592432268,1.125526205806398e-09,-0.001748698958789471,1.121829375962791e-09,-0.002595690306730738,1.109449439631252e-09,-0.001544258905193472,1.105649408525666e-09,-0.00236624010082995,1.093837429761442e-09,-0.001439375465295011,1.107816162717651e-09,-0.006172687215258712,1.107146631328989e-09,-0.007694104249385762,1.107363174994395e-09,-0.009404263624324305,1.121844715079033e-09,-0.01410062971363638,1.125265988790443e-09,-0.01629648381689004
1.20023606730956e-09,-0.001439685944444227,1.1921052632e-09,-0.001336944863325509,1.184288721676206e-09,-0.001300222500969277,1.176547782778381e-09,-0.001276150398775268,1.169772036550243e-09,-0.001461382625091197,1.161334573126164e-09,-0.00128195495259655,1.153172697378893e-09,-0.001162079936929834,1.145271126841319e-09,-0.001095123880641286,1.138175416087335e-09,-0.001202722690234779,1.130253600175788e-09,-0.00112849440040177,1.129730787850471e-09,-0.002666552876609773,1.130232078508902e-09,-0.004440165126189759,1.113385678061846e-09,-0.002403070298039564,1.113674947511234e-09,-0.004126419939420485,1.097939433478084e-09,-0.002334427057558994,1.115208545443267e-09,-0.007803841332556703,1.115519825024859e-09,-0.009530958903302111,1.119134994544792e-09,-0.01194592110772682,1.133565337443143e-09,-0.01643158558809057,1.137146316346644e-09,-0.01840907441092765
1.200550823722307e-09,-0.001507942366246963,1.192180821126802e-09,-0.001353268639288752,1.184445112428617e-09,-0.001334130106669281,1.176857107149555e-09,-0.001343253637711282,1.170847227169547e-09,-0.001695016167162227,1.161868901858243e-09,-0.001397970485917582,1.153439865855318e-09,-0.001220072907874237,1.145535098592253e-09,-0.001152428720280961,1.139236835564578e-09,-0.001433411067746918,1.131293919269277e-09,-0.001354604845704927,1.138139951938617e-09,-0.004512831183839064,1.139252099029325e-09,-0.006430686487669972,1.121258154923033e-09,-0.004129662786662202,1.116053538526922e-09,-0.004650105218371871,1.106143440911369e-09,-0.004133815317556318,1.123725405309645e-09,-0.009671043200337523,1.127634383530842e-09,-0.01214232161715968,1.130322253148866e-09,-0.01428607790004968,1.145333176638879e-09,-0.01850417699936851,1.146189449873398e-09,-0.01967663025977569
1.200822561450324e-09,-0.001566890211314884,1.192331936980407e-09,-0.001386028008490654,1.184757893933441e-09,-0.001401978447067986,1.177124385719803e-09,-0.001401252553904166,1.172997608408155e-09,-0.002163113624276469,1.1629375593224e-09,-0.001630188963014761,1.153974202808167e-09,-0.001336101946481462,1.146063042094121e-09,-0.00126707843131961,1.141359674519066e-09,-0.001895471222439144,1.133374557456255e-09,-0.001807453659025315,1.147088566654343e-09,-0.006488041306241362,1.146720263055544e-09,-0.008078320199268591,1.130790219628686e-09,-0.006231954036094398,1.120810720558299e-09,-0.005699408824577297,1.108518389206967e-09,-0.004656702845061306,1.135991010464728e-09,-0.01231074484574285,1.138612242686223e-09,-0.01443205495456235,1.141923141963568e-09,-0.01658085541557656,1.154194341340573e-09,-0.01972498012163882,1.153097458722006e-09,-0.0203096237563441
1.201366036906358e-09,-0.001684844961095589,1.192634168687617e-09,-0.001451579629435593,1.18502800313511e-09,-0.001460588464181469,1.177658942860299e-09,-0.001517300226068743,1.177298370885371e-09,-0.003102760577080364,1.165074874250715e-09,-0.002095413278962169,1.155042876713865e-09,-0.001568338858421831,1.147118929097857e-09,-0.001496544394918422,1.145605352428042e-09,-0.00282252190671606,1.137535833830211e-09,-0.002715866169312862,1.154582510675347e-09,-0.008141340503663564,1.155591490842456e-09,-0.0100203596670165,1.138287868559453e-09,-0.00788655682289578,1.128739718922355e-09,-0.007450191988816613,1.113268285798165e-09,-0.005704347628239879,1.146848519616728e-09,-0.01456926417200568,1.150151323799489e-09,-0.01670402243554045,1.153517537906364e-09,-0.01860127397832982,1.161021294683937e-09,-0.02033148885022649,1.158960962228007e-09,-0.0205101360456297
1.202452987818427e-09,-0.001920996099260331,1.192895620723446e-09,-0.001508304134594735,1.185568221538447e-09,-0.001577861761443948,1.17872805714129e-09,-0.001749600823586731,1.179448752123979e-09,-0.003574245808888561,1.169349504107346e-09,-0.003029160318447335,1.157180224525262e-09,-0.00203356746005748,1.149230703105329e-09,-0.001956182167165917,1.154096708245993e-09,-0.004687861381623357,1.145858386578124e-09,-0.004543313481987776,1.16352767207995e-09,-0.01009891733182931,1.167917305938681e-09,-0.01266334564546655,1.146850375068511e-09,-0.00976335795183737,1.137114373303228e-09,-0.009290161740448716,1.121177428254082e-09,-0.007450533440405857,1.158416966186059e-09,-0.0168355192642345,1.161598930013064e-09,-0.01868027813873464,1.162192878850541e-09,-0.01977442149452903,1.166843356445998e-09,-0.02051169325076293,1.164204038799142e-09,-0.02034188862853077
1.204626889642563e-09,-0.002394293309686074,1.193418524795106e-09,-0.001621805251788334,1.186648658345122e-09,-0.001812627209480085,1.180866285703272e-09,-0.00221505697061548,1.183749514601195e-09,-0.004520225976668529,1.177898763820607e-09,-0.004908786698659482,1.161454920148055e-09,-0.002967210674691825,1.153454251120273e-09,-0.002878461197931493,1.162843756276123e-09,-0.006619580296430489,1.154791505801456e-09,-0.006515451794356601,1.175868300829017e-09,-0.01274285007871033,1.179174227432425e-09,-0.01498721913631861,1.159089469841538e-09,-0.01239530038071812,1.148963848844631e-09,-0.01185169877849993,1.12954466799136e-09,-0.009288706010330706,1.16970641020267e-09,-0.01876367581586206,1.170127663653126e-09,-0.01981484328360496,1.168932299340756e-09,-0.02035336478896509,1.172062545379519e-09,-0.02032493634617553,1.169150057811298e-09,-0.01981184737737443
1.208974693290836e-09,-0.003344906342167962,1.194464332938424e-09,-0.00184902118683127,1.188809531958471e-09,-0.002283066121376538,1.185142742827237e-09,-0.003149498796330219,1.192124003530527e-09,-0.006370471761054947,1.186431386431089e-09,-0.006794651270751992,1.17000431139364e-09,-0.004846369937444565,1.161901347150161e-09,-0.004734412723696287,1.170378108956753e-09,-0.008281692648155628,1.162311321541933e-09,-0.00817456388070757,1.187249645125055e-09,-0.01508791603782785,1.191125642568272e-09,-0.01728352545166878,1.170121766867015e-09,-0.01468577489420054,1.160209270357839e-09,-0.01420750564595294,1.141461650266361e-09,-0.01186450966620351,1.178087181817661e-09,-0.01985774381581927,1.176797778229851e-09,-0.02037073448237038,1.174710913708657e-09,-0.02051272206380967,1.177001253471039e-09,-0.01977507841688133,1.174033902008001e-09,-0.01887426538860217
1.217670300587382e-09,-0.005260326556755286,1.196555949225061e-09,-0.002304336098264798,1.19313127918517e-09,-0.003227663489550831,1.193695657075167e-09,-0.005031178176945899,1.199919196234503e-09,-0.008092253189851496,1.194026281839498e-09,-0.00847005127695514,1.178590887143313e-09,-0.006743662837982596,1.17061452015813e-09,-0.006659078540272811,1.179492916748526e-09,-0.01027480807017137,1.171275764467907e-09,-0.01013616761083587,1.199300447428602e-09,-0.01739101159677594,1.201851088029219e-09,-0.01903895324894091,1.18183825855822e-09,-0.01696875656485686,1.171699927457734e-09,-0.01648729229608278,1.152836266569601e-09,-0.01424621077576894,1.184688263012832e-09,-0.02038848201989666,1.182540314128638e-09,-0.02051212709374002,1.179907031954495e-09,-0.02030686448327501,1.18188768830296e-09,-0.01881395122115492,1.179026292648692e-09,-0.01743866134786191
1.225939431546956e-09,-0.007089819175582224,1.200739181798335e-09,-0.003218567276536471,1.201774773638567e-09,-0.00513021077914301,1.202142981148142e-09,-0.006899004566454234,1.208502494558138e-09,-0.009973453228790214,1.203354892268763e-09,-0.01050768107054314,1.186166181195163e-09,-0.008414728016351769,1.178172104836822e-09,-0.008326380800817913,1.191104453874434e-09,-0.01276047606632556,1.183462396366753e-09,-0.01274677823359941,1.209886505975563e-09,-0.0191033534048374,1.209789550057095e-09,-0.01999964176164774,1.192967479011043e-09,-0.0188467529381135,1.183400474215304e-09,-0.01854019828367408,1.164338484566487e-09,-0.01652529902962869,1.190391408019603e-09,-0.02050946527208434,1.187717500736101e-09,-0.02028964959165978,1.184839125736793e-09,-0.01973635313435494,1.186891966009962e-09,-0.01734835294328376,1.184331674727433e-09,-0.01534250678740963
1.233454104169677e-09,-0.008747398812812023,1.209105646944884e-09,-0.005060048605304242,1.210149917264149e-09,-0.006982484377366892,1.20971859881155e-09,-0.008570221168320307,1.219517205623116e-09,-0.01234242538916131,1.213983864012429e-09,-0.01278054610591119,1.195436045105316e-09,-0.01044016198237355,1.187326039042948e-09,-0.01032764768559921,1.202662710098887e-09,-0.01514035383242041,1.194924246757607e-09,-0.01510784183688086,1.217723148600893e-09,-0.02003194689105607,1.216173588961301e-09,-0.02043958515800204,1.201216966340423e-09,-0.01990065648817511,1.192184017113178e-09,-0.01974226906878659,1.175988031296466e-09,-0.01856391261174792,1.195547993134322e-09,-0.02026793994765503,1.192644338785775e-09,-0.01970106986330807,1.189729130430072e-09,-0.01875053322579941,1.192223337833859e-09,-0.01521000250646377,1.190312495804297e-09,-0.01224881668016693
1.243535920515667e-09,-0.01094465525402724,1.217534828593722e-09,-0.006924522545265607,1.217707762154015e-09,-0.008649629413778755,1.219263526390483e-09,-0.01065371127011852,1.231190580790871e-09,-0.01476576504482489,1.225894958701236e-09,-0.01523021917341711,1.206337520089016e-09,-0.01277206509974402,1.198612834809671e-09,-0.01274364271004078,1.215075143798007e-09,-0.01750061007775912,1.207064210282257e-09,-0.01742426516968664,1.224056593762638e-09,-0.02044917099887236,1.221738734623698e-09,-0.02048333157644902,1.207752817150647e-09,-0.02040397732281233,1.198971063056062e-09,-0.02033855415473106,1.184736833422803e-09,-0.01975564005998595,1.200469131542195e-09,-0.01965857257988576,1.197537805624579e-09,-0.01869360672550282,1.194746699394243e-09,-0.017253316707103,1.198261225873595e-09,-0.01204508523081737,1.198105257521312e-09,-0.007075960840076194
1.254590081886436e-09,-0.01329439034832606,1.225058492575251e-09,-0.008584794247011094,1.227470563973316e-09,-0.01077920764573214,1.229880888952793e-09,-0.0129203962235731,1.243517763298967e-09,-0.01715075871981105,1.238854412351144e-09,-0.01767300803990749,1.218117725643664e-09,-0.01519596947672896,1.210258961998163e-09,-0.01514205463435905,1.225524783374237e-09,-0.0191682436844566,1.217607623865372e-09,-0.01912282342402462,1.229588790920061e-09,-0.020473184969236,1.226825669957172e-09,-0.02016825792516089,1.213414029192383e-09,-0.02050172300275072,1.204779368070523e-09,-0.02051208138102808,1.191503861461091e-09,-0.02034481953182258,1.205366587532148e-09,-0.01862620944653865,1.202567608175597e-09,-0.01716853132560054,1.200106408742451e-09,-0.01507018493385491,1.206257514468731e-09,-0.006664574109853509,1.203770247516174e-09,-0.002556128552776205
1.266627847624885e-09,-0.01574007139416005,1.234680411777304e-09,-0.01068526091658356,1.23823160804006e-09,-0.01307252570561467,1.242170917959331e-09,-0.01543769402199289,1.254416193752761e-09,-0.01895462434978013,1.249087658217839e-09,-0.01926879106677645,1.23091065624827e-09,-0.01761490612988402,1.222819885470308e-09,-0.01752771797455032,1.233261092111522e-09,-0.02006305481543665,1.225414471138045e-09,-0.02004115460101559,1.234659597108404e-09,-0.02013897263025098,1.231728851105014e-09,-0.01947778133298399,1.218549566581407e-09,-0.02023830363829834,1.209992566143793e-09,-0.0203192648349161,1.197299864860066e-09,-0.02051263204673328,1.21041064132197e-09,-0.01706896521113499,1.207953375596712e-09,-0.0149455484593326,1.206207024035232e-09,-0.01182840308064747,1.211870400252107e-09,-0.002132975399361962,1.21009180155583e-09,0.003114427867002236
1.279229195760967e-09,-0.01805105150966627,1.245471578505838e-09,-0.01298782467456394,1.250402582868646e-09,-0.01555763805872773,1.255103742722023e-09,-0.01784733057340608,1.262501441367639e-09,-0.01995196535554619,1.256670263365717e-09,-0.02010982693894629,1.241217726235886e-09,-0.01923517318810224,1.233236697046136e-09,-0.01918389803548024,1.239551749971282e-09,-0.02045565483580039,1.231733963280546e-09,-0.02045078462357965,1.239559329349248e-09,-0.01942712278795587,1.236645013912003e-09,-0.01834767600984561,1.223465776139709e-09,-0.01960497088269256,1.214931853331654e-09,-0.01976275305375536,1.202506601711691e-09,-0.02031455974157357,1.215826843069585e-09,-0.01479970375938157,1.214112344595138e-09,-0.0116339760891761,1.214442262334299e-09,-0.006207406596964448,1.218063653495264e-09,0.00346161495723862,1.215148876764923e-09,0.008117915114057683
1.288840570588794e-09,-0.01947263590757838,1.257733969536655e-09,-0.01549580543051544,1.263209069694564e-09,-0.01792933949896642,1.265062431902495e-09,-0.0193642952854617,1.268959580711404e-09,-0.02041379464997042,1.262891468070771e-09,-0.02046198637720634,1.248851547431778e-09,-0.02009438515237413,1.240949674101686e-09,-0.02006996580374044,1.245047958738366e-09,-0.02045722612329909,1.23725530999491e-09,-0.02046796328668773,1.244481555838665e-09,-0.01827102294658495,1.241750128532158e-09,-0.01666249839788786,1.228369977792466e-09,-0.01854375836087348,1.219823906543975e-09,-0.01879328086937824,1.207443063471418e-09,-0.01975242330808292,1.222055217452869e-09,-0.01140573897337551,1.222531221559307e-09,-0.005818998212440221,1.220043475114444e-09,-0.001625703746119168,1.223051351647765e-09,0.008421132893725395,1.221351864320126e-09,0.01477329634225474
1.296064244636759e-09,-0.02020186618616766,1.270605502653055e-09,-0.01788662058870679,1.273028234910467e-09,-0.01940823714005805,1.272493431337173e-09,-0.02015446499090017,1.274557567329019e-09,-0.02047440131286853,1.268330112015492e-09,-0.02042674691433994,1.255096925657901e-09,-0.02046038102228902,1.247231080229884e-09,-0.020455847393021,1.250101165848862e-09,-0.02010118914190614,1.242321057177579e-09,-0.02012710896942196,1.249604356228849e-09,-0.01655136569266877,1.247296897881304e-09,-0.01420483691119693,1.23343433767047e-09,-0.01694863791991198,1.22483910337305e-09,-0.01731629101328238,1.212334597957862e-09,-0.01877635464674449,1.230522043258751e-09,-0.005491886295573004,1.228101686722477e-09,-0.001215114496769458,1.226109455201793e-09,0.003900194594879476,1.229237727594121e-09,0.01507884658855169,1.226412319692458e-09,0.02056514571625073
1.302097294386549e-09,-0.0204731347687703,1.280498946796295e-09,-0.01938460123406396,1.280375074718029e-09,-0.0201741511485686,1.278630181323711e-09,-0.02046834807615184,1.279663337743795e-09,-0.02017570551667584,1.273357499214904e-09,-0.02003433503226896,1.26055496374238e-09,-0.02043768465762809,1.252717489352985e-09,-0.02045111700869985,1.254998031811861e-09,-0.01936485914375717,1.247220266438382e-09,-0.01940781309519961,1.255188844457367e-09,-0.01404171217234548,1.253836220005889e-09,-0.01045644236695801,1.238892930185393e-09,-0.01462331679334554,1.230190828543859e-09,-0.01516007201990907,1.217351359307891e-09,-0.01729111515033382,1.23607560788003e-09,-0.000863383166646281,1.234065938696774e-09,0.004253544874947516,1.231029232202806e-09,0.008823247939686165,1.234311590516786e-09,0.02089741748300071,1.230408961174192e-09,0.02534063307554686
1.307430670539709e-09,-0.02036784032003953,1.287887081948152e-09,-0.02016171286823833,1.286470575925635e-09,-0.02047135465491869,1.284017184768546e-09,-0.02039979176266245,1.284575954881159e-09,-0.01950342460955979,1.278252291485722e-09,-0.01925661087651567,1.265590917913715e-09,-0.0200577282878023,1.257766318938909e-09,-0.02008891590405525,1.259928456455353e-09,-0.01817888440213706,1.25214556888761e-09,-0.01824258496247748,1.261822408784005e-09,-0.01018951754287708,1.262535719202371e-09,-0.004113685639000397,1.245219103688984e-09,-0.01112412554288989,1.236272220051384e-09,-0.01195943147242262,1.22270740036e-09,-0.01512372247575215,1.241960765740996e-09,0.004561845541600908,1.238938622738118e-09,0.009153153690874896,1.237176400608515e-09,0.01546508071463199,1.238310513750826e-09,0.02568184923853822,1.234276443323769e-09,0.03011332763514758
1.312418453837307e-09,-0.01990394908064905,1.294001420008131e-09,-0.02046632282875965,1.291836115976112e-09,-0.02038850924502284,1.289024188968758e-09,-0.01997373422303963,1.289497085523235e-09,-0.01839478027404117,1.283199368521732e-09,-0.01801946664316669,1.270486271682044e-09,-0.01929422238429492,1.262663078765326e-09,-0.01934560590315065,1.265074140181968e-09,-0.01641903564580317,1.25727621315378e-09,-0.01651056407923669,1.270598126045009e-09,-0.003719025242784847,1.267921926068241e-09,0.000510485600380843,1.253723839438214e-09,-0.005112250600911203,1.24443283980662e-09,-0.006440992186658696,1.228798976819408e-09,-0.01190535325487418,1.246795804536213e-09,0.009443112108065387,1.24506560189508e-09,0.01579341867407656,1.242242540119855e-09,0.02128917314656145,1.242154184206726e-09,0.0304283434426303,1.239082374239585e-09,0.03623119809045391
1.317316987397721e-09,-0.01904308841682083,1.299377038047041e-09,-0.02038983535990456,1.296835234613231e-09,-0.01994781024289753,1.293918751567218e-09,-0.01915725039811392,1.294605007446661e-09,-0.01673562885117071,1.288387250306399e-09,-0.01618982233502684,1.275427431246543e-09,-0.01807471663745348,1.267596788113965e-09,-0.01815100653130832,1.270707295198608e-09,-0.01384731279264762,1.262876991605343e-09,-0.01398161744207635,1.278131339023752e-09,0.002902344228914953,1.273332724210092e-09,0.005598226217422794,1.25925028944963e-09,-0.0004687281928017585,1.250060319791488e-09,-0.001876540451632048,1.236999265353859e-09,-0.006338927134073808,1.252912313102996e-09,0.0160887042948619,1.25013988483411e-09,0.02163805780532084,1.246236154968477e-09,0.026074880810654,1.246857767451008e-09,0.03641466747143948,1.245190209783029e-09,0.04426447349355956
1.322305191715484e-09,-0.01770120891364938,1.304380253426049e-09,-0.01995568597544157,1.301730997485801e-09,-0.01911419573410873,1.298883001749738e-09,-0.01787163060041461,1.300152393067342e-09,-0.01431120063499131,1.294109083380185e-09,-0.01350821901336922,1.28060051606594e-09,-0.01626923519971489,1.272750559792099e-09,-0.01637928812851352,1.277465463394944e-09,-0.009864887110884209,1.269551523301807e-09,-0.01008848112638065,1.283442757402642e-09,0.008115954992456299,1.278352731243255e-09,0.01073787663944513,1.265042317313957e-09,0.004894863049818088,1.256167152217777e-09,0.003649113083976824,1.242616994721101e-09,-0.001766615486366662,1.258003407713156e-09,0.02196192352587631,1.254135584416953e-09,0.02643210992557871,1.250059823636206e-09,0.03080095588508227,1.253118217822733e-09,0.04464430812947375,1.249921044707882e-09,0.05065057442434497
1.327585402971181e-09,-0.01572659857709014,1.30927664661317e-09,-0.01912970053966601,1.306704015486224e-09,-0.01780694362354692,1.304111395417163e-09,-0.01597542180731123,1.30668866383928e-09,-0.01061000607507795,1.301103151469106e-09,-0.009283411301970471,1.286291140709724e-09,-0.01362597297617834,1.278400445047208e-09,-0.01378863301662377,1.286331060124828e-09,-0.003245879168770081,1.278349997514864e-09,-0.00357752790713566,1.289897028329361e-09,0.01500219319387525,1.284461919294574e-09,0.0174463186705732,1.269838034341661e-09,0.009749530187178146,1.2611100879662e-09,0.008562887178281178,1.248702185215353e-09,0.003753777237510923,1.26200572276716e-09,0.02676861300834202,1.257939494837055e-09,0.03113659781881238,1.254696817573444e-09,0.03670320639979484,1.257843845568219e-09,0.05102009558081736,1.254806548872663e-09,0.05735254927329778
1.333502399846266e-09,-0.01280941000003327,1.314247992645536e-09,-0.01783184349593502,1.311951548538157e-09,-0.01588079588341303,1.309918720621502e-09,-0.01318746705642516,1.315271725318356e-09,-0.004430373585191043,1.310155757420914e-09,-0.002377045670649027,1.293200431285629e-09,-0.009487672651854689,1.285201810871891e-09,-0.009764172615496199,1.293647926858358e-09,0.00322859111462357,1.28580836168898e-09,0.002988926530911535,1.295698766173386e-09,0.02161969458062244,1.289570837779647e-09,0.0233797862236201,1.276042682087161e-09,0.01649976969956675,1.267558830861755e-09,0.01549877655454213,1.25363295012975e-09,0.008667171881861365,1.26579116431412e-09,0.03145217305263879,1.262498394433549e-09,0.0369383641641076,1.261052900228408e-09,0.04505587793607729,1.262663760737338e-09,0.0576264916151639,1.260729515815277e-09,0.06554873265508331
1.341076317776605e-09,-0.008002767884922678,1.319491016841605e-09,-0.01591808612340463,1.317799160985713e-09,-0.01304415420323248,1.317155634402841e-09,-0.008713753914618637,1.323026485038772e-09,0.002262950924418952,1.317156739027192e-09,0.003896612313582682,1.302183797380627e-09,-0.002685147653908287,1.294093459574604e-09,-0.003102773548628385,1.298866762031741e-09,0.008368208390095893,1.291089897869364e-09,0.008175580095134657,1.30011430835652e-09,0.0268852322893442,1.293599435089081e-09,0.02823773520710674,1.281295603181424e-09,0.02256480811308508,1.272995471453138e-09,0.02173597024502881,1.259997497433573e-09,0.01552382543392482,1.270270520735569e-09,0.03715068417694343,1.269022071008036e-09,0.04550736408215834,1.265765223813723e-09,0.05141037503359212,1.268519192257337e-09,0.06572021779554396,1.267954277293475e-09,0.07550518745587828
1.34747722459755e-09,-0.003063409353709785,1.325328662419569e-09,-0.01309997732895813,1.325156133190823e-09,-0.008449814587580458,1.326423268643659e-09,-0.00149522259221607,1.328471435599791e-09,0.007526116194623897,1.322235801571221e-09,0.008936227445725935,1.309287608820177e-09,0.003652166437439327,1.301345638990538e-09,0.003325002918361819,1.305746125767368e-09,0.0157329555015453,1.297651739168845e-09,0.01517905833351619,1.303896077439951e-09,0.03153246462577362,1.297330959460301e-09,0.03286311577346303,1.285379484915876e-09,0.02747122134807603,1.277165406561652e-09,0.02672733828665678,1.265335718963297e-09,0.02165339686717085,1.274976588550772e-09,0.0433008776611905,1.273731355428757e-09,0.05185458932470409,1.270532688105756e-09,0.05793901229387377,1.275675542907426e-09,0.07557106454283159,1.275177198233029e-09,0.08521473588016464
1.353984928508238e-09,0.002647506980279359,1.332655260663436e-09,-0.008545428386945728,1.334531663674437e-09,-0.00107966179187458,1.333178076839093e-09,0.004639750673420557,1.334356755571871e-09,0.01370496282195842,1.329102426401265e-09,0.01631367407805433,1.314412226493492e-09,0.008722789110073828,1.306537686184608e-09,0.00844117284186581,1.311594964230502e-09,0.02243075895988172,1.303494396175232e-09,0.0218467363885677,1.3077741034466e-09,0.03641716896648658,1.301605136960127e-09,0.0382962974573969,1.289123468052972e-09,0.03209989854877039,1.280930481656386e-09,0.03137101667670785,1.269452271214695e-09,0.0265835063397507,1.279465246441818e-09,0.04929969341714559,1.278442677872653e-09,0.05830054382036794,1.276333501037256e-09,0.06594757888522496,1.282896102272513e-09,0.0852667524855254,1.282214416329344e-09,0.09419711863785286
1.359111063214955e-09,0.007607773206131542,1.341985134900581e-09,-0.001243141709687342,1.341185872295021e-09,0.005001552442440258,1.338152010631486e-09,0.009621279368940716,1.340528405877803e-09,0.02063179708940146,1.33496860221938e-09,0.02303992040245026,1.321308357542769e-09,0.01612232822556232,1.3134793491167e-09,0.01587405206920544,1.316012202714443e-09,0.02771210939033762,1.307939977600746e-09,0.02714947078255271,1.314071531337606e-09,0.04457579708668769,1.306026664469898e-09,0.04405390749392944,1.293321680766226e-09,0.03742530520282528,1.285062402618733e-09,0.03660289766415149,1.273223131929758e-09,0.03123761840210164,1.284140464230972e-09,0.05565375737202655,1.284190857518681e-09,0.06622637498509291,1.283426696835509e-09,0.07569828441036769,1.289933957695097e-09,0.09423958457880549,1.289007995438705e-09,0.1021459426730085
1.366110443435535e-09,0.0149785697403507,1.348665334382597e-09,0.004839527570729938,1.346121863532989e-09,0.009967118206567795,1.344905652325771e-09,0.01691484554561145,1.345506940597302e-09,0.0264967011566079,1.339446629327454e-09,0.02839362995968105,1.327176518376075e-09,0.02284844984060705,1.319360741443624e-09,0.0226098284481443,1.319797621470997e-09,0.0323706976244739,1.311728665030599e-09,0.03180487853932281,1.318984100506161e-09,0.05110647945092977,1.310434247333846e-09,0.04991273484746352,1.297760482648926e-09,0.04319637860761878,1.289621183908964e-09,0.04252402571358483,1.277455488286053e-09,0.03660398350215825,1.289592183308906e-09,0.06314459248998952,1.291226046234335e-09,0.07588267083731591,1.290645498855572e-09,0.08537739171839233,1.296725539369054e-09,0.102176170659338,1.295482094676311e-09,0.1087674691213476
1.372245260746538e-09,0.02190782065230412,1.353612246741662e-09,0.009799764728918641,1.352816281731408e-09,0.01721523565329899,1.350503255873737e-09,0.02334286402928711,1.349484641383341e-09,0.03133430031233517,1.343243312950471e-09,0.03306124878151925,1.331636681778388e-09,0.02818137555940292,1.323809657041726e-09,0.02792834851411746,1.323646050332327e-09,0.0372202909298622,1.315575349800336e-09,0.03664749687225957,1.323313965430066e-09,0.05695521458459633,1.314957936349631e-09,0.05602276923665858,1.302233047889497e-09,0.04913748970723369,1.294181308776549e-09,0.04858195982588038,1.281998059182455e-09,0.04251492824083966,1.296174167514708e-09,0.07219896774983034,1.298442008377958e-09,0.08554079604736105,1.297683534427283e-09,0.09433496154573863,1.30319969538345e-09,0.1087884101885756,1.301667856965784e-09,0.1139275520861734
1.377079199520451e-09,0.02762371407065706,1.360331740131803e-09,0.01705583009860947,1.358276335840249e-09,0.02349058145953197,1.354971468908896e-09,0.02868154556824671,1.353161776623851e-09,0.03591291389138924,1.347020616038644e-09,0.03781053569554498,1.335430262678905e-09,0.03284712376098325,1.327602799325181e-09,0.03259457018898811,1.329822084983901e-09,0.04521397272448699,1.32157370997012e-09,0.04440542915652436,1.32837179220831e-09,0.06385209387268825,1.320160439276286e-09,0.0631243822127998,1.306753096952563e-09,0.05524335784466682,1.298702338939174e-09,0.05469395568012463,1.286525588443607e-09,0.04854061212995911,1.303442259111812e-09,0.08203365145760495,1.305478967181062e-09,0.09447718176023306,1.304471997503774e-09,0.1022513411731436,1.309385492088337e-09,0.1139395928910172,1.307638781704158e-09,0.1175402245278773
1.38104554044655e-09,0.0324564896122353,1.365852873302064e-09,0.02338926158717115,1.362723082312113e-09,0.02880276311011775,1.358762480703893e-09,0.03333615907179225,1.357441448087045e-09,0.04135839268934001,1.352549799388963e-09,0.04493106304493413,1.339228481445613e-09,0.03762651787662495,1.331421754356922e-09,0.03740310622095441,1.334701640088038e-09,0.05168649222351333,1.326496438426583e-09,0.05093344258219635,1.334516358604545e-09,0.07223858363571817,1.326423721358946e-09,0.07168984010419874,1.311917299223416e-09,0.06229897195540743,1.303848519013484e-09,0.06173426337334213,1.291101804526908e-09,0.05473866082146353,1.310581537138377e-09,0.09129936291578397,1.31226319247811e-09,0.1023663899355381,1.310945006503506e-09,0.1088450584557762,1.315356749989011e-09,0.1175439582373105,1.313511431286962e-09,0.1195214700188076
1.384736675478192e-09,0.03705350988657731,1.370342395561622e-09,0.02874545625675228,1.366513208123605e-09,0.03345405549389768,1.362503108508854e-09,0.03802988112078292,1.361854407566594e-09,0.04708981927277794,1.357485598256376e-09,0.0514313993976467,1.344933655687585e-09,0.04498582365164398,1.337302385864188e-09,0.04499992968000084,1.338993599791059e-09,0.05746718183616547,1.330809627129385e-09,0.05674585483984611,1.341782178135016e-09,0.08199944539720154,1.3337276423808e-09,0.08153072216732928,1.318132145472806e-09,0.07081519955213759,1.310047169744196e-09,0.07024558326835489,1.296344595939148e-09,0.06192430702814689,1.317468334098926e-09,0.09960153138355136,1.318733792876802e-09,0.1089334177269167,1.317129956465873e-09,0.1139774264218949,1.321230537122687e-09,0.1195174079351772,1.319471507549806e-09,0.1197176896024466
1.389146622360096e-09,0.04264944579632845,1.374153072531452e-09,0.03341669067688481,1.370244715239e-09,0.03813240210298354,1.367761890731745e-09,0.04477720787255418,1.366124513970492e-09,0.05272861394856906,1.361739511100939e-09,0.05711725952488337,1.349844315333773e-09,0.05146851460522692,1.342199697754551e-09,0.0514788367032722,1.343988933513666e-09,0.06425514544117193,1.335784416437479e-09,0.06351485973792351,1.348952144850298e-09,0.09124211987975096,1.340911382177872e-09,0.09083015955259929,1.325435489398762e-09,0.08069182687407578,1.317343211784806e-09,0.08014294567013296,1.302658642742376e-09,0.07060640627668628,1.324058962853446e-09,0.1066732495455177,1.324916960991023e-09,0.1140382468164686,1.323101246917313e-09,0.1175630600564757,1.327192681443776e-09,0.1197056244732924,1.325813582079789e-09,0.1177551645650859
1.393612858974972e-09,0.04840181361791325,1.377875305554427e-09,0.03807692417336074,1.37543550479429e-09,0.04478064862755009,1.372780657028979e-09,0.05134980689414134,1.370535060027491e-09,0.05862127167008143,1.366531883297216e-09,0.0635764996565517,1.35410881196343e-09,0.05718407793989788,1.346477972380606e-09,0.05722627763379421,1.350054235192174e-09,0.07250072345419288,1.341818202392076e-09,0.07173733081314694,1.355851462809196e-09,0.09950732247330368,1.347822460197577e-09,0.09915819747045791,1.332632301575208e-09,0.09006452728166993,1.324542849433416e-09,0.08956238790761559,1.309944118710769e-09,0.08049506124232624,1.330343796112256e-09,0.1123238991889122,1.330887893292815e-09,0.1175959852172652,1.328976840490245e-09,0.1195176231125793,1.333538325428152e-09,0.1177336331107059,1.333162313555954e-09,0.1126114049102199
1.397890837267672e-09,0.0539563598192442,1.382896287842079e-09,0.04449056403498213,1.380502497313239e-09,0.051394700419076,1.377020705563633e-09,0.05697603633458496,1.375637465811914e-09,0.06547755400748483,1.372327380685147e-09,0.07139079462674104,1.358962331234804e-09,0.06374648770607291,1.351391214783294e-09,0.06388640453309391,1.3573302847471e-09,0.08223156481545843,1.349101560734132e-09,0.08151721391389145,1.362467794763803e-09,0.1065660561938231,1.354447142787613e-09,0.1062838021815326,1.339562939870899e-09,0.09849216088681607,1.331483293097719e-09,0.09805714955578519,1.317127071436656e-09,0.08988816010462616,1.336383695927249e-09,0.1164570114170034,1.336765751872086e-09,0.1195218811614279,1.33494324949904e-09,0.1196852233244938,1.340894334517699e-09,0.1125749939158379,1.34422315904e-09,0.09939292356285774
1.402295199854061e-09,0.05967676966937896,1.388097871788155e-09,0.05124888379957773,1.384743050422468e-09,0.05699328130422795,1.381696600433637e-09,0.06321844126251824,1.381787111298118e-09,0.07370618742685543,1.379414918172747e-09,0.08080260124260448,1.364838906905426e-09,0.07169871308852352,1.357346642638707e-09,0.07196669834556237,1.364508746113882e-09,0.09143631895139329,1.356293826786127e-09,0.09079704028161438,1.368776392942162e-09,0.1122086346398054,1.360761973343168e-09,0.1119980033359628,1.346210548675611e-09,0.1057372691206311,1.33814281210064e-09,0.1053819015342247,1.324055733875965e-09,0.0983530804159788,1.342280737193603e-09,0.1189943899117815,1.342738239106622e-09,0.1196577025328895,1.341297266148444e-09,0.1176873686570697,1.351990025765272e-09,0.09929452460237319,1.350542637983441e-09,0.0892415335337771
1.407358763469366e-09,0.06619036075164451,1.392374951637294e-09,0.05685662910068249,1.389377580761703e-09,0.06313515457913858,1.387336179077601e-09,0.07072866893884439,1.388994271341154e-09,0.08313250294869026,1.386599872314174e-09,0.08997091718088075,1.372033266142626e-09,0.08128803116803689,1.36463285036997e-09,0.08170107824067996,1.371410425010489e-09,0.09965236898083835,1.363210900889671e-09,0.09910591491662255,1.374838518553732e-09,0.1163387691872196,1.366827162789988e-09,0.1162034388882981,1.352545403883702e-09,0.1115809368758075,1.344488106337144e-09,0.1113117340580215,1.330699450313246e-09,0.1056342394474147,1.3481939272898e-09,0.1198168986873777,1.349104768004386e-09,0.11761939518547,1.348672047120079e-09,0.1124859676038742,1.358303434419754e-09,0.08914167905085796,1.356822281601714e-09,0.07773632501625738
1.413461843516148e-09,0.07384377016041245,1.396944004768377e-09,0.06285127853711311,1.394957751524712e-09,0.07048891350327911,1.394227722313082e-09,0.07973884202246456,1.39612633499254e-09,0.09200983327546104,1.393562589247446e-09,0.09824574368934005,1.37922922056014e-09,0.09050219510358441,1.371830397911262e-09,0.09093225330553158,1.378033841959931e-09,0.10666473350046,1.36984978672529e-09,0.1062251490554382,1.380758462198687e-09,0.1188789966219378,1.372744287585403e-09,0.1188224929160406,1.358624128582085e-09,0.1159220176311361,1.350573280789658e-09,0.1157427179278954,1.337030775347078e-09,0.1115149685617132,1.354372210970947e-09,0.1186490104687062,1.35650854049666e-09,0.1123501290527247,1.359868201582224e-09,0.09901898701284623,1.364575055638741e-09,0.07764625118724512,1.362496053280685e-09,0.06661789750746744
1.420224928220237e-09,0.08192246398982571,1.402428707294353e-09,0.06997753534882271,1.401779178737122e-09,0.07927894965196711,1.401345208922697e-09,0.08865550620725857,1.403048411133176e-09,0.09994194581808696,1.400283825068313e-09,0.1053853857485967,1.386170191991671e-09,0.09877519704221059,1.378752175114424e-09,0.0991881164763177,1.384352088895275e-09,0.1122614140548758,1.376179006856856e-09,0.1119355547039731,1.386694156717492e-09,0.1197091124151615,1.378667855696201e-09,0.1197389024867904,1.364544253407437e-09,0.1186829956520283,1.356493081421029e-09,0.1185971450267325,1.343104783544373e-09,0.1158925497758767,1.361280997764648e-09,0.1147795398102949,1.367869151290455e-09,0.09857542547805138,1.366160197430885e-09,0.08886240028119388,1.370244685010512e-09,0.06653693690463579,1.367233860199935e-09,0.05724570052678625
1.427231056751116e-09,0.08966967831024586,1.409136168306435e-09,0.07845403740193836,1.408835454520732e-09,0.08795337157093321,1.408352655987769e-09,0.09681394957977488,1.409751814475641e-09,0.1067040611523247,1.406728648962802e-09,0.1111591456117923,1.392850873581631e-09,0.1058843903685329,1.385404436560764e-09,0.1062616543301362,1.39042747003308e-09,0.1163463733074235,1.382258286297335e-09,0.1161390310577616,1.39289446218184e-09,0.1185548155798769,1.384840858570521e-09,0.1186897171990522,1.370454357735406e-09,0.1197542045144946,1.362392321485484e-09,0.1197693955326433,1.349017213608453e-09,0.1186892496036677,1.370305594723422e-09,0.1057333140573508,1.374124451164281e-09,0.08841518734070221,1.372404952563785e-09,0.07739570136009293,1.374978868168955e-09,0.05717630380543508,1.371471151101764e-09,0.04915935862824407
1.434471343035274e-09,0.09681628289326487,1.416107280971573e-09,0.0868100173207072,1.415866130019947e-09,0.09595149077947827,1.415211875574658e-09,0.1039426875648808,1.416208738891333e-09,0.1120774007392057,1.412941617462181e-09,0.1154446877890167,1.39923746297982e-09,0.111604553106062,1.391752783387947e-09,0.1119299626049371,1.396365988454939e-09,0.1188410749803433,1.388190179306173e-09,0.118758141452864,1.399824145924674e-09,0.1147100193472338,1.39171019237831e-09,0.1150023227073192,1.376587803817546e-09,0.1188921458457039,1.368498287175071e-09,0.1190279568186614,1.354915572109293e-09,0.119797505671137,1.37692799777285e-09,0.09645438291457666,1.380324812410456e-09,0.07699529111652835,1.37805969854541e-09,0.06631241945874602,1.379214423557798e-09,0.04909940612560418,1.375479032227435e-09,0.04204656201737722
1.441927435374751e-09,0.1030552209063024,1.423168643423611e-09,0.09459782508055273,1.422836094710714e-09,0.1029984851573675,1.421873752811597e-09,0.1097806331450669,1.422476422377836e-09,0.1159447931238579,1.419019368957242e-09,0.1181521859896459,1.405383052806763e-09,0.1158266025081335,1.397857017827328e-09,0.1160934087629213,1.402327588891293e-09,0.1196216660397535,1.394129004871306e-09,0.1196759569479313,1.40885843385989e-09,0.105729929414865,1.400551721752545e-09,0.106412960704879,1.383362590893173e-09,0.1154799699838307,1.375211401604807e-09,0.1157895925926701,1.361030942884438e-09,0.1189782820286244,1.384128492845681e-09,0.08426296753995242,1.385954629048281e-09,0.06595398182729192,1.382781065663228e-09,0.05698477394475689,1.383222751555387e-09,0.04199299237999309,1.379531882708326e-09,0.03558279543294594
1.449594968723092e-09,0.1080730062740322,1.430296646991846e-09,0.1015420334261095,1.429685861422542e-09,0.1088086009534659,1.428362742895311e-09,0.114164920457138,1.428663652935365e-09,0.1182036016468369,1.425116176314757e-09,0.1191584273973926,1.411388368117208e-09,0.1184673753623447,1.403820768187702e-09,0.1186721875686217,1.40856588561352e-09,0.1184058347151882,1.400318381537571e-09,0.1186294225847654,1.415501548838538e-09,0.09649409881508558,1.407246254893177e-09,0.09725425605226516,1.391904929380195e-09,0.107532145896747,1.383574627250441e-09,0.1082240173505629,1.367774647932137e-09,0.1156265684531865,1.390369128287823e-09,0.07242888798890153,1.390654492216464e-09,0.0566794831193913,1.387009727446341e-09,0.04893436095868023,1.387278288138207e-09,0.0355331431996793,1.384017024718363e-09,0.02940161371415492
1.457542887307465e-09,0.1115768975802288,1.43742893629633e-09,0.1073291980461851,1.436431840308295e-09,0.1131898041335068,1.434764070830609e-09,0.116973641418711,1.434952483650882e-09,0.1186952694501855,1.431485240613042e-09,0.1181964072710677,1.417408480036346e-09,0.1194059194799301,1.409800479907903e-09,0.1195450068479443,1.415560643174886e-09,0.1144636337616289,1.407206844829383e-09,0.1149457764629395,1.42275525991463e-09,0.08429407905657152,1.414623099583762e-09,0.08494745931235431,1.398886059823659e-09,0.09823584096673371,1.390742518838283e-09,0.09883749960223642,1.376241911988811e-09,0.1078115729740452,1.395537045223204e-09,0.06221717236275551,1.394871482612131e-09,0.04867129221978241,1.391017711320171e-09,0.04184543639301722,1.391769762739354e-09,0.02935314403713975,1.389773380304615e-09,0.02294623381634182
1.4659985403776e-09,0.1132476232016752,1.444577298152483e-09,0.1117239483560077,1.443155230887564e-09,0.1159883635455306,1.441237763813093e-09,0.1180597081700069,1.441658590100836e-09,0.1170564880260199,1.438608843034689e-09,0.114575226998868,1.423692897479401e-09,0.1183747279207282,1.416045771481994e-09,0.1184399690345369,1.424772946518112e-09,0.1052082372622938,1.416076157297148e-09,0.1063589127553593,1.429038224832816e-09,0.07244632462150147,1.420963659962744e-09,0.0730223578135069,1.406509408219814e-09,0.08565997439591559,1.398527975354202e-09,0.08607415622683844,1.383267959257412e-09,0.09849543763093975,1.400056647237766e-09,0.05339724424878878,1.398878492724166e-09,0.04160999853265642,1.395079449058154e-09,0.03539592104578236,1.397543982099336e-09,0.02289212198770931,1.395512944528065e-09,0.01795373255220791
1.475685951159539e-09,0.112498325633088,1.451824768193371e-09,0.1145202709311522,1.450032942096123e-09,0.1170244489341122,1.448078023380534e-09,0.1171222239700492,1.449480864153408e-09,0.1122644793655574,1.447950545150005e-09,0.1058419881669539,1.430709921604401e-09,0.114685281234712,1.423024079267612e-09,0.1146574399851849,1.431486990233049e-09,0.09579917421707722,1.422796203275559e-09,0.09719461305411266,1.434237271069339e-09,0.06222388285566648,1.426200264704038e-09,0.0627193099113582,1.412925349644736e-09,0.07363559788986951,1.404986384388098e-09,0.07398724436167534,1.390932924308132e-09,0.08586063767346391,1.404169048967327e-09,0.04578887551702888,1.402949940097148e-09,0.03517655075529242,1.399587662804001e-09,0.02921824928290574,1.403267271783041e-09,0.01792548930796095,1.401578658614138e-09,0.01393281192569871
1.491069911652682e-09,0.1059421679286654,1.459391826060924e-09,0.1154770154268257,1.457431814625869e-09,0.1159324604863882,1.455918828961958e-09,0.1133361548021165,1.461833482696625e-09,0.0987945693950789,1.454894779639989e-09,0.09666170887081502,1.439845326850671e-09,0.1059483371213225,1.432119860892185e-09,0.1057713890565659,1.438682388000793e-09,0.08365836942568522,1.430192813104783e-09,0.08489337497434027,1.438781568774377e-09,0.05339588095183809,1.430769624579652e-09,0.05381624008238597,1.418212164070433e-09,0.06323190590616691,1.410298808702155e-09,0.0635257530513911,1.397354739281405e-09,0.07381341105153262,1.408159240571289e-09,0.03902845691462858,1.407485241772915e-09,0.02900181198302902,1.40541243666296e-09,0.02273913899937985,1.409321083872616e-09,0.0139192818642645,1.407269950176492e-09,0.01106868536881018
1.502261529575119e-09,0.09768238265743752,1.467833092562588e-09,0.1140829073875242,1.466295114790539e-09,0.1115942065891048,1.467373128201465e-09,0.102855296685527,1.471395699513243e-09,0.0842006273057386,1.462350036410307e-09,0.08468044425028722,1.446623468692352e-09,0.09682069237394468,1.438832716341011e-09,0.09657409398467801,1.44493247594757e-09,0.07188770945843782,1.436550734311449e-09,0.0729732294620796,1.442912934202381e-09,0.04578468685503743,1.434909316362499e-09,0.04615309272442476,1.422812216890444e-09,0.05424537917018973,1.414913923640547e-09,0.05449109327500493,1.402643780103356e-09,0.06338620982159154,1.412355823302787e-09,0.03274339315272225,1.413394553220629e-09,0.02249085563038233,1.411086779884989e-09,0.01784603611737384,1.415014374932431e-09,0.01105810051485737,1.413026313722183e-09,0.00885077704944927
1.510661638694361e-09,0.08996552359128228,1.479272059831381e-09,0.1082087735342726,1.475111917645703e-09,0.1042000389908876,1.474744555603655e-09,0.09333773292379627,1.478099999693937e-09,0.07242184394296908,1.468845944136469e-09,0.07293585073393227,1.454027536182819e-09,0.08470308978647365,1.446158943739881e-09,0.08440926524543811,1.450116855295881e-09,0.06173664856658016,1.441802522191831e-09,0.06267282537800353,1.446918170578461e-09,0.03902560589274426,1.438908236614016e-09,0.03936082539327421,1.426961059721328e-09,0.04653043107587811,1.419065511773153e-09,0.04674695327105313,1.40724380046729e-09,0.05437794117919611,1.417252805440122e-09,0.0265487962734349,1.419148164012345e-09,0.01759665652329781,1.417104009475743e-09,0.01388166819422538,1.4207751818584e-09,0.008841667609241691,1.419234228419863e-09,0.007032118970462039
1.518619870428104e-09,0.081771671138908,1.487797711217149e-09,0.1011446795686429,1.484607203201068e-09,0.09324935754213153,1.481983741085039e-09,0.08229312701985421,1.483773095734272e-09,0.06199249292788769,1.474271089642256e-09,0.06266765748310191,1.460451409371369e-09,0.07287106017919168,1.45250934988436e-09,0.07257004985155371,1.454653947441562e-09,0.05297757781727606,1.446384719028859e-09,0.05377287822508697,1.451127030258162e-09,0.03274519997527207,1.443093311292975e-09,0.03306338358930256,1.430954497432433e-09,0.03970474854482481,1.423053877662854e-09,0.03990208082197495,1.411388819418023e-09,0.04664780695251432,1.424611798153977e-09,0.01935873780562879,1.425126720832405e-09,0.01371632058414854,1.422800852745617e-09,0.0110286975147974,1.426987333868455e-09,0.007024585543009415,1.426040261570452e-09,0.005541181356095909
1.526366572286883e-09,0.07323799327510801,1.496227440675302e-09,0.09227113843877832,1.492426025714997e-09,0.08234675736066135,1.48859382110497e-09,0.07118171000007127,1.488661544251629e-09,0.05309716284648721,1.479019617346205e-09,0.0537546002817252,1.465784100975892e-09,0.06259590914018147,1.457770986557622e-09,0.06232899037919443,1.458790914887624e-09,0.04541602261916795,1.450535717449927e-09,0.04611311680108054,1.45603219403988e-09,0.02656022576320928,1.447939528049116e-09,0.02688439153630296,1.435116766660197e-09,0.03338987743540575,1.427201834293995e-09,0.033576468012363,1.415375395851779e-09,0.03981118177478495,1.432100195200044e-09,0.01412790343078252,1.430810702914562e-09,0.01090867277536965,1.428572334529487e-09,0.008816239664235628,1.433798081101271e-09,0.005535079755125761,1.433577949000457e-09,0.004330179788931982
1.534070158649926e-09,0.06447248371251135,1.504023129387369e-09,0.08273792333603812,1.499236406882289e-09,0.07187672215538579,1.494280553695447e-09,0.06126635801895574,1.493048309854645e-09,0.04551615448161619,1.483323221614512e-09,0.04606982871277484,1.470444685892475e-09,0.05369916012712662,1.462369292445782e-09,0.05347710572953885,1.462814833676888e-09,0.03868922016115256,1.454545296173574e-09,0.03932444165712026,1.463367617947593e-09,0.01940659669155251,1.455012335045983e-09,0.01985673729103524,1.439906083434647e-09,0.02721592922743515,1.431958678994312e-09,0.02740354081519941,1.419526596228933e-09,0.03348910767375955,1.437821293968764e-09,0.01120338918479801,1.436602921043301e-09,0.008718316915581651,1.434794527004677e-09,0.007003411012389282,1.441341022508384e-09,0.004325354662711525,1.442003462505631e-09,0.003356931407512422
1.541682959473642e-09,0.05581876436580286,1.511239207735783e-09,0.07310544293468638,1.505412016423972e-09,0.06200492323652951,1.49934125555807e-09,0.05255374012175516,1.497304861908328e-09,0.03876807067499224,1.487470319569582e-09,0.03926747527737653,1.474669067958815e-09,0.04603463494638171,1.466544603807348e-09,0.04584835836926827,1.46705888919177e-09,0.03242686577586187,1.458741236472161e-09,0.03303095007615728,1.47091844240549e-09,0.01413962874548907,1.462759834643448e-09,0.01433574701365331,1.4467419948367e-09,0.02029968426880291,1.438673148006097e-09,0.02054001119144706,1.424296105265319e-09,0.02731308819676472,1.443397192806321e-09,0.009018621703466238,1.442854467732826e-09,0.006922916886179446,1.441616539201409e-09,0.005517771624314814,1.449772581034228e-09,0.003353191648678236,1.451513366213291e-09,0.002581446616739822
1.549054222584178e-09,0.04772962325276786,1.518077930453458e-09,0.06359780019947844,1.51095438002509e-09,0.05321383060493249,1.503992160684658e-09,0.04495743496886181,1.501759042091871e-09,0.03251575380915038,1.491791466839009e-09,0.03298124720662469,1.478746060469062e-09,0.03924526094043101,1.470585211845673e-09,0.03908076465480126,1.472034347926393e-09,0.02623920882057092,1.463599709106282e-09,0.02685650012597069,1.476673134103884e-09,0.01120583597680354,1.468576494972819e-09,0.01132457524757227,1.454730907749398e-09,0.01449570014297402,1.446808799847986e-09,0.01456828009338905,1.431069979009171e-09,0.02041746205225436,1.44950847973133e-09,0.007187661843360937,1.449711832816721e-09,0.005452251591033718,1.449172075484606e-09,0.004311508530575913,1.459289796220567e-09,0.002578576623986459,1.462388690692861e-09,0.001964802997664367
1.556230788857662e-09,0.04038223753239474,1.524461544028823e-09,0.0547292986931138,1.516052359398973e-09,0.04550268229528059,1.508504554661326e-09,0.03820577054629534,1.506908307062762e-09,0.02639649909264837,1.496761796270196e-09,0.02684444553756739,1.483005611979607e-09,0.03295935173441775,1.474821597318797e-09,0.03280162471243842,1.479659780817062e-09,0.01896011757590702,1.470689357467908e-09,0.01983542209017628,1.482264333104837e-09,0.009021929937080737,1.47413375842456e-09,0.0091232863164982,1.460615146716955e-09,0.01141273920295933,1.452727992922021e-09,0.01144892019606095,1.439112364204152e-09,0.01453796422327893,1.456225608776664e-09,0.005676999045628007,1.457310084449787e-09,0.004258762399529595,1.4576182055962e-09,0.003342306719573656,1.470174292760935e-09,0.001962597456636015,1.47504172938482e-09,0.001471810750499491
1.563473729803483e-09,0.03369946655088321,1.530418386133653e-09,0.04677093056303665,1.520981885487346e-09,0.03863845669756001,1.513221928937848e-09,0.03196628642734566,1.514385698428557e-09,0.01947870199180047,1.503861437323973e-09,0.01997787507827471,1.487925624275185e-09,0.02680454916115631,1.479741536383889e-09,0.02663220924683753,1.487080796748295e-09,0.01391302678948738,1.478457561728914e-09,0.01431872677722019,1.48839140635786e-09,0.007191988842935982,1.480222693962446e-09,0.007277147496204157,1.466138560960517e-09,0.009201631165431977,1.458229636346259e-09,0.009235460516680793,1.445005170538407e-09,0.01143687043588036,1.46368538391256e-09,0.004442564786715593,1.465807350627445e-09,0.003300343764101579,1.467153238212483e-09,0.002570084153656285,1.482839223131425e-09,0.001470092761222373,1.490080832557446e-09,0.00107360866901305
1.57126566234327e-09,0.02746910668392769,1.536146627607292e-09,0.03966722436372376,1.526069648677234e-09,0.0323437078554103,1.518670985281779e-09,0.02587757203763352,1.522659259330528e-09,0.01400751937603439,1.512108384201474e-09,0.01426271588224529,1.495048951899883e-09,0.01984866383145923,1.487003541894961e-09,0.01956367026105029,1.492798162433471e-09,0.01105816754318383,1.484289177290438e-09,0.01131080091938771,1.495125590230632e-09,0.005682162107217054,1.486915452197085e-09,0.005752121594606844,1.472193644778373e-09,0.007344360509652672,1.464264805783813e-09,0.007373914922089703,1.450512847661706e-09,0.009222954975246464,1.472036474179812e-09,0.003446612232819521,1.475405358929462e-09,0.002536899170940035,1.47806036264904e-09,0.00195595666466819,1.497894200353063e-09,0.001072241413085691,1.508401111551308e-09,0.0007494488165264869
1.580666518228262e-09,0.02130403967717841,1.541955281940122e-09,0.03321083683377463,1.53181969050981e-09,0.02629023992491274,1.526603967973919e-09,0.0190021426229716,1.528845753578824e-09,0.01105197890861707,1.518190563323216e-09,0.01122868145222371,1.503014003403619e-09,0.0142734779733465,1.49471978787693e-09,0.01418604082872627,1.498436511921237e-09,0.00889912755035535,1.489860158361345e-09,0.009112451738670939,1.502603806541378e-09,0.004448379152614926,1.49434464756107e-09,0.004505005749563788,1.47885185348885e-09,0.005807952351597959,1.47090351633164e-09,0.005832595194193799,1.456552323343047e-09,0.00736224007033944,1.481455546413998e-09,0.002652316323943141,1.486392832252137e-09,0.001929653993521981,1.49075498285586e-09,0.001464839573027087,1.516236128243216e-09,0.0007483425786303905,1.531288919319487e-09,0.0004874686012246558
1.591617096494469e-09,0.01579508554835267,1.548318847446078e-09,0.02712263194239835,1.539640401364116e-09,0.01978097419155125,1.535250404344954e-09,0.0136640414937718,1.534733408124136e-09,0.008908572895421605,1.523906665165373e-09,0.009054664414773166,1.508958390394785e-09,0.01126155004783684,1.50055738349121e-09,0.01122334140305479,1.504618694735019e-09,0.007091094964510578,1.495963834710596e-09,0.007269112622836471,1.510975697056835e-09,0.003452782585669335,1.50266040916504e-09,0.003497723793215409,1.486241505272514e-09,0.004550493129766143,1.478271701824153e-09,0.004570477347349581,1.463194410413501e-09,0.005822299518822331,1.492209796853824e-09,0.002020976173822023,1.499193373357e-09,0.001443789392602991,1.505850013731333e-09,0.001068018907936352,1.539153647305389e-09,0.0004865817068991467,1.560485371341485e-09,0.0002837263582880498
1.60303800147798e-09,0.01159349440842533,1.556326294029798e-09,0.02091740305615511,1.546924072675183e-09,0.01522987670415017,1.54173735500952e-09,0.01077661297991194,1.541174741471683e-09,0.007119947786625924,1.530167535453282e-09,0.007234206967865934,1.514604630532178e-09,0.009076080125919324,1.506180200004277e-09,0.009039604671832518,1.511414782870608e-09,0.005600978638194043,1.502672672933933e-09,0.00574661417121494,1.520418277301147e-09,0.002658584799988265,1.512035434363157e-09,0.002693874417231744,1.494513340638581e-09,0.003533906109372327,1.486520355466273e-09,0.003549598383067583,1.470566104716192e-09,0.004561638185600115,1.504695736924323e-09,0.001516801969180259,1.514432075965688e-09,0.00105096716606258,1.524247044197942e-09,0.0007449182794176414,1.568390125967742e-09,0.0002830548522930964,1.594326447740564e-09,0.0001503715336368113
1.612827936043178e-09,0.008954285404848088,1.564405136744639e-09,0.0161034485898454,1.553965892953204e-09,0.01191685154071906,1.547931663043541e-09,0.008681713360162593,1.548250743775236e-09,0.005648423497410346,1.537049208863927e-09,0.005732156100327374,1.520789054095966e-09,0.007245220185078441,1.512339726669553e-09,0.007210442945720442,1.518966290006188e-09,0.004384187223611928,1.51011987780495e-09,0.004501668964397202,1.531199373623345e-09,0.002027104373239527,1.522731327364537e-09,0.002054806585916558,1.503835975853672e-09,0.002722312415077047,1.495815793131192e-09,0.002734432577095505,1.478817992965891e-09,0.003542234088285656,1.519500346329141e-09,0.001110057402590467,1.533027848114273e-09,0.0007310536199286027,1.547240713653269e-09,0.0004838479627061496,1.602255745661764e-09,0.0001499730680399588,1.631746906216357e-09,7.25781277171782e-05
1.622451008766462e-09,0.007005811265900407,1.573017178487274e-09,0.01225464448458533,1.560808296656035e-09,0.00948094906172673,1.554699521343283e-09,0.006941878626786658,1.55610932911323e-09,0.00444869956402,1.54468949923331e-09,0.004505021748367256,1.527586275627168e-09,0.005734027026049648,1.519109109007425e-09,0.005701231509543448,1.527423048566545e-09,0.003403207029589238,1.518456139882136e-09,0.003496170435682935,1.543716680135688e-09,0.001522561425176767,1.535137333095287e-09,0.001544497120828349,1.514465786675756e-09,0.002077151207223902,1.506411725374438e-09,0.002086493134689534,1.48811734815868e-09,0.002728364469387762,1.537489488253112e-09,0.0007790386359789203,1.556297438288613e-09,0.0004728032952888869,1.576580388234121e-09,0.0002809988191836268,1.639705194874866e-09,7.235414484662779e-05,1.674153041802938e-09,2.95680084405888e-05
1.632764706922358e-09,0.00544255893021047,1.580938941953869e-09,0.009615727682046349,1.567917482258063e-09,0.007565137563491402,1.562132231974419e-09,0.0055160489330629,1.564913069591555e-09,0.003482204672821996,1.553246381999606e-09,0.003514378244004252,1.53513217047548e-09,0.004498954417262359,1.526625286970006e-09,0.004467974882626155,1.536967133757769e-09,0.002620970450893659,1.527854851998515e-09,0.00269370149084289,1.558559053144609e-09,0.00111524020191906,1.549829775059183e-09,0.001132848893745182,1.526785331713287e-09,0.001562214495709698,1.51868744463145e-09,0.001569491004896871,1.498718808513925e-09,0.002081492846933727,1.559911608540709e-09,0.0005109961052007348,1.586012380104897e-09,0.0002727338182717027,1.610499393573946e-09,0.0001487565813701012,1.682148003829976e-09,2.945186186732442e-05,1.723749556027898e-09,8.035727195823001e-06
1.644055994865686e-09,0.004184703750703012,1.588859630109746e-09,0.007626358906456896,1.575614724669841e-09,0.006013669559963384,1.570391748517356e-09,0.004357536093598281,1.574848582300647e-09,0.002712178181898522,1.56289748794549e-09,0.002724011294350409,1.543580909063302e-09,0.003501709855856954,1.535040039812131e-09,0.003472582405183827,1.547874272915093e-09,0.001998812310589472,1.538578747067009e-09,0.002055615138345215,1.576595188354049e-09,0.0007834741519614486,1.567659454987993e-09,0.0007977276327644166,1.541361140409074e-09,0.001147100050749677,1.533204738299028e-09,0.001152880406476003,1.511002609321899e-09,0.001565354376562623,1.588468339906256e-09,0.0003013552170024872,1.620102414515638e-09,0.0001438575329708286,1.648014749261712e-09,7.167017683135488e-05,1.731793159899869e-09,7.984166691173983e-06,1.784259108884494e-09,-7.309393564651559e-07
1.65662905653972e-09,0.003180489206358637,1.597367950711436e-09,0.006025344073555247,1.584084678612952e-09,0.004760740671182515,1.579651228154186e-09,0.003427614430805613,1.586200592146755e-09,0.002099654934377305,1.573913911733769e-09,0.002095193916597183,1.553108586523373e-09,0.002705894850456297,1.544530545891212e-09,0.00267837934491057,1.560553519353738e-09,0.00150123959278574,1.551018848271443e-09,0.001545913458171137,1.599077224077098e-09,0.0005145728538737773,1.589855092331619e-09,0.0005259584636957708,1.559030103624957e-09,0.0008092971061249663,1.550793778348528e-09,0.0008139701786319363,1.525531839746312e-09,0.001149450048252633,1.622060216074721e-09,0.0001609252669578043,1.65783889612834e-09,6.890588007879117e-05,1.690545407264772e-09,2.909595134393009e-05,1.792372388436537e-09,-7.466268626253856e-07,1.861932217728904e-09,-2.596183585498268e-06
1.670772759822522e-09,0.002394451159405869,1.606691188746491e-09,0.004734803284098503,1.593507983355847e-09,0.003759300557319835,1.590110829134596e-09,0.002689208579866641,1.599396319125966e-09,0.001608402914515182,1.586701805262671e-09,0.001591734907348491,1.563982769192686e-09,0.00207281953633378,1.55536524075784e-09,0.002046674837700423,1.57561088662917e-09,0.001098982876216802,1.565754249064587e-09,0.001134545002108645,1.627710123698503e-09,0.0003040405863440942,1.618096933747417e-09,0.0003126578587250475,1.581002660126742e-09,0.0005352406954165311,1.572656149418491e-09,0.0005390053508704483,1.543138455879748e-09,0.0008111450460635047,1.659129963135287e-09,7.863699776189777e-05,1.700678737651964e-09,2.765086863182214e-05,1.74031255841538e-09,7.825103802718652e-06,1.870150179044986e-09,-2.594959802889916e-06,1.968158785867984e-09,-1.564161229280551e-06
1.686817384379407e-09,0.00179404441027048,1.617044862412713e-09,0.003704153368544612,1.604094871092056e-09,0.002967584964050863,1.60207676338804e-09,0.002103107243301226,1.615075253250959e-09,0.001208287659986624,1.601865965093552e-09,0.001183427187532291,1.576602779471903e-09,0.001566435120338347,1.567943517318798e-09,0.001541595848742382,1.593939967837278e-09,0.000770931345000968,1.583639922705522e-09,0.0007994407504918269,1.661379366731801e-09,0.0001628560970355522,1.651585037873676e-09,0.0001678769921419734,1.608939531888417e-09,0.0003197310222216688,1.600443110944349e-09,0.0003226259034979623,1.565026413297118e-09,0.0005367382125444999,1.70101022101835e-09,3.282008025833989e-05,1.75089254142714e-09,7.176106069644875e-06,1.80107402214703e-09,-7.956482373661952e-07,1.976548086846014e-09,-1.55821404302053e-06,2.127041045863096e-09,-2.10081078486081e-07
1.705226188787678e-09,0.001345441468091975,1.628662395296713e-09,0.00289268224054021,1.616124598171735e-09,0.002345140765150585,1.616010068730466e-09,0.001632863358988441,1.634192570278908e-09,0.0008774312128741997,1.620304412251326e-09,0.0008481681250818231,1.591561449422306e-09,0.001156681716955138,1.582857416795124e-09,0.00113331703397046,1.616825886933745e-09,0.000504983298777665,1.605910312608679e-09,0.0005275074238239869,1.698505171611326e-09,7.999161748071989e-05,1.688484119416889e-09,8.277539322345016e-05,1.642292068345556e-09,0.0001720179754242198,1.633728577938021e-09,0.0001736508084323358,1.592849688996451e-09,0.0003209071628875374,1.749811281934085e-09,9.558531341706072e-06,1.812343783659588e-09,-9.962378230620337e-07,1.879134640996133e-09,-2.591574687963026e-06,2.135744785027422e-09,-2.064192094637149e-07,2.407208767650157e-09,3.478596672184659e-07
1.726673324187737e-09,0.001015500424232499,1.641827282492623e-09,0.002262351052122903,1.630007577256856e-09,0.001853136955764588,1.632608063399627e-09,0.001248086471897761,1.658140265766096e-09,0.0006033636373686766,1.643319229943504e-09,0.0005730436598110683,1.60973609570184e-09,0.0008215533776413976,1.600981422826072e-09,0.0008000757577207047,1.646008821632088e-09,0.0002971289431011125,1.634251954772533e-09,0.0003139482174755667,1.740408995380007e-09,3.371079106938794e-05,1.730081792756923e-09,3.514593205442156e-05,1.679020605474735e-09,8.509024171468076e-05,1.670378865371492e-09,8.59572625744136e-05,1.626142946085786e-09,0.0001725807551104883,1.809052960625625e-09,-2.135202113225183e-07,1.891503425443742e-09,-2.577174491101109e-06,1.986009480124261e-09,-1.53987180381235e-06,2.41675536959419e-09,3.483948501163316e-07,2.967544211224278e-09,3.02344053603528e-07
1.752172204736221e-09,0.0007738987008361885,1.656943881034168e-09,0.001775304542129947,1.646361047095962e-09,0.001457155433136,1.65292557527839e-09,0.0009267382318001406,1.688816488590632e-09,0.0003824757793158404,1.672687563345663e-09,0.0003537238973438851,1.632395124342302e-09,0.0005481195445441841,1.623577259504133e-09,0.0005291341223377502,1.680020115342651e-09,0.0001593767286459083,1.667834132826752e-09,0.0001689876482660241,1.789181400699371e-09,1.007645350435056e-05,1.778429010291354e-09,1.071752959836608e-05,1.720386009633188e-09,3.635541945835733e-05,1.711644417229188e-09,3.677930320539018e-05,1.662811192966954e-09,8.530902171049662e-05,1.884663161402435e-09,-2.586571977515046e-06,2.000277818249981e-09,-1.464107995053526e-06,2.146105627510824e-09,-1.950357237234787e-07,2.978776538727727e-09,3.018528749206363e-07,3.967544211224277e-09,2.241707301073697e-07
1.78329303754578e-09,0.000595049219554497,1.674613337187551e-09,0.00139607207258142,1.666128120864905e-09,0.0011296321840151,1.678522248448169e-09,0.0006564940894779038,1.725982054491595e-09,0.0002250658063834776,1.708012508248159e-09,0.0002000339811890883,1.661268854516933e-09,0.0003318595072953792,1.652363127221841e-09,0.0003160372953373984,1.717540384341921e-09,7.849719330800528e-05,1.704823068927761e-09,8.367389433748741e-05,1.848303843068705e-09,2.38295668419808e-08,1.836919434010206e-09,2.280245471761189e-07,1.76840835654723e-09,1.127006339514972e-05,1.759534764848766e-09,1.14465543382996e-05,1.704111302713985e-09,3.640659675252434e-05,1.98726772587665e-09,-1.723264259729784e-06,2.164046937865579e-09,-1.484297210931227e-07,2.429621429170894e-09,3.500606149240165e-07,3.978776538727727e-09,2.24103834410846e-07,4.967544211224277e-09,2.185657643901628e-07
1.822537034225305e-09,0.0004595400436013323,1.695752602080953e-09,0.001094023869408398,1.690756691362066e-09,0.000851729341129753,1.711545955710588e-09,0.0004345155098266639,1.766787231104448e-09,0.0001287431111081704,1.746814869257836e-09,0.0001074675029526646,1.695679439374446e-09,0.0001829912127962306,1.686376575035946e-09,0.0001715959558032312,1.759919745425295e-09,3.325217497679098e-05,1.74650146531139e-09,3.580860405416297e-05,1.923619859735036e-09,-2.542418047507592e-06,1.911271729533143e-09,-2.531038912572613e-06,1.826412134757243e-09,4.132274080171923e-07,1.817349175291881e-09,4.627051651719043e-07,1.752061290903603e-09,1.125505632936825e-05,2.139132564874778e-09,-3.207020197262392e-07,2.458197527597781e-09,3.564724168616259e-07,2.996653032491033e-09,3.003274981610581e-07,4.978776538727727e-09,2.185692414965979e-07,5.967544211224277e-09,2.200314192058492e-07
1.873959350472744e-09,0.0003547869066591142,1.721789853980277e-09,0.0008454352616251182,1.722409496036137e-09,0.0006144919589367205,1.751753923740263e-09,0.0002730322140340534,1.812268997039919e-09,7.073256746011466e-05,1.790249797253215e-09,5.325487617985224e-05,1.733517676342067e-09,9.435067236851288e-05,1.72382708403522e-09,8.623476486852049e-05,1.809276124503962e-09,1.008010696354879e-05,1.794909378673202e-09,1.114517157930241e-05,2.025540544447491e-09,-1.76004313594762e-06,2.011614991535502e-09,-1.826342094043376e-06,1.900017513467181e-09,-2.525019904835156e-06,1.890676967152951e-09,-2.530819369489902e-06,1.809978403856888e-09,3.856949611395904e-07,2.399298690062615e-09,3.269246681825262e-07,3.046498707062186e-09,2.940059439428638e-07,3.996653032491034e-09,2.238897717063089e-07,5.978776538727727e-09,2.20033920702598e-07,6.967544211224277e-09,2.203765726039867e-07
1.944015509017171e-09,0.0002742424986206251,1.754965848581967e-09,0.0006349929884139985,1.764018134116762e-09,0.0004183429709489985,1.79609283856805e-09,0.0001712771396025565,1.864287601160826e-09,3.648015566937536e-05,1.840131171549807e-09,2.294761528272686e-05,1.776005798293952e-09,4.351235937185146e-05,1.765991302199681e-09,3.794579265438248e-05,1.869153061206289e-09,1.611812920557294e-07,1.853419443216999e-09,4.493980167021724e-07,2.175736353526729e-09,-3.576476966311598e-07,2.159016288867097e-09,-4.050600034944966e-07,1.999134041635415e-09,-1.874715837607238e-06,1.98936058233068e-09,-1.892949037836966e-06,1.883482281038129e-09,-2.543511101640922e-06,2.919630940438288e-09,3.163298198449218e-07,4.046498707062186e-09,2.230309085722306e-07,4.996653032491033e-09,2.185805352982404e-07,6.978776538727727e-09,2.203767945134232e-07,7.967544211224278e-09,2.203755633836616e-07
2.024130357029827e-09,0.0002233764417982404,1.798681353290506e-09,0.0004566263819256961,1.814923146214023e-09,0.0002771847893692449,1.845572722915533e-09,0.0001073832692830205,1.925290654013183e-09,1.808877456242514e-05,1.899365954593744e-09,7.982961149709976e-06,1.82507563057377e-09,1.618400337994814e-05,1.81488619781756e-09,1.266718376731261e-05,1.945446847011719e-09,-2.489544163334994e-06,1.927696928375037e-09,-2.477993707725619e-06,2.43070116890927e-09,3.16394454221661e-07,2.406721672727264e-09,3.060927545372032e-07,2.144259715710572e-09,-4.437292498999829e-07,2.13373078973639e-09,-4.558491631553328e-07,1.98248568261928e-09,-1.879352793671116e-06,3.919630940438288e-09,2.266047045189692e-07,5.046498707062185e-09,2.186350189573602e-07,5.996653032491033e-09,2.200420825271572e-07,7.978776538727727e-09,2.203755262932846e-07,8.967544211224278e-09,2.203655021252886e-07
2.110919479565754e-09,0.0001901623286918476,1.857555975509871e-09,0.0003123142247248968,1.874828869261712e-09,0.0001840284340511816,1.901557843597573e-09,6.750299673693622e-05,2.000399785454553e-09,7.406430601627536e-06,1.97292055563363e-09,7.620390030991585e-07,1.883874508658738e-09,3.539261523897977e-06,1.873838923257727e-09,1.326240306328117e-06,2.048639307396793e-09,-1.727890747978229e-06,2.027724992768362e-09,-1.851123560361739e-06,2.94063079967435e-09,3.215187765199314e-07,2.902132440447599e-09,3.265035231487148e-07,2.386685798554808e-09,2.965438536515604e-07,2.374517707738341e-09,2.940956374107479e-07,2.127511172510891e-09,-4.422055245702767e-07,4.919630940438288e-09,2.184818904149484e-07,6.046498707062185e-09,2.200760529295576e-07,6.996653032491033e-09,2.203774853918039e-07,8.978776538727728e-09,2.20365498308603e-07,9.967544211224279e-09,2.20364370317494e-07
2.205428826854798e-09,0.0001653664607953315,1.936538951362906e-09,0.000206743764321425,1.946284414651989e-09,0.0001238354076476942,1.966768783902805e-09,4.347543984469372e-05,2.091406931915758e-09,3.066829610828976e-06,2.067603636781495e-09,-1.235329393690527e-06,1.957606049754553e-09,-1.340354985270214e-06,1.94837152792669e-09,-2.096501821616296e-06,2.200085287251205e-09,-3.462881853846963e-07,2.174072517878485e-09,-4.327250002866683e-07,3.94063079967435e-09,2.272357014130649e-07,3.889344561064739e-09,2.287852867432786e-07,2.87153796424328e-09,3.304598719251593e-07,2.856091543742242e-09,3.317584349157397e-07,2.369966972741604e-09,2.981784877856387e-07,5.919630940438288e-09,2.199823762972934e-07,7.046498707062185e-09,2.203800817104492e-07,7.996653032491033e-09,2.20375373582453e-07,9.978776538727729e-09,2.203643775334167e-07,1.096754421122428e-08,2.203645286473659e-07
2.267366474156741e-09,0.0001526998302378954,2.026466498235842e-09,0.0001457900430648255,2.032360272201077e-09,8.609696284582672e-05,2.049493518999574e-09,2.817802386681911e-05,2.209350309363371e-09,1.943884306893764e-06,2.194382604641925e-09,-5.807404080188323e-07,2.05506203218661e-09,-1.931366762128777e-06,2.047966622930386e-09,-1.864094532694393e-06,2.458361966615835e-09,3.255629570921602e-07,2.41864440044643e-09,2.97395128874908e-07,4.94063079967435e-09,2.190179351957339e-07,4.889344561064739e-09,2.190219169021701e-07,3.841242295620224e-09,2.303398444571897e-07,3.819239215750044e-09,2.30827814049005e-07,2.85487857320303e-09,3.30322901810403e-07,6.919630940438288e-09,2.203631452944244e-07,8.046498707062185e-09,2.203746721609745e-07,8.996653032491034e-09,2.203654614750882e-07,1.097877653872773e-08,2.203645362182126e-07,1.196754421122428e-08,2.203645791514649e-07
2.337845952356356e-09,0.0001403151807766982,2.126402677960664e-09,0.0001108761951807503,2.089259377175161e-09,7.23469899022609e-05,2.117547060426688e-09,2.16979550078019e-05,2.296355353077367e-09,2.420487000440307e-06,2.318730104678154e-09,2.750636778590134e-07,2.191925283480002e-09,-7.359456876677172e-07,2.192630290727447e-09,-6.29591831718807e-07,2.974915325345095e-09,3.211482711852449e-07,2.907788165582321e-09,3.314642934332193e-07,5.94063079967435e-09,2.199619623043575e-07,5.889344561064739e-09,2.198804823903096e-07,4.841242295620224e-09,2.190370850654097e-07,4.819239215750043e-09,2.190311564589239e-07,3.824701774125882e-09,2.302861648723443e-07,7.919630940438288e-09,2.20374970995314e-07,9.046498707062186e-09,2.203652873188844e-07,9.996653032491034e-09,2.203643780749883e-07,1.197877653872773e-08,2.203645864810007e-07,1.296754421122428e-08,2.203645804392694e-07
2.408789873238628e-09,0.0001295268960223362,2.184290612609863e-09,9.885666635739774e-05,2.153547483551518e-09,6.188010999206798e-05,2.194839849501011e-09,1.805572393621783e-05,2.40597135647942e-09,2.957655061605531e-06,2.447904899310343e-09,6.851327206529829e-07,2.380394503641561e-09,1.574240693979864e-07,2.42526693394059e-09,2.682652871659765e-07,3.816537851864076e-09,2.321116414299442e-07,3.886075695854104e-09,2.29696075861136e-07,6.940630799674349e-09,2.203973474632603e-07,6.889344561064739e-09,2.203702953761074e-07,5.841242295620224e-09,2.198568086366048e-07,5.819239215750043e-09,2.198526947530295e-07,4.824701774125882e-09,2.190356641600807e-07,8.919630940438289e-09,2.203657857747392e-07,1.004649870706219e-08,2.203643600078331e-07,1.099665303249104e-08,2.203645377834215e-07,1.297877653872773e-08,2.203645877250849e-07,1.396754421122428e-08,2.203645791958693e-07
2.486385097140849e-09,0.0001192599139826117,2.250750112712048e-09,8.836667209065541e-05,2.217579515948236e-09,5.476244626870261e-05,2.275134449085465e-09,1.637488709343854e-05,2.503604373282247e-09,3.338124455769918e-06,2.584525629624579e-09,8.641253240302363e-07,2.600619027801114e-09,4.024715305837147e-07,2.815592938652038e-09,3.621551767901521e-07,4.777674700066769e-09,2.211675414995696e-07,4.886075695854104e-09,2.1921753610636e-07,7.94063079967435e-09,2.204012555924722e-07,7.889344561064739e-09,2.203706237771163e-07,6.841242295620224e-09,2.203461238279284e-07,6.819239215750043e-09,2.203449648598878e-07,5.824701774125882e-09,2.19872965533126e-07,9.91963094043829e-09,2.203643339508368e-07,1.104649870706219e-08,2.203645225610763e-07,1.199665303249104e-08,2.203645871097149e-07,1.397877653872773e-08,2.203645864903873e-07,1.496754421122428e-08,2.203645790505645e-07
2.569552128889787e-09,0.0001096424125126392,2.316149380372478e-09,8.039626459838948e-05,2.286130015871266e-09,4.99908119023488e-05,2.361371114445269e-09,1.566928552772628e-05,2.6255491692024e-09,3.736713793909268e-06,2.724157791136172e-09,9.432601503336309e-07,2.836309377882611e-09,3.951469718195487e-07,3.262081241882158e-09,2.689789321490133e-07,5.777674700066769e-09,2.231602035486045e-07,5.886075695854104e-09,2.202370262825751e-07,8.940630799674351e-09,2.203904246009808e-07,8.889344561064739e-09,2.203600982061279e-07,7.841242295620224e-09,2.203744437649653e-07,7.819239215750044e-09,2.203762026759813e-07,6.824701774125881e-09,2.203471136288904e-07,1.091963094043829e-08,2.203644281224041e-07,1.204649870706219e-08,2.203645677614519e-07,1.299665303249104e-08,2.203645882266004e-07,1.497877653872773e-08,2.203645863369849e-07,1.596754421122428e-08,2.203645791273621e-07
2.659719882027063e-09,0.0001004384423184188,2.38750587956254e-09,7.357665086755411e-05,2.359263843393005e-09,4.600270494229895e-05,2.452564489013819e-09,1.556426668071351e-05,2.734164061803413e-09,4.054249760285826e-06,2.866140522019274e-09,9.936680864790473e-07,3.083477868339603e-09,3.659457575189397e-07,3.733626471249754e-09,2.425129783886236e-07,6.777674700066768e-09,2.239185717012957e-07,6.886075695854103e-09,2.207442449291037e-07,9.940630799674351e-09,2.203894513483046e-07,9.88934456106474e-09,2.203591465214435e-07,8.841242295620225e-09,2.203632261298515e-07,8.819239215750045e-09,2.203653890411856e-07,7.824701774125881e-09,2.203765740544091e-07,1.191963094043829e-08,2.203644808118255e-07,1.304649870706219e-08,2.203645683182561e-07,1.399665303249104e-08,2.203645869825626e-07,1.597877653872773e-08,2.203645864006698e-07,1.696754421122428e-08,2.203645791754743e-07
2.757232256440606e-09,9.15085204591865e-05,2.463458524635961e-09,6.77778930767599e-05,2.43736845897445e-09,4.275477329306978e-05,2.549207839880639e-09,1.579015514239819e-05,2.8407242020288e-09,4.348402784775996e-06,3.010884084325541e-09,1.041302094253463e-06,3.34012981424699e-09,3.619266214748762e-07,4.236666096802071e-09,2.416021019927721e-07,7.777674700066769e-09,2.241299185031848e-07,7.886075695854104e-09,2.207730126837049e-07,1.094063079967435e-08,2.203899015271509e-07,1.088934456106474e-08,2.203593101482323e-07,9.841242295620226e-09,2.203611193237736e-07,9.819239215750045e-09,2.203632417973907e-07,8.824701774125882e-09,2.203661290704431e-07,1.291963094043829e-08,2.203644841807224e-07,1.404649870706219e-08,2.203645671034498e-07,1.499665303249104e-08,2.203645868454776e-07,1.697877653872773e-08,2.20364586472867e-07,1.796754421122428e-08,2.203645792320877e-07
2.862900380291702e-09,8.257940359417406e-05,2.545421050592963e-09,6.264719140197509e-05,2.520746172162012e-09,4.012923395864757e-05,2.651396471314337e-09,1.617413516917324e-05,2.953809415261275e-09,4.650438199420022e-06,3.158071739672613e-09,1.092963949876063e-06,3.603582636873547e-09,3.696006982587671e-07,4.761015545039425e-09,2.44706085290802e-07,8.77767470006677e-09,2.243016798701689e-07,8.886075695854105e-09,2.207695622433733e-07,1.194063079967435e-08,2.20390236151659e-07,1.188934456106474e-08,2.203593446324026e-07,1.084124229562023e-08,2.203611974719792e-07,1.081923921575005e-08,2.203633054716315e-07,9.824701774125883e-09,2.203640750520276e-07,1.391963094043829e-08,2.203644830699979e-07,1.504649870706219e-08,2.203645670137373e-07,1.599665303249104e-08,2.2036458690441e-07,1.797877653872773e-08,2.203645865132218e-07,1.896754421122428e-08,2.203645792612706e-07
2.957107790929061e-09,7.489664551940661e-05,2.633604034300207e-09,5.802053009311584e-05,2.609864539492008e-09,3.788889600949171e-05,2.742502451455364e-09,1.653997714934556e-05,3.071231894114925e-09,4.959749146909901e-06,3.307915778975764e-09,1.149558806122487e-06,3.87296598523452e-09,3.803275821411885e-07,5.300754208595091e-09,2.468075564599511e-07,9.77767470006677e-09,2.245596138809122e-07,9.886075695854106e-09,2.207769605388684e-07,1.294063079967435e-08,2.203905162718479e-07,1.288934456106474e-08,2.203593343923813e-07,1.184124229562023e-08,2.203612642463974e-07,1.181923921575005e-08,2.203633740219945e-07,1.082470177412588e-08,2.203641389837766e-07,1.491963094043829e-08,2.203644828474266e-07,1.604649870706219e-08,2.203645670587473e-07,1.699665303249103e-08,2.203645869590817e-07,1.897877653872773e-08,2.203645865591265e-07,1.996754421122428e-08,2.203645793049194e-07
3.081322581068514e-09,6.452490184261601e-05,2.728716518922567e-09,5.376752888579418e-05,2.705237416535635e-09,3.586540413572369e-05,2.857218530463424e-09,1.69653006843358e-05,3.193122384276767e-09,5.278002793917234e-06,3.464923007436431e-09,1.212414199970005e-06,4.148015271185979e-09,3.917191812016954e-07,5.85513819156726e-09,2.484918361293156e-07,1.077767470006677e-08,2.247322197239868e-07,1.088607569585411e-08,2.207866456028729e-07,1.394063079967435e-08,2.203907921148016e-07,1.388934456106474e-08,2.203593225799921e-07,1.284124229562023e-08,2.203612667486176e-07,1.281923921575005e-08,2.203633796094181e-07,1.182470177412588e-08,2.203642051888459e-07,1.591963094043829e-08,2.203644828717973e-07,1.704649870706219e-08,2.203645671096794e-07,1.799665303249103e-08,2.20364587005801e-07,1.997877653872773e-08,2.203645866088879e-07,2.096754421122427e-08,2.203645793473779e-07
3.192438415703921e-09,5.437120136256199e-05,2.831340600936408e-09,4.981018975884148e-05,2.807444978583312e-09,3.396073481339593e-05,2.959924058327727e-09,1.728614001148506e-05,3.320715412514336e-09,5.606618224963035e-06,3.630382003643175e-09,1.281989199615529e-06,4.428400416992633e-09,4.035689183300926e-07,6.422365200458176e-09,2.503205075716249e-07,1.177767470006677e-08,2.249468755266594e-07,1.188607569585411e-08,2.207963214740714e-07,1.494063079967435e-08,2.20391067780983e-07,1.488934456106474e-08,2.203593117365926e-07,1.384124229562023e-08,2.203612621529299e-07,1.381923921575005e-08,2.203633778381715e-07,1.282470177412588e-08,2.203642108754886e-07,1.691963094043829e-08,2.203644829035187e-07,1.804649870706219e-08,2.203645671518508e-07,1.899665303249103e-08,2.203645870467394e-07,2.097877653872772e-08,2.203645866467365e-07,2.196754421122427e-08,2.203645793885034e-07
3.302307591557099e-09,4.2815181122226e-05,2.922849406559914e-09,4.670751340351202e-05,2.898608607387713e-09,3.242035255342875e-05,3.060510200518457e-09,1.752430457383408e-05,3.454210741982815e-09,5.943209955636456e-06,3.804500676523079e-09,1.358595992102228e-06,4.713926126732745e-09,4.160635505519063e-07,7.001543533491526e-09,2.522938258222283e-07,1.277767470006677e-08,2.2516927119033e-07,1.288607569585411e-08,2.20805960943705e-07,1.594063079967435e-08,2.203913422830746e-07,1.588934456106474e-08,2.203593009269352e-07,1.484124229562023e-08,2.20361258559988e-07,1.481923921575005e-08,2.203633770234226e-07,1.382470177412589e-08,2.203642095741612e-07,1.791963094043829e-08,2.203644829166612e-07,1.904649870706219e-08,2.203645671821809e-07,1.999665303249103e-08,2.2036458711451e-07,2.197877653872772e-08,2.203645866924206e-07,2.296754421122427e-08,2.203645794455049e-07
3.42097806600674e-09,2.777592748605769e-05,3.042803839041311e-09,4.310827163331816e-05,3.016514266408737e-09,3.05883161195352e-05,3.167260208089996e-09,1.768510665059951e-05,3.593773396975887e-09,6.283832400043952e-06,3.98790142692939e-09,1.442844540237324e-06,5.004497421302685e-09,4.29352499650168e-07,7.592547821256029e-09,2.543997767889862e-07,1.377767470006677e-08,2.253963930603695e-07,1.388607569585411e-08,2.208156252587914e-07,1.694063079967435e-08,2.203916153749966e-07,1.688934456106474e-08,2.203592899951361e-07,1.584124229562023e-08,2.203612553018497e-07,1.581923921575005e-08,2.20363376524652e-07,1.482470177412589e-08,2.20364209215115e-07,1.891963094043829e-08,2.203644829450305e-07,2.004649870706218e-08,2.20364567221848e-07,2.099665303249103e-08,2.2036458715486e-07,2.297877653872772e-08,2.203645867334754e-07,2.396754421122427e-08,2.2036457949407e-07
3.545952745597709e-09,7.969833410681168e-06,3.150095090228458e-09,4.02450554376577e-05,3.122030820498355e-09,2.907793815125882e-05,3.278355386822975e-09,1.77553113267158e-05,3.739791158210876e-09,6.623673825964483e-06,4.181032721956283e-09,1.535346954594943e-06,5.300025284420544e-09,4.435264070008219e-07,8.195226489858747e-09,2.566452718486171e-07,1.477767470006677e-08,2.256297832013998e-07,1.488607569585411e-08,2.208253145520287e-07,1.794063079967435e-08,2.203918870356527e-07,1.788934456106474e-08,2.203592789444201e-07,1.684124229562023e-08,2.20361252053184e-07,1.681923921575005e-08,2.203633760427459e-07,1.582470177412589e-08,2.203642091627966e-07,1.991963094043829e-08,2.203644829678943e-07,2.104649870706218e-08,2.203645672582194e-07,2.199665303249103e-08,2.203645872056617e-07,2.397877653872772e-08,2.203645867821853e-07,2.496754421122427e-08,2.203645795284567e-07
3.677163380434866e-09,-1.915758291236722e-05,3.256128703146428e-09,3.767115055246938e-05,3.226039344248241e-09,2.769313524152336e-05,3.394045408729462e-09,1.773152149451965e-05,3.89264092147176e-09,6.956718615968316e-06,4.384157959696257e-09,1.636626612334839e-06,5.608246166630208e-09,4.590299439991898e-07,8.809441418614192e-09,2.590421487173376e-07,1.577767470006677e-08,2.258700260386044e-07,1.588607569585411e-08,2.208350128143791e-07,1.894063079967435e-08,2.203921572967782e-07,1.888934456106474e-08,2.203592677857116e-07,1.784124229562023e-08,2.203612487626198e-07,1.781923921575005e-08,2.203633755511469e-07,1.682470177412588e-08,2.20364209094737e-07,2.091963094043829e-08,2.203644829679889e-07,2.204649870706218e-08,2.203645673099506e-07,2.299665303249103e-08,2.20364587246331e-07,2.497877653872772e-08,2.203645868374527e-07,2.596754421122427e-08,2.203645795885269e-07
3.815901532119059e-09,-5.599810450267294e-05,3.370598128202137e-09,3.510764292790694e-05,3.337720518472767e-09,2.630988194623095e-05,3.515739639745171e-09,1.761240930579809e-05,4.052722404921312e-09,7.276071028577644e-06,4.59756809967125e-09,1.747289652439882e-06,5.93275828072199e-09,4.762029121428361e-07,9.435124410812284e-09,2.616038544110741e-07,1.677767470006677e-08,2.261174397012377e-07,1.688607569585411e-08,2.208446941780334e-07,1.994063079967435e-08,2.203924261323247e-07,1.988934456106474e-08,2.203592565212863e-07,1.884124229562023e-08,2.203612454824093e-07,1.881923921575005e-08,2.203633750570438e-07,1.782470177412588e-08,2.203642090323509e-07,2.191963094043829e-08,2.203644829873161e-07,2.304649870706218e-08,2.203645673401017e-07,2.399665303249103e-08,2.203645872889769e-07,2.597877653872772e-08,2.203645868855466e-07,2.696754421122427e-08,2.203645796401716e-07
3.962121837272457e-09,-0.0001064836140972114,3.491336615951453e-09,3.25725503955926e-05,3.455011857974094e-09,2.496357257334909e-05,3.643911628593587e-09,1.739952541699452e-05,4.220510742046108e-09,7.578399515131294e-06,4.821619034952299e-09,1.867567874370617e-06,6.274335739026505e-09,4.952859068253154e-07,1.00722101478884e-08,2.643451248034959e-07,1.777767470006677e-08,2.263723641560981e-07,1.788607569585411e-08,2.20848664319076e-07,2.094063079967435e-08,2.203926934867231e-07,2.088934456106474e-08,2.203592451257436e-07,1.984124229562023e-08,2.20361242204028e-07,1.981923921575005e-08,2.203633745810357e-07,1.882470177412588e-08,2.203642089907341e-07,2.291963094043829e-08,2.203644830117223e-07,2.404649870706218e-08,2.203645673823879e-07,2.499665303249103e-08,2.203645873335475e-07,2.697877653872772e-08,2.203645869343655e-07,2.796754421122427e-08,2.203645796685253e-07
4.115499516466864e-09,-0.0001765425618576708,3.618607463310261e-09,3.000510298565589e-05,3.578168259576603e-09,2.365740494887065e-05,3.778961006361877e-09,1.709808518384808e-05,4.396544036118676e-09,7.849230287912875e-06,5.056668624912915e-09,1.997281901571823e-06,6.634169225159118e-09,5.165494228786018e-07,1.073502690498793e-08,2.67342467962575e-07,1.877767470006677e-08,2.266351782716245e-07,1.888607569585411e-08,2.208645073643754e-07,2.194063079967435e-08,2.203929593894406e-07,2.188934456106474e-08,2.203592336254911e-07,2.084124229562022e-08,2.203612389037006e-07,2.081923921575004e-08,2.20363374075147e-07,1.982470177412588e-08,2.203642089181253e-07,2.391963094043828e-08,2.203644830289746e-07,2.504649870706218e-08,2.20364567422784e-07,2.599665303249103e-08,2.203645873832012e-07,2.797877653872772e-08,2.203645869641282e-07,2.896754421122427e-08,2.203645797350704e-07
4.275805762484708e-09,-0.0002747752383131893,3.754114855463143e-09,2.729014207391813e-05,3.708790371053109e-09,2.238092179735365e-05,3.921488358694185e-09,1.671573608413668e-05,4.58140494230585e-09,8.081143635943427e-06,5.303074188263925e-09,2.136223281587207e-06,7.013301023683658e-09,5.402847208283685e-07,1.143247155726922e-08,2.706725511086358e-07,1.977767470006677e-08,2.269062889276651e-07,1.98860756958541e-08,2.208832804154374e-07,2.294063079967435e-08,2.203932237899517e-07,2.288934456106474e-08,2.20359222044726e-07,2.184124229562022e-08,2.203612355854774e-07,2.181923921575004e-08,2.20363373574002e-07,2.082470177412588e-08,2.203642088441637e-07,2.491963094043828e-08,2.203644830446128e-07,2.604649870706218e-08,2.203645674571953e-07,2.699665303249102e-08,2.203645874424895e-07,2.897877653872772e-08,2.203645870191143e-07,2.996754421122427e-08,2.203645797662233e-07
4.438136427632561e-09,-0.000410782695042693,3.898448534240482e-09,2.429398432776736e-05,3.847435039281696e-09,2.113538285815708e-05,4.072072734231459e-09,1.626222838469205e-05,4.775734288128946e-09,8.271365407984653e-06,5.561301768134402e-09,2.283737297781914e-06,7.412407865599153e-09,5.667908651344209e-07,1.216679175262504e-08,2.74392698041355e-07,2.077767470006677e-08,2.271861260238625e-07,2.08860756958541e-08,2.208867105312325e-07,2.394063079967435e-08,2.203934867189082e-07,2.388934456106473e-08,2.203592103099954e-07,2.284124229562022e-08,2.203612322909924e-07,2.281923921575004e-08,2.203633730883063e-07,2.182470177412588e-08,2.203642087811612e-07,2.591963094043828e-08,2.203644830660178e-07,2.704649870706218e-08,2.203645675082532e-07,2.799665303249102e-08,2.203645874583528e-07,2.997877653872772e-08,2.203645870711052e-07,3.096754421122427e-08,2.203645798143031e-07
4.592409185046369e-09,-0.0005898935233070279,4.052091017404264e-09,2.082286175492834e-05,3.99458360163284e-09,1.992121212381102e-05,4.231293504986198e-09,1.574870877611272e-05,4.980233108565274e-09,8.413659931893553e-06,5.831915058371222e-09,2.438687440089729e-06,7.832158118344407e-09,5.96394403756064e-07,1.294047832677092e-08,2.785636637859668e-07,2.177767470006677e-08,2.274751402219332e-07,2.18860756958541e-08,2.208964805654925e-07,2.494063079967435e-08,2.203937481135144e-07,2.488934456106473e-08,2.203591984630391e-07,2.384124229562022e-08,2.203612289882023e-07,2.381923921575004e-08,2.203633725730879e-07,2.282470177412588e-08,2.203642087180548e-07,2.691963094043828e-08,2.203644830734273e-07,2.804649870706218e-08,2.203645675336772e-07,2.899665303249102e-08,2.203645875153727e-07,3.097877653872772e-08,2.203645871253263e-07,3.196754421122427e-08,2.20364579854786e-07
4.738081416175255e-09,-0.0008264391082663199,4.215744073441831e-09,1.658900524959904e-05,4.150961898028714e-09,1.873465594000929e-05,4.399785534511977e-09,1.518680805441187e-05,5.195652401608643e-09,8.503748358217246e-06,6.115571044818394e-09,2.599412358053127e-06,8.273286095520371e-09,6.294959054641698e-07,1.375596862590645e-08,2.832560909141304e-07,2.277767470006677e-08,2.277738008016997e-07,2.28860756958541e-08,2.209067518721146e-07,2.594063079967434e-08,2.203940079401902e-07,2.588934456106473e-08,2.203591865371299e-07,2.484124229562022e-08,2.203612256740658e-07,2.481923921575004e-08,2.203633720963381e-07,2.382470177412588e-08,2.203642086678913e-07,2.791963094043828e-08,2.20364483095609e-07,2.904649870706218e-08,2.203645675762586e-07,2.999665303249102e-08,2.203645875642928e-07,3.197877653872772e-08,2.203645871605277e-07,3.296754421122428e-08,2.203645799010382e-07
4.876578573711852e-09,-0.001144974166522926,4.390024923550215e-09,1.118118930387019e-05,4.317283382103048e-09,1.756931084711246e-05,4.578229823091354e-09,1.458797986644535e-05,5.422796274955256e-09,8.539311134857352e-06,6.413035407021156e-09,2.763700078935106e-06,8.736649575291116e-09,6.662698543609699e-07,1.461496652367934e-08,2.88548663251944e-07,2.377767470006677e-08,2.280825934442102e-07,2.38860756958541e-08,2.209168981486032e-07,2.694063079967434e-08,2.203942662097161e-07,2.688934456106473e-08,2.203591744668006e-07,2.584124229562022e-08,2.203612223476756e-07,2.581923921575004e-08,2.203633716079033e-07,2.482470177412588e-08,2.20364208590774e-07,2.891963094043828e-08,2.203644831036048e-07,3.004649870706218e-08,2.20364567629656e-07,3.099665303249103e-08,2.203645876188491e-07,3.297877653872773e-08,2.203645872048608e-07,3.396754421122428e-08,2.203645799381527e-07
5.0085113748898e-09,-0.001581182990519709,4.575445337900233e-09,4.021454138802752e-06,4.494270753207939e-09,1.641452037376658e-05,4.767352788407653e-09,1.396294159721107e-05,5.662525765912105e-09,8.519934093396402e-06,6.725186659213069e-09,2.92879022880217e-06,9.22303163920643e-09,7.070317256550873e-07,1.551907884668432e-08,2.945295165591335e-07,2.477767470006677e-08,2.284020180958107e-07,2.48860756958541e-08,2.209271048339481e-07,2.794063079967434e-08,2.20394522850412e-07,2.788934456106473e-08,2.203591622761958e-07,2.684124229562022e-08,2.203612190110313e-07,2.681923921575004e-08,2.203633710938961e-07,2.582470177412588e-08,2.203642085252428e-07,2.991963094043828e-08,2.203644831425515e-07,3.104649870706218e-08,2.20364567651876e-07,3.199665303249103e-08,2.203645876507697e-07,3.397877653872773e-08,2.203645872591931e-07,3.496754421122428e-08,2.203645799830831e-07
5.134741589753574e-09,-0.002190499489764075,4.772422209723359e-09,-5.769913049724238e-06,4.682718175246553e-09,1.525298622450941e-05,4.967936400002821e-09,1.332121096630258e-05,5.915761711476462e-09,8.447077768353247e-06,7.053014650673096e-09,3.091417143327946e-06,9.73335783251785e-09,7.520396561667495e-07,1.647002244286803e-08,3.01319759485134e-07,2.577767470006676e-08,2.287325865068981e-07,2.58860756958541e-08,2.209374108112797e-07,2.894063079967434e-08,2.203947778395202e-07,2.888934456106473e-08,2.203591499838067e-07,2.784124229562022e-08,2.20361215668533e-07,2.781923921575004e-08,2.203633706145503e-07,2.682470177412587e-08,2.203642084602841e-07,3.091963094043828e-08,2.203644831446477e-07,3.204649870706218e-08,2.203645676882939e-07,3.299665303249103e-08,2.203645876935632e-07,3.497877653872773e-08,2.203645873135662e-07,3.596754421122428e-08,2.2036458004073e-07
5.256079762340731e-09,-0.003058825395317407,4.98119441156326e-09,-1.919497815529988e-05,4.883477101674848e-09,1.405798424117659e-05,5.180823441113329e-09,1.267078248404971e-05,6.183489716968177e-09,8.32390660684545e-06,7.397619287570574e-09,3.247904041116839e-06,1.026875360936571e-08,8.014551128539173e-07,1.74697623745586e-08,3.090013725746821e-07,2.677767470006676e-08,2.290748198032758e-07,2.68860756958541e-08,2.209478101215633e-07,2.994063079967434e-08,2.203950311487823e-07,2.988934456106473e-08,2.203591375798707e-07,2.884124229562022e-08,2.203612123473156e-07,2.881923921575004e-08,2.203633701121616e-07,2.782470177412587e-08,2.203642084138987e-07,3.191963094043829e-08,2.203644831765355e-07,3.304649870706219e-08,2.203645677302103e-07,3.399665303249103e-08,2.203645877395766e-07,3.597877653872773e-08,2.203645873442055e-07,3.696754421122429e-08,2.203645800889717e-07
5.372912869213372e-09,-0.004314368546857183,5.20175629534425e-09,-3.766523226311382e-05,5.097449127517803e-09,1.278907855849142e-05,5.406921927952999e-09,1.201789717646793e-05,6.466766506369406e-09,8.154985025651828e-06,7.760208154542991e-09,3.394311005336069e-06,1.083051495163609e-08,8.55325834167131e-07,1.84697623745586e-08,3.172872972497823e-07,2.777767470006676e-08,2.294292460737857e-07,2.78860756958541e-08,2.209582975018438e-07,3.094063079967434e-08,2.203952827173588e-07,3.088934456106473e-08,2.203591250599032e-07,2.984124229562022e-08,2.203612089884756e-07,2.981923921575004e-08,2.203633696120183e-07,2.882470177412587e-08,2.20364208356377e-07,3.291963094043829e-08,2.203644831731557e-07,3.404649870706219e-08,2.203645677853785e-07,3.499665303249104e-08,2.20364587797808e-07,3.697877653872774e-08,2.203645874070627e-07,3.796754421122429e-08,2.203645801392472e-07
5.472999455386033e-09,-0.005897608770193644,5.433821462763033e-09,-6.32570115990389e-05,5.325587658297347e-09,1.138577956522132e-05,5.647211104720302e-09,1.136684701680378e-05,6.766726910881949e-09,7.945885782079576e-06,8.142093839059155e-09,3.528077768481058e-06,1.142013298710293e-08,9.135513447471135e-07,1.94697623745586e-08,3.261616750054711e-07,2.877767470006676e-08,2.297963979250073e-07,2.88860756958541e-08,2.209688706689862e-07,3.194063079967434e-08,2.203955324843447e-07,3.188934456106474e-08,2.203591124216821e-07,3.084124229562022e-08,2.203612056494769e-07,3.081923921575004e-08,2.203633691066983e-07,2.982470177412587e-08,2.203642082729746e-07,3.391963094043829e-08,2.203644832077721e-07,3.504649870706219e-08,2.203645678105199e-07,3.599665303249104e-08,2.203645878356955e-07,3.797877653872774e-08,2.203645874575757e-07,3.896754421122429e-08,2.203645801899616e-07
5.555636657063913e-09,-0.007721472992724311,5.676827329651281e-09,-9.878931143997928e-05,5.568887232196882e-09,9.758551024549838e-06,5.902747513805739e-09,1.071975465791556e-05,7.084591581190396e-09,7.70275971782091e-06,8.544698266395438e-09,3.641886973667309e-06,1.203931677053251e-08,9.758443603043688e-07,2.04697623745586e-08,3.356187725791467e-07,2.977767470006676e-08,2.301768098693429e-07,2.98860756958541e-08,2.209795286818096e-07,3.294063079967435e-08,2.203957803999165e-07,3.288934456106474e-08,2.203590996566159e-07,3.184124229562022e-08,2.203612022758607e-07,3.181923921575004e-08,2.203633686282942e-07,3.082470177412588e-08,2.203642082181056e-07,3.491963094043829e-08,2.203644832200377e-07,3.604649870706219e-08,2.203645678477175e-07,3.699665303249104e-08,2.203645878698944e-07,3.897877653872774e-08,2.203645874857216e-07,3.996754421122429e-08,2.203645802276814e-07
5.61704277560017e-09,-0.009481389490106851,5.93002932127026e-09,-0.0001485715361235181,5.82836120486803e-09,7.776330972798874e-06,6.174670911061031e-09,1.007625006005278e-05,7.421675349265247e-09,7.431911472303411e-06,8.969531770938465e-09,3.734728180302636e-06,1.268999816653858e-08,1.041691675255071e-06,2.146976237455859e-08,3.456606294874866e-07,3.077767470006676e-08,2.305710161178324e-07,3.08860756958541e-08,2.209902713454691e-07,3.394063079967435e-08,2.203960263830466e-07,3.388934456106474e-08,2.203590867922012e-07,3.284124229562022e-08,2.20361198927773e-07,3.281923921575004e-08,2.20363368132612e-07,3.182470177412588e-08,2.203642081507665e-07,3.59196309404383e-08,2.20364483227374e-07,3.704649870706219e-08,2.203645678911725e-07,3.799665303249104e-08,2.203645879479596e-07,3.997877653872774e-08,2.20364587529509e-07,4.09675442112243e-08,2.203645802716486e-07
5.708423189531197e-09,-0.01295892452676608,6.176785558122751e-09,-0.0002146444936134904,6.10500546362879e-09,5.249751980455907e-06,6.46421011699616e-09,9.432946042272102e-06,7.779396103667511e-09,7.139414411106335e-06,9.418225985371961e-09,3.803601196722439e-06,1.337433482134233e-08,1.110320657425424e-06,2.246976237455859e-08,3.562751891138518e-07,3.177767470006677e-08,2.309795480167169e-07,3.18860756958541e-08,2.210010990040243e-07,3.494063079967435e-08,2.203962703166523e-07,3.488934456106474e-08,2.203590738044434e-07,3.384124229562023e-08,2.203611955639341e-07,3.381923921575005e-08,2.203633676269078e-07,3.282470177412588e-08,2.203642080966203e-07,3.69196309404383e-08,2.203644832644193e-07,3.80464987070622e-08,2.203645679321002e-07,3.899665303249105e-08,2.203645879865492e-07,4.097877653872775e-08,2.203645875695024e-07,4.19675442112243e-08,2.203645803128105e-07
5.79952215197615e-09,-0.01771341194075157,6.410177323877708e-09,-0.0003004211089144383,6.399740126504402e-09,1.90943065702802e-06,6.772688257893749e-09,8.782588869843968e-06,8.159284159152017e-09,6.8307820620355e-06,9.892525723900395e-09,3.846523052789231e-06,1.409471149882493e-08,1.180678108650426e-06,2.346976237455859e-08,3.674393465074646e-07,3.277767470006677e-08,2.314029319539526e-07,3.28860756958541e-08,2.210120124366469e-07,3.594063079967435e-08,2.203965121428642e-07,3.588934456106475e-08,2.203590607122441e-07,3.484124229562023e-08,2.203611921712154e-07,3.481923921575005e-08,2.203633671316643e-07,3.382470177412588e-08,2.203642080317794e-07,3.79196309404383e-08,2.203644832623048e-07,3.90464987070622e-08,2.203645679734887e-07,3.999665303249105e-08,2.203645880378452e-07,4.197877653872775e-08,2.203645876374022e-07,4.29675442112243e-08,2.20364580360582e-07
5.885910750543072e-09,-0.02365484339427614,6.632088675975356e-09,-0.0004135439664673457,6.713323469363362e-09,-2.640873811959453e-06,7.101526508388487e-09,8.112719370230781e-06,8.562992123788283e-09,6.510696301209097e-06,1.039429522519073e-08,3.862562483671886e-06,1.485373840990161e-08,1.251429076610257e-06,2.446976237455859e-08,3.791207988189835e-07,3.377767470006677e-08,2.318416870376818e-07,3.388607569585411e-08,2.210230127652213e-07,3.694063079967436e-08,2.203967517126467e-07,3.688934456106475e-08,2.203590474835447e-07,3.584124229562023e-08,2.203611887833452e-07,3.581923921575005e-08,2.203633666197319e-07,3.482470177412589e-08,2.203642079681731e-07,3.89196309404383e-08,2.203644832916456e-07,4.00464987070622e-08,2.203645680110347e-07,4.099665303249105e-08,2.203645880664795e-07,4.297877653872775e-08,2.203645876926156e-07,4.39675442112243e-08,2.203645804088848e-07
5.97436835584803e-09,-0.0313639412041237,6.844088985134225e-09,-0.0005658295057700223,7.046236625697742e-09,-8.897191028809726e-06,7.452244961527987e-09,7.403622279543974e-06,8.992305233152296e-09,6.182776686525239e-06,1.092553341264427e-08,3.851786541756645e-06,1.565424934977181e-08,1.320983093389905e-06,2.546976237455859e-08,3.912786685935792e-07,3.477767470006677e-08,2.322963232066635e-07,3.488607569585411e-08,2.210341013607627e-07,3.794063079967436e-08,2.203969888769035e-07,3.788934456106475e-08,2.203590341518206e-07,3.684124229562023e-08,2.203611854086334e-07,3.681923921575005e-08,2.203633661276388e-07,3.582470177412589e-08,2.203642078969148e-07,3.991963094043831e-08,2.203644833049382e-07,4.10464987070622e-08,2.203645680662967e-07,4.199665303249105e-08,2.203645881142256e-07,4.397877653872775e-08,2.203645877283643e-07,4.49675442112243e-08,2.203645804570408e-07
6.073590847539046e-09,-0.04201044714697194,7.047585507621359e-09,-0.000775634800563139,7.39855808801312e-09,-1.754699991562549e-05,7.826458321732207e-09,6.625265012240969e-06,9.449152060586192e-09,5.849361396782899e-06,1.148838700258106e-08,3.815193596969211e-06,1.649930169443796e-08,1.387552611209146e-06,2.646976237455859e-08,4.038639562777722e-07,3.577767470006678e-08,2.327690476761283e-07,3.588607569585411e-08,2.210452798684433e-07,3.894063079967436e-08,2.20397223455685e-07,3.888934456106475e-08,2.203590206991767e-07,3.784124229562023e-08,2.20361182014851e-07,3.781923921575005e-08,2.20363365612275e-07,3.682470177412589e-08,2.20364207846111e-07,4.091963094043831e-08,2.20364483315707e-07,4.204649870706221e-08,2.203645680973408e-07,4.299665303249106e-08,2.2036458815306e-07,4.497877653872775e-08,2.203645877702447e-07,4.596754421122431e-08,2.203645805051582e-07
6.115650653576259e-09,-0.04713675249372958,7.244306985623126e-09,-0.001073038903319396,7.769852021006846e-09,-2.955699063522064e-05,8.225862717663755e-09,5.73283383632582e-06,9.935615383056681e-09,5.511257512149621e-06,1.208516517691431e-08,3.75457027534399e-06,1.739217934594473e-08,1.449243463563403e-06,2.746976237455859e-08,4.168201460234489e-07,3.677767470006678e-08,2.332613586920968e-07,3.688607569585411e-08,2.210565500869883e-07,3.994063079967436e-08,2.203974552573231e-07,3.988934456106476e-08,2.203590071429004e-07,3.884124229562024e-08,2.203611786209081e-07,3.881923921575006e-08,2.203633651150386e-07,3.782470177412589e-08,2.203642077762658e-07,4.191963094043831e-08,2.203644833424593e-07,4.304649870706221e-08,2.203645681318575e-07,4.399665303249106e-08,2.203645882141768e-07,4.597877653872776e-08,2.203645878327741e-07,4.696754421122431e-08,2.203645805437342e-07
6.199770265650684e-09,-0.05833814819950712,7.435562904059271e-09,-0.001507510752278673,8.159128558743465e-09,-4.622918573029885e-05,8.652207927209011e-09,4.660376005797591e-06,1.045394274735844e-08,5.167405052329234e-06,1.27183567148539e-08,3.672289481395457e-06,1.833639970938743e-08,1.504387265994313e-06,2.846976237455859e-08,4.300840361362289e-07,3.777767470006678e-08,2.337663173348515e-07,3.788607569585412e-08,2.210679139499027e-07,4.094063079967437e-08,2.203976839853519e-07,4.088934456106476e-08,2.203589934489799e-07,3.984124229562024e-08,2.203611752078349e-07,3.981923921575006e-08,2.203633646302228e-07,3.88247017741259e-08,2.203642077172364e-07,4.291963094043831e-08,2.20364483343696e-07,4.404649870706221e-08,2.203645681648814e-07,4.499665303249106e-08,2.203645882559516e-07,4.697877653872776e-08,2.203645878615584e-07,4.796754421122431e-08,2.2036458059446e-07
6.296996214231257e-09,-0.07257210595672051,7.622095094037713e-09,-0.00216112743288247,8.5649533631004e-09,-6.946507337040734e-05,9.107246654456795e-09,3.311973015317894e-06,1.10065558910924e-08,4.814382725426836e-06,1.339064809098649e-08,3.571075476228925e-06,1.933573000972468e-08,1.550741463203322e-06,2.946976237455859e-08,4.435867870949423e-07,3.877767470006678e-08,2.342892326127093e-07,3.888607569585412e-08,2.210793735087074e-07,4.194063079967437e-08,2.20397909342949e-07,4.188934456106476e-08,2.203589796392032e-07,4.084124229562024e-08,2.203611717925399e-07,4.081923921575006e-08,2.203633641239092e-07,3.98247017741259e-08,2.203642076463219e-07,4.391963094043831e-08,2.203644833706652e-07,4.504649870706221e-08,2.203645682172729e-07,4.599665303249106e-08,2.203645882868041e-07,4.797877653872776e-08,2.203645879245632e-07,4.896754421122431e-08,2.203645806494097e-07
6.382191779964122e-09,-0.08592346262391967,7.804159580024632e-09,-0.003170134038530521,8.968442158904435e-09,-0.0001006702421417188,9.592649648507485e-09,1.549832854227291e-06,1.159605753460991e-08,4.445660804119328e-06,1.410494236899789e-08,3.453759232545072e-06,2.033573000972468e-08,1.585431340655632e-06,3.046976237455859e-08,4.572551514350462e-07,3.977767470006678e-08,2.348307948993782e-07,3.988607569585412e-08,2.21090930986301e-07,4.294063079967437e-08,2.203981309451247e-07,4.288934456106476e-08,2.203589657254062e-07,4.184124229562024e-08,2.203611683941426e-07,4.181923921575006e-08,2.203633636194873e-07,4.08247017741259e-08,2.2036420759349e-07,4.491963094043832e-08,2.203644833860276e-07,4.604649870706222e-08,2.203645682588715e-07,4.699665303249106e-08,2.203645883461168e-07,4.897877653872776e-08,2.203645879692072e-07,4.996754421122432e-08,2.203645806891496e-07
6.468313804272586e-09,-0.1000147936014859,7.966837514174707e-09,-0.004589225227257127,9.350935480578332e-09,-0.0001408628433507824,1.01098739674248e-08,-8.250686546658531e-07,1.222523302917295e-08,4.05047494023108e-06,1.486437895579602e-08,3.323040416265921e-06,2.133573000972468e-08,1.609176123255537e-06,3.146976237455859e-08,4.710128355556676e-07,4.077767470006679e-08,2.353911673811898e-07,4.088607569585412e-08,2.211025886477853e-07,4.394063079967437e-08,2.203983482856819e-07,4.388934456106476e-08,2.203589516917036e-07,4.284124229562025e-08,2.203611649524237e-07,4.281923921575007e-08,2.203633631326607e-07,4.18247017741259e-08,2.203642075230394e-07,4.591963094043832e-08,2.203644834023286e-07,4.704649870706222e-08,2.20364568286023e-07,4.799665303249107e-08,2.203645884037055e-07,4.997877653872777e-08,2.203645880266406e-07,5.050877210561216e-08,2.203645807176675e-07
6.557253468858136e-09,-0.1149712631256676,8.099570131689259e-09,-0.006314763277367617,9.713670788060436e-09,-0.0001930413667479571,1.065997444993151e-08,-4.086942022548716e-06,1.289704271065957e-08,3.612151466237491e-06,1.567235396712411e-08,3.181262793270575e-06,2.233573000972468e-08,1.622984902289745e-06,3.246976237455859e-08,4.847819361134292e-07,4.177767470006679e-08,2.359706411267434e-07,4.188607569585413e-08,2.211143488555852e-07,4.494063079967438e-08,2.20394696833113e-07,4.488934456106477e-08,2.203589375407426e-07,4.384124229562025e-08,2.203611615320594e-07,4.381923921575007e-08,2.203633626039119e-07,4.282470177412591e-08,2.203642074644242e-07,4.691963094043832e-08,2.203644834316543e-07,4.804649870706222e-08,2.20364568322381e-07,4.899665303249107e-08,2.203645884323549e-07,5.051833563776388e-08,2.203645880349526e-07,5.105e-08,2.203645807348324e-07
6.649676771617669e-09,-0.1307065143644515,8.208020978155548e-09,-0.008269095768208907,1.006042807490839e-08,-0.0002622919662750844,1.124336644674612e-08,-8.597940121300692e-06,1.361459828241078e-08,3.105658502546879e-06,1.653254091963417e-08,3.030199062457767e-06,2.333573000972468e-08,1.628024455878184e-06,3.34697623745586e-08,4.98484391655412e-07,4.277767470006679e-08,2.365695693382032e-07,4.288607569585413e-08,2.211262141400454e-07,4.594063079967438e-08,2.204001040552728e-07,4.588934456106477e-08,2.203589232579218e-07,4.484124229562025e-08,2.2036115809638e-07,4.481923921575007e-08,2.203633621237105e-07,4.382470177412591e-08,2.203642073955985e-07,4.791963094043832e-08,2.2036448344434e-07,4.904649870706222e-08,2.203645683696547e-07,4.999665303249107e-08,2.203645884793731e-07,5.10578947368e-08,2.203645880613251e-07,5.105048828125e-08,-6.653775394485182e-06
6.746616290763509e-09,-0.1470489576077151,8.298916016386321e-09,-0.01040413574927494,1.039371191885457e-08,-0.0003564509851515652,1.185958063287156e-08,-1.488332770617164e-05,1.438111282711644e-08,2.49408944981067e-06,1.744891129893854e-08,2.870830072710886e-06,2.433573000972468e-08,1.625482509679058e-06,3.44697623745586e-08,5.120433907712261e-07,4.377767470006679e-08,2.371883085068111e-07,4.388607569585413e-08,2.211381870211573e-07,4.694063079967438e-08,2.204006835415489e-07,4.688934456106477e-08,2.203589088853465e-07,4.584124229562025e-08,2.203611546756197e-07,4.581923921575007e-08,2.203633616167711e-07,4.482470177412591e-08,2.203642073172033e-07,4.891963094043833e-08,2.203644834567594e-07,5.004649870706223e-08,2.203645684273718e-07,5.053122125309553e-08,2.203645885090538e-07,5.105838301805e-08,-6.65405110797798e-06,5.105146484375e-08,-1.953418801542886e-05
6.837687635567787e-09,-0.1615949706301004,8.37103311376629e-09,-0.01249128519204112,1.071658617861506e-08,-0.0004885025972565351,1.250708414448066e-08,-2.365000876674003e-05,1.519980899072306e-08,1.723712093260106e-06,1.842575409478631e-08,2.703092224522266e-06,2.533573000972468e-08,1.616497582745683e-06,3.54697623745586e-08,5.253846856275961e-07,4.47776747000668e-08,2.378271958252082e-07,4.488607569585413e-08,2.211502701446735e-07,4.794063079967438e-08,2.203996995716994e-07,4.788934456106477e-08,2.203588943697533e-07,4.684124229562026e-08,2.203611512108016e-07,4.681923921575008e-08,2.203633611053717e-07,4.582470177412591e-08,2.203642072703552e-07,4.991963094043833e-08,2.203644834751448e-07,5.056009145878111e-08,2.203645684253312e-07,5.10657894737e-08,2.203645885336435e-07,5.105935958055e-08,-1.953501189715374e-05,5.105341796875e-08,-4.05668006182166e-05
6.912407119060069e-09,-0.1720543612075131,8.437547955637687e-09,-0.01477562672417071,1.103171080278459e-08,-0.0006800686005187373,1.318332558289321e-08,-3.590861923454498e-05,1.607376406401091e-08,7.171471965009367e-07,1.94257540947863e-08,2.532716311155202e-06,2.633573000972467e-08,1.602115889474959e-06,3.64697623745586e-08,5.384377673243931e-07,4.57776747000668e-08,2.384865433196282e-07,4.588607569585414e-08,2.211624662388776e-07,4.894063079967438e-08,2.203999132758916e-07,4.888934456106478e-08,2.20358879718317e-07,4.784124229562026e-08,2.203611477593277e-07,4.781923921575008e-08,2.203633606173431e-07,4.682470177412591e-08,2.203642071939352e-07,5.050060494391916e-08,2.203644834829933e-07,5.10736842105e-08,2.203645684433127e-07,5.106627775495e-08,-6.654313217899203e-06,5.106131270555001e-08,-4.056869174938916e-05,5.105505183766639e-08,-5.379709469968829e-05
6.971429771649323e-09,-0.178471246238606,8.498799011153094e-09,-0.01721984616772858,1.134094646283828e-08,-0.0009682826007809823,1.38757070777414e-08,-5.292154644226829e-05,1.700566656696276e-08,-6.375016839406314e-07,2.04257540947863e-08,2.361625464051512e-06,2.733573000972467e-08,1.583267664068804e-06,3.746976237455861e-08,5.511368712570647e-07,4.67776747000668e-08,2.391666367634999e-07,4.688607569585414e-08,2.21174778089045e-07,4.994063079967439e-08,2.204001576674803e-07,4.988934456106478e-08,2.203588649896648e-07,4.884124229562026e-08,2.2036114430133e-07,4.881923921575008e-08,2.203633601082881e-07,4.782470177412592e-08,2.203642071373389e-07,5.10815789474e-08,2.203644834974336e-07,5.107417249175e-08,-6.654571081414115e-06,5.106725431745e-08,-1.953583780247097e-05,5.106294657067112e-08,-5.379981550049614e-05,5.105831957549917e-08,-7.106064978581566e-05
7.019609162569665e-09,-0.1817048405957493,8.557305253654665e-09,-0.01988585238600269,1.164544796571077e-08,-0.001418922139937039,1.453362813357113e-08,-7.497051558301496e-05,1.799746177073143e-08,-2.494492554964878e-06,2.14257540947863e-08,2.186914946905786e-06,2.833573000972467e-08,1.560757639690342e-06,3.846976237455861e-08,5.63421791509935e-07,4.77776747000668e-08,2.398677353141539e-07,4.788607569585414e-08,2.211872084925125e-07,5.05308417156372e-08,2.204002877497493e-07,5.050125122788239e-08,2.203588566966299e-07,4.984124229562026e-08,2.203611408351306e-07,4.981923921575008e-08,2.203633596047806e-07,4.882470177412592e-08,2.20364207071297e-07,5.108206722865e-08,-6.654879575224471e-06,5.107514905425e-08,-1.953671844294094e-05,5.106920744245e-08,-4.057075757111455e-05,5.106621430091334e-08,-7.106494871518175e-05,5.106485505116473e-08,-8.215875685235377e-05
7.060757377318248e-09,-0.1823735624969098,8.614170749690554e-09,-0.0228062145129267,1.194568245747605e-08,-0.002150858743095117,1.515389687765533e-08,-0.0001034370260818437,1.899746177073143e-08,-4.921745873008697e-06,2.24257540947863e-08,2.005035375238646e-06,2.933573000972467e-08,1.535265118575733e-06,3.946976237455861e-08,5.752384946861424e-07,4.877767470006681e-08,2.405900706369354e-07,4.888607569585414e-08,2.211997604026206e-07,5.11210526316e-08,2.2040039342355e-07,5.11131578947e-08,2.203588468617296e-07,5.047325272676013e-08,2.203611386774864e-07,5.045830381842504e-08,2.203633592670855e-07,4.982470177412592e-08,2.203642070174658e-07,5.108304379115e-08,-1.953791672024737e-05,5.107710217925001e-08,-4.0573173719481e-05,5.107084130436156e-08,-5.380298543712941e-05,5.107274976139779e-08,-8.216667727426174e-05,5.107792600249583e-08,-6.937497459324113e-05
7.097532228165253e-09,-0.1807804711489395,8.67018645623894e-09,-0.02601236539582351,1.22379313101342e-08,-0.003358414533061739,1.57452239426815e-08,-0.000140981321178247,1.999746177073143e-08,-8.060838208370247e-06,2.34257540947863e-08,1.811882455245642e-06,3.033573000972467e-08,1.507350039988498e-06,4.046976237455861e-08,5.865395337578407e-07,4.977767470006681e-08,2.41333845859994e-07,4.988607569585414e-08,2.212124367470685e-07,5.112154091285e-08,-6.719870777088117e-06,5.111364617595e-08,-6.673463599388015e-06,5.11052631579e-08,2.203611364724775e-07,5.10973684211e-08,2.203633589617244e-07,5.045708772916296e-08,2.203642069768793e-07,5.108499691615e-08,-4.057680312437427e-05,5.107873603908273e-08,-5.380691794237965e-05,5.107410902818466e-08,-7.10704722992859e-05,5.108582068236669e-08,-6.938588163527021e-05,5.109472738486861e-08,-4.023974639840908e-05
7.131805276202455e-09,-0.1769514917252535,8.725961255075186e-09,-0.02953519931907838,1.247594767178884e-08,-0.004959112031533604,1.631188023433914e-08,-0.0001916048995048917,2.099746177073143e-08,-1.209848203077123e-05,2.44257540947863e-08,1.602835000877915e-06,3.133573000972468e-08,1.477462392439666e-06,4.146976237455861e-08,5.972842708613534e-07,5.04572584026834e-08,2.418635412563485e-07,5.050751153212707e-08,2.212212816292006e-07,5.112251747535e-08,-1.976145572883943e-05,5.111462273845e-08,-1.961257814146007e-05,5.110575143915e-08,-6.660166042329669e-06,5.109785670235e-08,-6.656578957734415e-06,5.10894736842e-08,2.203642069287678e-07,5.108663077596299e-08,-5.381315182003552e-05,5.108200375874819e-08,-7.107785853385464e-05,5.108064447583087e-08,-8.217827554577048e-05,5.110261813614093e-08,-4.025407102036221e-05,5.111606655233238e-08,-2.251795431502375e-05
7.164833883320441e-09,-0.1706931287045643,8.782102410463064e-09,-0.03341292968430843,1.26639254320946e-08,-0.006830764435805167,1.685927591723544e-08,-0.0002618996830673511,2.199746177073143e-08,-1.727490228289186e-05,2.54257540947863e-08,1.372761934542075e-06,3.233573000972468e-08,1.445953119061296e-06,4.246976237455862e-08,6.074389248700767e-07,5.11368421053e-08,2.423900765575924e-07,5.11289473684e-08,2.212286889032488e-07,5.112447060035001e-08,-4.124311858192522e-05,5.111657586345001e-08,-4.081227905523002e-05,5.110672800165e-08,-1.956241097992572e-05,5.109883326485e-08,-1.954572481959487e-05,5.108996196545e-08,-6.655334002756609e-06,5.108989849558895e-08,-7.109028469168984e-05,5.10885391980791e-08,-8.219510197760409e-05,5.109371537112328e-08,-6.940340974034196e-05,5.112395104897109e-08,-2.253122546330415e-05,5.114472942670119e-08,-2.041838565898542e-05
7.197536984935849e-09,-0.1616269666597187,8.839237416097348e-09,-0.03769238010926092,1.281776087626656e-08,-0.008916468102034161,1.739301603226174e-08,-0.0003630094005719429,2.299746177073143e-08,-2.391299000576302e-05,2.64257540947863e-08,1.116009317647388e-06,3.333573000972468e-08,1.413085294874537e-06,4.346976237455862e-08,6.169764639521942e-07,5.113733038655e-08,-6.963170301027276e-06,5.112943564965e-08,-6.861660026218149e-06,5.112610497447868e-08,-5.496333354915068e-05,5.111820994666751e-08,-5.422766010023857e-05,5.110868112665001e-08,-4.06572626901912e-05,5.110078638985e-08,-4.060241838223382e-05,5.109093852795e-08,-1.953995602639865e-05,5.109643393484087e-08,-8.222503199615602e-05,5.110161007674092e-08,-6.943010495824293e-05,5.111050950872408e-08,-4.027550990261563e-05,5.115260592283942e-08,-2.042926154572917e-05,5.118742701963154e-08,-2.046008434860097e-05
7.230737009423234e-09,-0.1491566499847717,8.898065073592739e-09,-0.04243294971739603,1.294699344271786e-08,-0.01115709029569632,1.791714681547976e-08,-0.0005140720873023021,2.399746177073143e-08,-3.246164854478533e-05,2.74257540947863e-08,8.263741338724276e-07,3.433573000972468e-08,1.379044824309625e-06,4.446976237455862e-08,6.25876366690697e-07,5.113830694905e-08,-2.070806870354629e-05,5.113041221215e-08,-2.016161014258443e-05,5.112937372273603e-08,-7.339570528221121e-05,5.112147811310252e-08,-7.193690035953413e-05,5.111031506880595e-08,-5.39565124583018e-05,5.110242027369107e-08,-5.385876755983037e-05,5.109289165295001e-08,-4.058341637297367e-05,5.110950481334473e-08,-6.947907894429646e-05,5.111840075867941e-08,-4.030751502805099e-05,5.113183612075777e-08,-2.255194713347422e-05,5.11952896902501e-08,-2.047373207128167e-05,5.125789334379471e-08,-8.47789344955613e-06
7.265393417866449e-09,-0.1323291301663937,8.959391457832979e-09,-0.04771037211983026,1.305895161911885e-08,-0.01352578767591943,1.843465909524606e-08,-0.0007495735454999729,2.499746177073143e-08,-4.358646086414845e-05,2.84257540947863e-08,4.970678796245192e-07,3.533573000972469e-08,1.343950237186634e-06,4.546976237455862e-08,6.34139782662953e-07,5.114026007405001e-08,-4.39411005126566e-05,5.113236533715001e-08,-4.231521952612191e-05,5.113591121925072e-08,-8.785737897112803e-05,5.112801444597254e-08,-8.431484974740549e-05,5.111358295311784e-08,-7.138617551170211e-05,5.110568804137319e-08,-7.118440999681874e-05,5.109452551787537e-08,-5.382486425683604e-05,5.112629314152818e-08,-4.036372963805044e-05,5.113971960121976e-08,-2.258351672672542e-05,5.116048296987281e-08,-2.044770200759568e-05,5.126573729521393e-08,-8.492738553271125e-06,5.132656151267158e-08,-1.29922890516844e-06
7.303010475158558e-09,-0.1094268518511966,9.02418644481452e-09,-0.05362279556859485,1.315925407247586e-08,-0.01602874105537625,1.894764644441727e-08,-0.001134179374143804,2.599746177073142e-08,-5.829210670729792e-05,2.942575409478629e-08,1.206703619679462e-07,3.633573000972469e-08,1.307861386642998e-06,4.646976237455863e-08,6.417459481567688e-07,5.114189592774813e-08,-5.932713031859018e-05,5.11340001375483e-08,-5.672764498566943e-05,5.114898621228011e-08,-7.930862844091519e-05,5.114108711171257e-08,-7.297549715732941e-05,5.112011872174163e-08,-8.295933384235251e-05,5.111222357673744e-08,-8.245843044005907e-05,5.109779324772609e-08,-7.111432179223194e-05,5.114760285347038e-08,-2.264013008920329e-05,5.116835626688889e-08,-2.047664840184203e-05,5.120315252195717e-08,-2.049428546102962e-05,5.133437406454248e-08,-1.3069594089973e-06,5.13751081698609e-08,3.444375285312799e-07
7.346939054026281e-09,-0.07647276618769983,9.093675684020369e-09,-0.06030100131908224,1.325154350019566e-08,-0.01867814630761961,1.945750017174968e-08,-0.001793001640743777,2.699746177073142e-08,-7.816644613059405e-05,3.042575409478629e-08,-3.11706312288159e-07,3.733573000972469e-08,1.27078699498037e-06,4.746976237455863e-08,6.486577036184305e-07,5.114516763514438e-08,-8.134764741561518e-05,5.113726973834488e-08,-7.673692214145707e-05,5.116651375802744e-08,-5.091091526963874e-05,5.11581452359025e-08,-4.411514400852714e-05,5.11331902589892e-08,-7.070465328871782e-05,5.112529464746595e-08,-6.986761987301086e-05,5.110432870742754e-08,-8.228435632169802e-05,5.117622765792125e-08,-2.053070978171708e-05,5.121100699699319e-08,-2.0525497874357e-05,5.12735795617773e-08,-8.512487755129383e-06,5.138293585589177e-08,3.401379341394754e-07,5.142039609320457e-08,6.573699173657285e-06
7.413753587129353e-09,-0.01407119261157067,9.169356028969826e-09,-0.06791171879889885,1.33412536814537e-08,-0.02159081584622903,1.996040200480243e-08,-0.002954144839862994,2.798447787531229e-08,-0.0001053486538698671,3.14257540947863e-08,-8.075928382435517e-07,3.833573000972469e-08,1.232691082423992e-06,4.846976237455863e-08,6.549158100738801e-07,5.115171104993688e-08,-0.0001026356027279388,5.114380893993803e-08,-9.426221806858574e-05,5.118787913096007e-08,-3.39108708722776e-05,5.117938806169029e-08,-2.660568387822528e-05,5.115005964278572e-08,-4.167512254690688e-05,5.114210443658641e-08,-4.078100452129683e-05,5.111739962683043e-08,-6.957744763066805e-05,5.121885552039463e-08,-2.058060476122391e-05,5.128140773466187e-08,-8.541129791954855e-06,5.134218347046924e-08,-1.317117747627642e-06,5.142823782206544e-08,6.558043416332263e-06,5.144809474064274e-08,2.130251120038244e-05
7.468034818313285e-09,0.04656889725380017,9.253300895815388e-09,-0.07668962489387916,1.342938249732237e-08,-0.02478714888899462,2.036513480657651e-08,-0.004541421844228551,2.895076257546824e-08,-0.0001431894540995447,3.24257540947863e-08,-1.377092445567911e-06,3.933573000972469e-08,1.193498361198256e-06,4.946976237455863e-08,6.605174591786259e-07,5.116479787952189e-08,-0.0001067380597235238,5.115688734312434e-08,-9.26361179625321e-05,5.121643776481171e-08,-3.288693866808901e-05,5.120799519145566e-08,-2.467595899330476e-05,5.117132858532885e-08,-2.400560230188763e-05,5.116339585178618e-08,-2.307132486222616e-05,5.113419244775485e-08,-4.046983712244964e-05,5.128925914696227e-08,-8.580782133864245e-06,5.13499700488994e-08,-1.331844389518357e-06,5.13907648455563e-08,3.348977515009798e-07,5.145593339972758e-08,2.125684706321417e-05,5.14762670568796e-08,6.299013183687516e-05
7.508558394058173e-09,0.09691179302779186,9.375809082463972e-09,-0.08996607906751586,1.351740858927776e-08,-0.02831520269349019,2.068010688024155e-08,-0.006412356230793928,2.990063237915638e-08,-0.0001975854121330425,3.34257540947863e-08,-2.031213617791671e-06,4.03357300097247e-08,1.153098701827899e-06,5.046976237455864e-08,6.654713583382736e-07,5.118359110721329e-08,-9.453707149008593e-05,5.117410886738992e-08,-7.413053680155336e-05,5.125902351099003e-08,-3.28653574855204e-05,5.125049847630944e-08,-2.451496997035296e-05,5.11999209893895e-08,-2.192641218075689e-05,5.119200324067002e-08,-2.096608594805117e-05,5.115549650457596e-08,-2.274921435604188e-05,5.135777550074906e-08,-1.353207120202424e-06,5.139861178393288e-08,3.295503053670653e-07,5.143607256589344e-08,6.540361214853587e-06,5.148411184728641e-08,6.288682670675322e-05,5.150586748759199e-08,0.0001750926964902773
7.544734096029082e-09,0.1449220622177975,9.467939902941204e-09,-0.100217631528385,1.36062440265578e-08,-0.03221216932709369,2.093603006278661e-08,-0.008503797611835569,3.083891184646551e-08,-0.0002787706356809494,3.44257540947863e-08,-2.781700019291695e-06,4.13357300097247e-08,1.111350784158326e-06,5.11447368421e-08,6.684566889597591e-07,5.120922465055716e-08,-8.954685762678819e-05,5.119609701528338e-08,-6.058263290667094e-05,5.132844897285716e-08,-1.801147460183078e-05,5.13205556693655e-08,-1.136396641477125e-05,5.124245326873197e-08,-2.18933964026855e-05,5.123458842182802e-08,-2.099040124165355e-05,5.118411594975404e-08,-2.06399953087227e-05,5.140643511226667e-08,3.185054936180674e-07,5.144385063885234e-08,6.505917585619182e-06,5.146376652542749e-08,2.120829704579561e-05,5.151372322961375e-08,0.0001748890780901569,5.152700268566329e-08,0.0003468831630818061
7.578370107153507e-09,0.1917568215236663,9.598843805923102e-09,-0.1149833054727202,1.36970149438235e-08,-0.03653180511739391,2.115022182268112e-08,-0.01075127340090374,3.176955783534041e-08,-0.0004052952216041395,3.542575409478631e-08,-3.641739701759209e-06,4.23357300097247e-08,1.06808504411517e-06,5.114522512335e-08,-6.503767955090044e-06,5.124410362233266e-08,-0.0001005453948519985,5.122473228925323e-08,-5.924412924939882e-05,5.139465739499648e-08,-7.067635272628863e-06,5.13881992435902e-08,-2.848805832753401e-06,5.131268980746236e-08,-9.499667838386357e-06,5.130492161739811e-08,-8.870047576387743e-06,5.122673208293942e-08,-2.068348571400049e-05,5.145167276727088e-08,6.484364215164431e-06,5.147155954394324e-08,2.112894553882481e-05,5.149195061061248e-08,6.277618973625126e-05,5.153486325323588e-08,0.0003465736528908558,5.153850134283165e-08,0.0004870727737064596
7.613395126360858e-09,0.2424326722335559,9.735486004458624e-09,-0.1303731898092416,1.379090493862673e-08,-0.04133892016617822,2.133555260698758e-08,-0.01312616160569642,3.269668741452922e-08,-0.0006127091731650647,3.642575409478631e-08,-4.626131113264394e-06,4.33357300097247e-08,1.02310601815198e-06,5.114620168585e-08,-2.034757665853845e-05,5.129764268311197e-08,-0.0001132155399323931,5.126709724331387e-08,-6.057055735109652e-05,5.144578021295497e-08,-2.961593713209281e-06,5.143783652431625e-08,-4.026267756755924e-07,5.13808305155753e-08,-1.826162218096851e-06,5.137329499648044e-08,-1.499875405216009e-06,5.129711465354071e-08,-8.653915404202445e-06,5.147937908786848e-08,2.107686566234454e-05,5.149974499207588e-08,6.257560640408681e-05,5.152157358463045e-08,0.000174670798710142,5.154637899501794e-08,0.0004869116467329338,5.155e-08,0.0006698667155784648
7.653667859587228e-09,0.3027382657935346,9.868756072151652e-09,-0.1448874563776195,1.388935197190803e-08,-0.04671961468618779,2.150182394632977e-08,-0.01563730218932007,3.36245858634339e-08,-0.0009728027719621123,3.742575409478631e-08,-5.751687369233806e-06,4.433573000972471e-08,9.761941765595596e-07,5.114815481085001e-08,-4.380872005987694e-05,5.137569550016214e-08,-0.0001091071952981852,5.134573468828237e-08,-4.256136003416244e-05,5.147172432196165e-08,9.312245088091164e-08,5.148119680791112e-08,5.779357886478709e-06,5.143004043585306e-08,1.110520239913084e-07,5.142212747151885e-08,2.537551604625407e-07,5.13655905430388e-08,-1.390104603386878e-06,5.150756810032827e-08,6.245878155983534e-05,5.152938505633274e-08,0.000174249388421877,5.154271938911447e-08,0.0003462509805889267,5.15578947368e-08,0.0006699725853390283,5.155004688384144e-08,0.0006711342593685318
7.700559528810996e-09,0.3752583037670178,9.983873985376722e-09,-0.1563181415794709,1.399413410944403e-08,-0.05278791522272609,2.16552492198846e-08,-0.0182991479670475,3.455828662676117e-08,-0.001636651914886849,3.842575409478631e-08,-7.037666697684917e-06,4.533573000972471e-08,9.271073254760006e-07,5.114979208560861e-08,-5.947479935733483e-05,5.14529569620905e-08,-0.0001029735008139957,5.140967698775323e-08,-2.924675019221083e-05,5.152361253997501e-08,2.811941995446949e-05,5.150911958787706e-08,2.032146394792347e-05,5.147430776367612e-08,6.167691208991398e-06,5.146710002640759e-08,6.378558289036889e-06,5.141425346260669e-08,2.99551347066014e-07,5.153721823915836e-08,0.0001740114036044282,5.155054522562021e-08,0.000345658223718161,5.155425443140723e-08,0.0004867673218551659,5.155794161723668e-08,0.0006712401444274732,5.155014065152434e-08,0.0006737436337781151
7.754893847127613e-09,0.4618187831434687,1.006459949374786e-08,-0.1631306954118699,1.408821532288486e-08,-0.05849996032099744,2.179994694844038e-08,-0.02112783043251341,3.545119151124855e-08,-0.002827123466801776,3.942575409478631e-08,-8.506431119458065e-06,4.633573000972471e-08,8.755816449742425e-07,5.11530666351258e-08,-8.203097942333886e-05,5.151488652685339e-08,-8.171782736250635e-05,5.145434894798987e-08,-2.193401008078256e-05,5.154612728941216e-08,6.783263607890539e-05,5.15371726820027e-08,6.114981771091852e-05,5.150216281817531e-08,2.062500840423185e-05,5.149484445829293e-08,2.090240696058919e-05,5.145951658979789e-08,6.469830891563242e-06,5.15583836846234e-08,0.0003453108920754861,5.15621147180601e-08,0.000486482783667663,5.156578947369999e-08,0.0006701426975218228,5.155803537811003e-08,0.0006738495598285221,5.155032818689012e-08,0.0006788756767061711
7.816830767301993e-09,0.563047070978861,1.014012536465528e-08,-0.1679043099558797,1.421301974624969e-08,-0.06639619412646809,2.193891787800891e-08,-0.02414285387643329,3.615521237618789e-08,-0.004449280787582279,4.042575409478632e-08,-1.018425786910267e-05,4.733573000972471e-08,8.213324203830724e-07,5.115961573416019e-08,-0.000104158379369209,5.154846157291444e-08,-2.726825934602073e-05,5.14996706532259e-08,-7.877626991029909e-06,5.157317547825824e-08,0.0001761325563625578,5.156698003119617e-08,0.0001721252410703235,5.153029549103441e-08,6.143837616820382e-05,5.152302389883691e-08,6.206758193743159e-05,5.148721160982964e-08,2.104825145994104e-05,5.15699813160117e-08,0.0004864466271704339,5.15736842105e-08,0.0006704060767928636,5.15658363510317e-08,0.0006714103460967965,5.155822289985675e-08,0.000678981700188374,5.155056243124397e-08,0.0006851055558013648
7.885596241493628e-09,0.6775606901456122,1.020468491706969e-08,-0.1701137800806211,1.432429283338747e-08,-0.07368972647589951,2.207438641598819e-08,-0.02736456766772291,3.670035762567294e-08,-0.006351174455426265,4.142575409478632e-08,-1.21024027975588e-05,4.833573000972472e-08,7.640545133495942e-07,5.117271393222897e-08,-0.0001094087855919391,5.157404714436904e-08,7.579069323345829e-05,5.152652748612287e-08,1.484641742781793e-05,5.159537524345721e-08,0.0003660962609785061,5.158835853067079e-08,0.0003460868758063777,5.156004167048812e-08,0.0001720921105204774,5.155271339825265e-08,0.0001732782148985912,5.151540594592761e-08,6.241960371646056e-05,5.158157894739999e-08,0.0006708898414987336,5.157373109028679e-08,0.0006716740325391847,5.156593010569512e-08,0.0006740199508856432,5.155845712755098e-08,0.0006852117351407798,5.155103091995166e-08,0.0006969778109617086
7.958498092531991e-09,0.7996092434486896,1.026076503758443e-08,-0.1700745691421682,1.44363130645063e-08,-0.08122245562300481,2.220809530308779e-08,-0.03081422022607328,3.71435042734919e-08,-0.008465575802136206,4.242575409478632e-08,-1.429628615329392e-05,4.933573000972472e-08,7.034226104426265e-07,5.119147266428895e-08,-9.876267142603276e-05,5.160215641376543e-08,0.000338870103569593,5.155370033100079e-08,7.152618865002586e-05,5.16082139375286e-08,0.0005373144092918249,5.16007582126854e-08,0.0005009199376750344,5.158132866728158e-08,0.0003437696024280388,5.157391900580474e-08,0.0003446114957200976,5.154506468732671e-08,0.0001739763808849293,5.158162581954914e-08,0.0006721581019598392,5.157382484986038e-08,0.0006742842596285143,5.156611761502195e-08,0.0006791524862327102,5.155892558293944e-08,0.0006970843832073926,5.155196789736705e-08,0.0007184494030851109
8.003453237403896e-09,0.8733266345244783,1.03122419402645e-08,-0.1679396929871439,1.456232543359768e-08,-0.08986444171186457,2.234153493733599e-08,-0.03451553936000687,3.751585018032622e-08,-0.01073023919229376,4.342575409478632e-08,-1.681461906097298e-05,5.033573000972472e-08,6.3909127890418e-07,5.121697426481733e-08,-9.621522577598295e-05,5.162227246689779e-08,0.0006950241044619864,5.158193725224498e-08,0.0002145764253857345,5.16210526316e-08,0.000769417786804294,5.16131578947e-08,0.0007064344886156435,5.159329591259078e-08,0.0004902807170638138,5.158564371345237e-08,0.0004875166864325356,5.156623256392531e-08,0.0003453226458258199,5.158171956384744e-08,0.0006747689549611661,5.157401236900755e-08,0.0006794180370898135,5.156635182744234e-08,0.0006853830472094719,5.155986249371636e-08,0.000718557064268263,5.155384185219782e-08,0.0007529994800449157
8.031919931963761e-09,0.9171094050137111,1.036067173350201e-08,-0.1636583116133793,1.470444840598395e-08,-0.0997484345868193,2.247607426419798e-08,-0.03849586973914652,3.784019846788024e-08,-0.01312323760962429,4.442575409478633e-08,-1.971117759875613e-05,5.11526315789e-08,5.835425082650974e-07,5.125179684153874e-08,-0.0001109474594481637,5.16368421053e-08,0.001075526299401286,5.160218615022423e-08,0.0004166217538643199,5.162109864867106e-08,0.0007707833557506336,5.161320463119648e-08,0.0007077394617537417,5.16052631579e-08,0.000683189169231187,5.159736842109999e-08,0.0006747600905800239,5.157785312406265e-08,0.0004868382501104657,5.158190705244404e-08,0.0006799040261001085,5.157424659251812e-08,0.0006856501116775069,5.156682025228311e-08,0.0006972568333600719,5.156173631527021e-08,0.0007531103512841638,5.155758976185937e-08,0.0007941366181256621
8.053881316563194e-09,0.9464457886328808,1.040755413570152e-08,-0.1570212449584438,1.487405855644861e-08,-0.1116035621531782,2.261305548211838e-08,-0.04278747443958662,3.81333400402949e-08,-0.01565744694908759,4.542575409478633e-08,-2.30557570244045e-05,5.115311986015e-08,-6.684217181235625e-06,5.130504971893571e-08,-0.0001299835546613322,5.163705082449723e-08,0.001083970323708019,5.161785313159164e-08,0.0006754469835337279,5.162119068281319e-08,0.0007735907112679164,5.161329810418946e-08,0.0007104243295213877,5.160531000841047e-08,0.0006844705999025231,5.159741528238928e-08,0.0006760323662277603,5.15894736842e-08,0.0006718603056087429,5.158214123908788e-08,0.0006861378225042134,5.157471503953926e-08,0.0006975269067571815,5.156775710196466e-08,0.0007187321093323454,5.156548395837789e-08,0.000794256710477536,5.156508558118245e-08,0.0008017059377337228
8.075699607394658e-09,0.9684419742044521,1.045417489336125e-08,-0.1476346020667596,1.507728336106566e-08,-0.1255890665322226,2.27538779976201e-08,-0.04742929887215102,3.840575741625678e-08,-0.0183494197870952,4.642575409478633e-08,-2.693651263512255e-05,5.115409642265e-08,-2.044888515410752e-05,5.138346260173486e-08,-0.0001361420341659881,5.163746826289169e-08,0.001100590584384249,5.16289473684e-08,0.0009202432567619176,5.162137475109744e-08,0.0007791235561483217,5.16134850501754e-08,0.000715708583998122,5.160540370943142e-08,0.0006871079897879297,5.159750900496784e-08,0.0006786513177010633,5.158952054537433e-08,0.0006731293768914962,5.158260961237556e-08,0.0006980182912280674,5.157565193358153e-08,0.0007190081206988361,5.156963080132775e-08,0.0007532916480188699,5.157297924459327e-08,0.0008018480613549794,5.157717144833673e-08,0.0007158019557773101
8.094788602033635e-09,0.9809736428455602,1.050170008089517e-08,-0.1348892995606181,1.526388193921219e-08,-0.1376937719994137,2.29000791929545e-08,-0.05246919297598411,3.866441364652291e-08,-0.02121702100333121,4.742575409478633e-08,-3.146460641634769e-05,5.115604954765e-08,-4.354975095394532e-05,5.146045587763235e-08,-0.0001404275990346145,5.163830313968063e-08,0.001132029833118644,5.16289904894587e-08,0.0009217196616914101,5.162160486568607e-08,0.0007858680172211975,5.161371858665126e-08,0.0007221314451470657,5.160559111147333e-08,0.0006922964471727808,5.159769645012496e-08,0.0006838027031630681,5.158961426772298e-08,0.0006757418753013881,5.158354635895091e-08,0.0007195077022859106,5.157752572166609e-08,0.0007535791639691719,5.157337820005394e-08,0.0007944531822608619,5.158506470339685e-08,0.0007159688827682688,5.159112249208474e-08,0.0005800208867276446
8.120959548355332e-09,0.9903655890538148,1.055162077411692e-08,-0.1177782561234847,1.540277160162624e-08,-0.1457129476075274,2.305342983196638e-08,-0.05796700637428052,3.891440161807792e-08,-0.02428109228456776,4.842575409478634e-08,-3.678199545950862e-05,5.115768698474938e-08,-5.875294468756564e-05,5.152244594930661e-08,-0.0001268351454692939,5.163930698875146e-08,0.001166686339377341,5.16290767315761e-08,0.0009247614337897453,5.162206509486333e-08,0.000798795079695202,5.1614185659603e-08,0.0007343962915850362,5.160582519228898e-08,0.0006985975137900817,5.159793058370345e-08,0.0006900571069195314,5.15898017124203e-08,0.0006808802995793199,5.158541985210161e-08,0.0007540979439122561,5.15812732978352e-08,0.0007947619020791509,5.158087299750631e-08,0.0008020765961081133,5.159901511725445e-08,0.0005801971819013969,5.160833050347319e-08,0.0004438590442151686
8.144574888639524e-09,0.9943838954125997,1.060641186013181e-08,-0.094407542819105,1.550599176433619e-08,-0.1507074604682755,2.321607190694767e-08,-0.06399942418593417,3.915952964372228e-08,-0.02756320694887791,4.942575409478634e-08,-4.307155329479256e-05,5.116096185894813e-08,-8.016272309261288e-05,5.155599961016681e-08,-7.511347050056999e-05,5.164131468689313e-08,0.001226459972370042,5.16292492158109e-08,0.0009307715131544069,5.162298555321785e-08,0.0008224697396101597,5.161511980550646e-08,0.0007566767034940489,5.160629335392029e-08,0.0007106141977028382,5.159839885086044e-08,0.0007019794226983737,5.159003584636105e-08,0.000687118447967688,5.1589166838403e-08,0.0007953258087711111,5.158876845017341e-08,0.000802418889954396,5.159295800812363e-08,0.0007162317145478693,5.161622199525133e-08,0.0004440248977477932,5.163032914838524e-08,0.0003530633976018525
8.164642708488909e-09,0.9961255399376668,1.067212476921672e-08,-0.05999780931941885,1.558649500309678e-08,-0.1537322046770583,2.33907563836284e-08,-0.07066851790479924,3.940283889909939e-08,-0.03108612418768429,5.042575409478634e-08,-5.057091929140168e-05,5.116751160734564e-08,-0.0001000126834436271,5.158162033848322e-08,3.231812496205132e-05,5.164533008317647e-08,0.00131394725822977,5.162946557217929e-08,0.0009381443119084568,5.162482646992688e-08,0.0008617211983251136,5.161698809731339e-08,0.0007929141978148478,5.16072296771829e-08,0.0007323818759291001,5.159933538517442e-08,0.0007235547605030473,5.159050411424254e-08,0.000699007962531175,5.15966608110058e-08,0.0008030746954037625,5.16008533531628e-08,0.0007166074929945718,5.160690765233164e-08,0.0005804702037521749,5.163821795146011e-08,0.0003531892230228037,5.165544678908444e-08,0.0003487476919105403
8.187388592452327e-09,0.9972525621401029,1.068956188535244e-08,-0.04970448604102554,1.567872443597298e-08,-0.1558150037739208,2.358133731904257e-08,-0.0781195560682956,3.964699654894313e-08,-0.03487554744022963,5.11605263158e-08,-5.702648739510499e-05,5.118061110414066e-08,-0.0001025871666976543,5.160978517556315e-08,0.0003045347818862348,5.165336087574314e-08,0.001399231608469053,5.162989828491607e-08,0.000952352900857758,5.162850830334495e-08,0.0009128461329300538,5.162072468092724e-08,0.0008375180967219003,5.160910232370813e-08,0.0007675445296939841,5.160120845380237e-08,0.0007583232234403332,5.159144065000552e-08,0.0007205167180341895,5.160875149519018e-08,0.0007173014280623517,5.161480260547757e-08,0.0005808524716389008,5.162411303134957e-08,0.0004442764672441856,5.166333040058834e-08,0.0003487919421840912,5.168390957265012e-08,0.0004159250025980531
8.216022057780305e-09,0.9980946846383743,1.072443611762388e-08,-0.02771891407553153,1.576307930950566e-08,-0.1559809035250529,2.379403533392292e-08,-0.0865864171669349,3.989452553989761e-08,-0.03896146739863052,5.116101459705e-08,-6.479931153351161e-05,5.119915505525072e-08,-9.12923995200906e-05,5.162992326605487e-08,0.0006804368803155062,5.16661472646184e-08,0.001400641864969005,5.163076371038963e-08,0.0009786977320173813,5.163587197018109e-08,0.000939330767681063,5.162819784815495e-08,0.0008513354380066737,5.161284761675858e-08,0.0008099243552371768,5.160495459105827e-08,0.0007999136800412674,5.159331372153149e-08,0.0007551496740414538,5.162270781806976e-08,0.0005814880076123949,5.163200697993105e-08,0.0004446245632831624,5.164610767550231e-08,0.0003533683975040945,5.169178431844145e-08,0.0004158787781716738,5.171260958628553e-08,0.0004771052910233812
8.254646412323145e-09,0.9987878718284871,1.07896624299157e-08,0.01805613499624366,1.584064299595199e-08,-0.1542367214814216,2.404174549946199e-08,-0.09654578612260259,4.014798540790113e-08,-0.04337982468442713,5.116199115955e-08,-7.974983887681989e-05,5.122472899742974e-08,-8.910124787301057e-05,5.16447368421e-08,0.001090043182033907,5.168090093954043e-08,0.00131622067962375,5.163249456133674e-08,0.001023729775941501,5.164813057495378e-08,0.000871181679190559,5.164036392711962e-08,0.0007706455375623232,5.16203382028595e-08,0.0008196911943543088,5.161244686557007e-08,0.0008083045382957515,5.159705986458343e-08,0.0007964716112519659,5.163992075665011e-08,0.0004451501415827192,5.165400154042954e-08,0.0003536162986898989,5.167121636031565e-08,0.0003488580899692313,5.172048580978039e-08,0.0004770584445960745,5.174069363519893e-08,0.0004982887918067011
8.309101054042511e-09,0.9993593292772832,1.084565580335713e-08,0.06179787128647814,1.591459454472737e-08,-0.1504714754020063,2.436681863307118e-08,-0.1095087278651226,4.041015255657917e-08,-0.04817489147897077,5.116394428455001e-08,-0.0001061608725311281,5.125951291548828e-08,-0.0001036304287264064,5.164494570673937e-08,0.00109882855513017,5.169884856716612e-08,0.001184911549897954,5.163595626323097e-08,0.00108788685097957,5.166220183522085e-08,0.0007379918131758028,5.165437918570958e-08,0.0006346620584119173,5.163245581199758e-08,0.0007355363991428585,5.162454506226896e-08,0.0007230501936163089,5.16045521506873e-08,0.0008044011487032847,5.166192090140948e-08,0.0003540120620003408,5.167910743580026e-08,0.0003489594539548872,5.169966345826727e-08,0.000415831894188857,5.174857821087298e-08,0.0004982585413612294,5.176966176162635e-08,0.0004860836024279921
8.373349927578488e-09,0.9997159179552058,1.089925539389101e-08,0.1070120442671725,1.598561087475719e-08,-0.1445499329420904,2.466753618026732e-08,-0.1209422433755475,4.068423073444892e-08,-0.05340269261081634,5.116557524973756e-08,-0.0001248680018717413,5.131265657890775e-08,-0.0001217694506113144,5.16453634360181e-08,0.001116127326252645,5.172272724016318e-08,0.001016781402574036,5.164287966701943e-08,0.001142807163562977,5.167934001413092e-08,0.0005886603000931587,5.167158797800229e-08,0.0004926123588075847,5.164643332758189e-08,0.0005995452317235371,5.163850669715702e-08,0.0005871839960146166,5.161664408196001e-08,0.0007187810523289695,5.168702931218265e-08,0.0003491852086135132,5.170754908082081e-08,0.0004157885648132138,5.172836733187092e-08,0.0004769963429748045,5.17775348979796e-08,0.0004860765540646807,5.180140502982526e-08,0.0004521145874109421
8.440023275881345e-09,0.9998911299094249,1.094895500231734e-08,0.1514505902769559,1.605551254079895e-08,-0.1361758295025818,2.490091711266635e-08,-0.1289555789690489,4.097416621096109e-08,-0.05913665704051731,5.116883718011265e-08,-0.0001536605050438659,5.139135318635151e-08,-0.0001272138737545311,5.164619889457557e-08,0.001148901499887059,5.17600296258918e-08,0.0007766234708834333,5.165483447634663e-08,0.001114175951481511,5.170243285213687e-08,0.0004583125285073423,5.169443307049948e-08,0.0003860503189948579,5.166364575097238e-08,0.0004611170367271645,5.165571732952642e-08,0.0004501784681700233,5.163060082426561e-08,0.0005829634310558622,5.171547196968977e-08,0.0004158248544213529,5.173625482977891e-08,0.0004769154000846465,5.175646549560487e-08,0.0004982076743429776,5.180926147483913e-08,0.0004521418684366674,5.183119745164799e-08,0.000413813682254125
8.514742126123361e-09,0.9999728614466036,1.09982017485578e-08,0.1975282119023168,1.612613756979229e-08,-0.1248462703674805,2.50740206323284e-08,-0.1340229185249351,4.128523639398354e-08,-0.06547851784558652,5.117536104086285e-08,-0.0001904753033335971,5.146826821745144e-08,-0.0001312422282587664,5.164720345379438e-08,0.001185127330923501,5.180577460305348e-08,0.000533929018837838,5.166868375507175e-08,0.001009469988238246,5.173059580200185e-08,0.0004045688109168105,5.172043160000296e-08,0.0003667572940393379,5.168590366646815e-08,0.000364760311454313,5.167779167837045e-08,0.0003573862058682336,5.164781160856982e-08,0.0004464548118096357,5.17441791976528e-08,0.0004768337890259359,5.17643540796802e-08,0.0004981320499138163,5.178541063054315e-08,0.0004860501913467338,5.183899709091002e-08,0.0004139322371084379,5.185851036571388e-08,0.0003756197707745948
8.60336463707607e-09,1.000003527823926,1.105178547121658e-08,0.2496396104865697,1.619951505275826e-08,-0.1097578149424406,2.520770570294441e-08,-0.1371449168576343,4.162540385234275e-08,-0.07258352263750058,5.118840876236324e-08,-0.0002191413994878213,5.153031301982558e-08,-0.0001185975226559932,5.1649212572232e-08,0.001247940583638956,5.184599741573825e-08,0.0004255010692403766,5.168519830815096e-08,0.0008666497464304583,5.17637866155599e-08,0.000434602184571264,5.17501751637121e-08,0.0004223446041056954,5.171126834562316e-08,0.0003549061653513594,5.170297028106979e-08,0.0003509165868717645,5.166982888379852e-08,0.0003548792688701026,5.177227492768367e-08,0.0004980069609126276,5.179328743916066e-08,0.0004860023535653795,5.18171199491337e-08,0.0004521540521843462,5.186642038345048e-08,0.0003756062200593874,5.187910440956728e-08,0.0003444612721728402
8.714631933598381e-09,1.000007922837233,1.111328063120646e-08,0.3116095735178544,1.627880914804484e-08,-0.08944615890971329,2.531488679891021e-08,-0.1389562539005892,4.200930820571797e-08,-0.08073471545720319,5.120923693930648e-08,-0.0002248957072367445,5.156385607571761e-08,-7.003245314479747e-05,5.165323080910725e-08,0.001341201433284302,5.187690793679824e-08,0.0003888229763303,5.170837944927681e-08,0.0006988601180211023,5.179647660907692e-08,0.0004683660866541859,5.178005868461688e-08,0.0004745452805251102,5.174006242930262e-08,0.0004176237058364372,5.173150572694406e-08,0.0004162522293644417,5.169495250143178e-08,0.0003496039766267082,5.18011969359293e-08,0.0004858833915557783,5.182497595830315e-08,0.0004521544259147559,5.184678160348856e-08,0.0004140634084021582,5.188699875695246e-08,0.0003444723550897458,5.189493962187512e-08,0.0003195316670279446
8.852728444670634e-09,1.000002690230113,1.118489864679073e-08,0.3862483662955053,1.637071371795447e-08,-0.06059921876233055,2.540378422575598e-08,-0.1398578523127482,4.247581601168774e-08,-0.09066797938448144,5.123565360906794e-08,-0.0002288314895412178,5.158948591480542e-08,3.104548579046017e-05,5.166126728285773e-08,0.001437194530722874,5.191231061099831e-08,0.000351829330143365,5.174228638361024e-08,0.0005424909287527735,5.182375405408063e-08,0.0004744724919287259,5.180776454287539e-08,0.0004901847901433935,5.176899090978734e-08,0.0004757132137534247,5.176027567011194e-08,0.0004763870712214826,5.172341420147369e-08,0.0004158841884948347,5.183285371668283e-08,0.0004520948551105964,5.185453854184655e-08,0.0004142220815293219,5.187434490220733e-08,0.0003755710471374731,5.190281671927261e-08,0.0003195614379057369,5.190938282850273e-08,0.0002966105205044187
9.077732228903667e-09,0.9999980767839463,1.126834015134087e-08,0.4759937850424649,1.639670481026034e-08,-0.05140815625185459,2.547366724126053e-08,-0.1401049785387463,4.299747804642079e-08,-0.1014654925916949,5.127097412702231e-08,-0.0002508144246080256,5.161765755103861e-08,0.0002879756447480411,5.167401796769366e-08,0.001453920133715099,5.193121926374589e-08,0.0003284883089474087,5.17824743082497e-08,0.0004682102037710843,5.185327436866921e-08,0.0004561023138347017,5.183680852565205e-08,0.0004759440113592755,5.179687282408517e-08,0.0004953458077937025,5.178830291574452e-08,0.0004971421665935218,5.175213874770916e-08,0.0004766876780432823,5.186225617446596e-08,0.000414404849169772,5.18822799764773e-08,0.000375517805246749,5.189489818901732e-08,0.0003444790685917998,5.191724181478603e-08,0.0002966544416016538,5.192433402257507e-08,0.0002733126659499652
9.426772101899985e-09,0.9999972536943597,1.13645279121744e-08,0.5824229851320386,1.644868699487208e-08,-0.03170040211280057,2.553794768828388e-08,-0.1399115254436455,4.345385402742262e-08,-0.1101469890998694,5.132615508223952e-08,-0.0002842838077638236,5.163779488926159e-08,0.0006435026019526481,5.168874891840988e-08,0.001384921079760779,5.195186016219512e-08,0.0002977376874117466,5.181369265311095e-08,0.0004507401488020557,5.18871522275129e-08,0.0004185163082210293,5.186917530624221e-08,0.0004409750247524477,5.182578926431725e-08,0.0004828360907163651,5.181720899036916e-08,0.0004849461315782783,5.178022286725967e-08,0.0004977717616509987,5.189025690931725e-08,0.0003753779578776851,5.190279388107735e-08,0.0003444904725654303,5.191069410644782e-08,0.0003195963403038991,5.193215226764756e-08,0.0002733993052961071,5.194449593362151e-08,0.0002437673317207769
9.828173885443323e-09,0.9999981628444329,1.147282310894163e-08,0.7049838458729993,1.647357475777424e-08,-0.0216504377034132,2.559667588197937e-08,-0.1393340635861194,4.378013333114585e-08,-0.1155163917727796,5.140056917388384e-08,-0.0003021429797368201,5.165263157889999e-08,0.001032382014186557,5.170668193837675e-08,0.001268459265363957,5.196894056680614e-08,0.0002676830723498389,5.184366328793704e-08,0.0004376382970789023,5.191286352915461e-08,0.0003845284824707676,5.189830947788986e-08,0.0004032956706071915,5.185548707460285e-08,0.0004515152631949127,5.184871430465892e-08,0.0004514236503445874,5.180913579062572e-08,0.0004856467365947516,5.191068436437098e-08,0.0003444769514370607,5.191855999231424e-08,0.0003196478296274655,5.192509862341018e-08,0.0002967083558957338,5.195232893027392e-08,0.0002438043989473123,5.196073841217714e-08,0.0002223200679980717
1.025858518805363e-08,0.9999987384600595,1.155742520350107e-08,0.8016732772189588,1.652335028357857e-08,-0.0004156670939456891,2.565210944225034e-08,-0.1383968874909307,4.402477005401649e-08,-0.1188029678142772,5.147796121546615e-08,-0.0003143381362174701,5.165284047882417e-08,0.001040806981605701,5.173055932242114e-08,0.001112629163921528,5.198292603618963e-08,0.0002394021783928098,5.18757813183467e-08,0.0004118855544947757,5.193099945753663e-08,0.0003575168890165788,5.19207271133123e-08,0.0003711092830047681,5.18880004091401e-08,0.0004100151163101921,5.187732897272993e-08,0.0004148323475955212,5.184075356754494e-08,0.0004519361251855269,5.192639746066171e-08,0.0003197021131061118,5.193293924500526e-08,0.0002967846181334593,5.193996319375857e-08,0.0002735037281278662,5.19685993482649e-08,0.0002223179759685071,5.19727681240582e-08,0.0002076221519969684
1.071302728848325e-08,0.9999989995082157,1.162532449838101e-08,0.878175839881346,1.660811573831336e-08,0.03899774578420592,2.570459162091687e-08,-0.1371231944299963,4.421918351825182e-08,-0.1207700502547634,5.153796149467151e-08,-0.0002975013950455366,5.165325827867253e-08,0.001057372543210942,5.176800250913495e-08,0.0008690738820605121,5.199578080110885e-08,0.0002102300418609079,5.189715425974076e-08,0.00038929118547122,5.194505677124856e-08,0.0003345997769660073,5.193731701499542e-08,0.0003451224682076845,5.191395095509946e-08,0.0003734134227359706,5.189670301595719e-08,0.000388028243997041,5.186989401033005e-08,0.0004146250906682983,5.194073912059201e-08,0.0002968731331663628,5.194774898561392e-08,0.0002736411771925449,5.196016262364416e-08,0.0002438456155776904,5.198061154601862e-08,0.0002076588571770725,5.198425264205144e-08,0.0001938719903699113
1.117993753154912e-08,0.9999991457098251,1.166309183544803e-08,0.9184448628561759,1.669078118847695e-08,0.0810083516505143,2.575504414929599e-08,-0.1355127102594108,4.437824923725996e-08,-0.1218240398554335,5.157132084387383e-08,-0.0002229327833090844,5.165409387836925e-08,0.001088630517392059,5.181371220905934e-08,0.0005816979195733213,5.200783881946738e-08,0.0001798833485749351,5.192359110498076e-08,0.0003561455694873425,5.195682754409764e-08,0.0003140396731527986,5.195091491031774e-08,0.0003225849017597837,5.193232763503438e-08,0.0003451764186672042,5.191695417093163e-08,0.0003582222376353209,5.189831380878059e-08,0.000375045891521851,5.195547552618432e-08,0.0002738077372347155,5.196797821593634e-08,0.0002439036623692202,5.197646013647066e-08,0.0002223201443456386,5.199206942739351e-08,0.0001939707765218166,5.19960418541279e-08,0.0001792419812532688
1.165658268949236e-08,0.9999992572889421,1.170838201856207e-08,0.9582751742570329,1.676761768186639e-08,0.122811040423307,2.580364468968782e-08,-0.1335750549299187,4.45133131220034e-08,-0.1222347131196246,5.159680064815235e-08,-6.019563219174283e-05,5.165509860516702e-08,0.001122962879627442,5.185368656537472e-08,0.0004356126337204088,5.201955436311902e-08,0.0001476163992625011,5.194315477160783e-08,0.0003271927836958412,5.196741011868118e-08,0.0002944911536018966,5.196318049809876e-08,0.0003015557688094553,5.194720706996097e-08,0.0003212331452958282,5.193328368474888e-08,0.0003328565174914293,5.191855922980864e-08,0.0003443870312623059,5.19757393028071e-08,0.0002439688999136553,5.198430310388658e-08,0.0002223365758677302,5.198845031704534e-08,0.0002077050026623017,5.200382700497991e-08,0.0001794607580936123,5.200955943871276e-08,0.0001603638111807069
1.214937106730225e-08,0.9999993458228947,1.174033009785611e-08,0.9770828465488617,1.684132957962609e-08,0.1650637112752767,2.590084577047147e-08,-0.1284333016437501,4.463194069637335e-08,-0.1221607431301936,5.162485319980694e-08,0.0003408644773952904,5.165710805876255e-08,0.001181872945613009,5.18847538124769e-08,0.0003849721034915375,5.20314307559216e-08,0.0001124407592382748,5.195771410731157e-08,0.0003027589094692946,5.197753461338815e-08,0.0002749187587843683,5.197529245139508e-08,0.0002805227775598948,5.196065346830108e-08,0.000299198310072386,5.194737229506245e-08,0.0003103539236109569,5.193417148842108e-08,0.0003197303920482402,5.199207770931437e-08,0.000222375863207533,5.199626445517492e-08,0.0002077746203413155,5.199987716846625e-08,0.0001940844851458688,5.201711799561167e-08,0.0001609422648139734,5.203161098555424e-08,0.0001278993666133125
1.266892579964961e-08,0.9999994151433534,1.176803100906112e-08,0.9868099012351705,1.691751639713266e-08,0.2106318198774084,2.594361023469038e-08,-0.1256075585742738,4.473856581721208e-08,-0.1216951626567535,5.164500334494286e-08,0.0008955791783455757,5.166112696595362e-08,0.001267504435684864,5.191998938732066e-08,0.0003435530762559841,5.204414644826518e-08,7.303828163795086e-05,5.197039683786112e-08,0.0002793117184465445,5.198774916579478e-08,0.0002545496108231569,5.198900422391028e-08,0.0002571828942101704,5.197429414195108e-08,0.0002770047381565913,5.196136037685643e-08,0.0002879336246895362,5.194845021859282e-08,0.0002969493555562797,5.200399140295349e-08,0.0002078961592196412,5.200765206678223e-08,0.0001942349365788012,5.201159689291544e-08,0.0001796553139641059,5.20389853433922e-08,0.000128847639514469,5.204916660386714e-08,0.0001013339547957587
1.323022208893084e-08,0.9999994690085622,1.179759781414767e-08,0.9923933586478481,1.700328297361591e-08,0.2639025754417211,2.602913916312819e-08,-0.1188180059499344,4.483621434287606e-08,-0.1208955626613779,5.16605263158e-08,0.001538052530957221,5.166916478033576e-08,0.001351469875859664,5.194065848283453e-08,0.0003169989245273269,5.205996258471601e-08,2.478312711987153e-05,5.198174179428045e-08,0.000256475953910214,5.19989201407771e-08,0.0002322026359120552,5.199951069790575e-08,0.0002404330252193694,5.199191071803134e-08,0.0002497440761655754,5.197713006916144e-08,0.0002633656601201517,5.196307824752819e-08,0.0002739874716243504,5.201531940367142e-08,0.0001944761561237295,5.201932128930976e-08,0.0001799243590188156,5.202486843856418e-08,0.000161281732944669,5.205591237054358e-08,0.0001032967839943148,5.206515842828769e-08,7.877988571381125e-05
1.385403213552945e-08,0.9999995104246812,1.182781161703606e-08,0.9952213557279729,1.710243964221905e-08,0.3277160900135321,2.606900812942446e-08,-0.1151139951997027,4.492616942084359e-08,-0.1198093893331559,5.166073465753654e-08,0.001550054813031653,5.168164894130334e-08,0.001360240277596848,5.196292798653712e-08,0.0002815549717478007,5.206841070609822e-08,1.942513797987535e-06,5.199236840366641e-08,0.000233377683988638,5.20089101124058e-08,0.0002131629064118156,5.201135442770781e-08,0.0002234379958806358,5.200320873585818e-08,0.0002338895528412665,5.199019668448954e-08,0.0002443415910193293,5.198338348638723e-08,0.0002440039738773735,5.202690819331336e-08,0.0001803450209732712,5.203248007678335e-08,0.0001618446546584346,5.204655015351244e-08,0.0001295443561255152,5.207237330385262e-08,8.015143551039396e-05,5.208335259641977e-08,5.76349660978037e-05
1.456925861974452e-08,0.9999995417443415,1.185688286531845e-08,0.9965756631034308,1.717666399819705e-08,0.3768573416505701,2.614874606201701e-08,-0.1066081711487048,4.501211753441733e-08,-0.1184289391202578,5.166115134100962e-08,0.001573844353480815,5.169624639913212e-08,0.001295300562918196,5.198125535113276e-08,0.0002457855552051348,5.207830956024459e-08,-2.051703915630882e-05,5.200273513975804e-08,0.0002092423653225094,5.202008495261517e-08,0.00019443818611814,5.202137122253163e-08,0.0002109251101405653,5.201443912964217e-08,0.0002195659063933758,5.200375627188204e-08,0.0002262572455451504,5.199969425090523e-08,0.0002224363617655619,5.203989806114587e-08,0.0001627076372044727,5.205401364898152e-08,0.0001304523585605982,5.206362551826169e-08,0.0001039282150599425,5.20916386550508e-08,5.818936867665698e-05,5.210300850819707e-08,4.161003080403999e-05
1.541821609619464e-08,0.9999995649312093,1.189038296125319e-08,0.9974297921139864,1.726434927114608e-08,0.4362222905945191,2.618683943797245e-08,-0.1020145598200634,4.509456746416432e-08,-0.1167639112757439,5.166198470795579e-08,0.00161984215550966,5.171432041599303e-08,0.001190241098551788,5.19963689345035e-08,0.0002111303773278426,5.208637080771253e-08,-2.676125790273368e-05,5.201315019371876e-08,0.0001835984495332655,5.202835882586775e-08,0.0001832318956618673,5.20303201805542e-08,0.0002010956212529993,5.202508766007706e-08,0.0002070994373113034,5.201543346469043e-08,0.0002119565529026742,5.201151868155088e-08,0.0002081058886081792,5.206132808354148e-08,0.0001316941223964917,5.207095243101219e-08,0.0001052816799025325,5.208164241956365e-08,7.911196141698673e-05,5.211116195936158e-08,4.280454162402784e-05,5.211827683124063e-08,3.353108221809852e-05
1.641821609619464e-08,0.9999995810090997,1.193260880417336e-08,0.9980912495808656,1.735917033997823e-08,0.5018197725506761,2.626302618988333e-08,-0.09175792952545742,4.517429673478929e-08,-0.1148129655702263,5.166298679154605e-08,0.001672332289625144,5.173894697201967e-08,0.001049741949475901,5.201024322916348e-08,0.0001746442926331019,5.209241941974765e-08,-2.188087878467519e-05,5.202415825824921e-08,0.0001556540132761374,5.203525349282813e-08,0.0001758918608237396,5.203934484261122e-08,0.000192101871265833,5.203534262384219e-08,0.0001956900026768788,5.2026311346973e-08,0.0001992674147905771,5.202274505736831e-08,0.0001948908213110223,5.207797501069828e-08,0.0001072946095652003,5.208979825749e-08,7.980873782260932e-05,5.210088715858795e-08,5.816762450415497e-05,5.21258053334604e-08,3.416370368550547e-05,5.213218493450631e-08,2.646805764497731e-05
1.741821609619464e-08,0.9999995902114347,1.199059907631234e-08,0.9987175665623061,1.746961683363595e-08,0.5798051052863291,2.630005727364377e-08,-0.08625019148415015,4.525159524881301e-08,-0.1125802760529692,5.166499095872657e-08,0.001768378723242137,5.177818017672249e-08,0.000823565623962049,5.202329346601516e-08,0.0001359802790129924,5.2097858516974e-08,-1.064955855244468e-05,5.203789340375688e-08,0.0001224291198686844,5.204193571393922e-08,0.00017038596278819,5.204883838117486e-08,0.0001830768938416388,5.204613600940414e-08,0.0001836844659506148,5.203748992933335e-08,0.0001862102323604665,5.203419509303298e-08,0.0001810717128309219,5.209665801845197e-08,8.237566212622674e-05,5.210894391086434e-08,5.944614282980435e-05,5.211749276536702e-08,4.521453148051955e-05,5.213946665833768e-08,2.585033912097269e-05,5.214371935991577e-08,2.077097850660017e-05
1.841821609619464e-08,0.9999995958382895,1.207760421643851e-08,0.9993355005331984,1.756674154680005e-08,0.6495583312645753,2.637411944116466e-08,-0.07419168998143605,4.532681388346673e-08,-0.1100659127014581,5.166899929308762e-08,0.001927737521070133,5.182473540063385e-08,0.0005480767486620755,5.203612324206352e-08,9.410355764791242e-05,5.210339818521045e-08,4.660760592232569e-06,5.204451560426025e-08,0.0001090046724598735,5.204877670480361e-08,0.0001660151713100139,5.205937939654834e-08,0.0001728406660302701,5.205801592860105e-08,0.0001697423739718839,5.20495980560342e-08,0.0001713022295392525,5.204690100778472e-08,0.0001641757247917481,5.211564084860413e-08,6.175433890623534e-05,5.212503372400423e-08,4.570283373853722e-05,5.213281150413244e-08,3.414095704546419e-05,5.215030963105309e-08,2.063831089701292e-05,5.215405422739965e-08,1.727722824500295e-05
1.941821609619463e-08,0.9999995996195622,1.214393610372062e-08,0.999612809706355,1.774468352479204e-08,0.7792683423373596,2.641092202367141e-08,-0.06768009270443023,4.540019773835481e-08,-0.1072706433347369,5.167701596180972e-08,0.002138434363936895,5.186557853041489e-08,0.0004019009916753221,5.204950290866872e-08,4.740720182628079e-05,5.211011023823596e-08,2.360435520709463e-05,5.205163994555764e-08,9.826920086502713e-05,5.205630117199171e-08,0.0001620750095719043,5.207179057376535e-08,0.0001596397200634747,5.207184827568585e-08,0.0001517602973752171,5.206377950303089e-08,0.0001517014754762965,5.206829635543348e-08,0.0001335806802902421,5.213364808036086e-08,4.444343879345737e-05,5.213972569361744e-08,3.392921759719399e-05,5.214475850043343e-08,2.643550963077908e-05,5.21594269797859e-08,1.785007952177737e-05,5.216259890807058e-08,1.571805008901581e-05
2.041821609619463e-08,0.9999996023384039,1.223443476963766e-08,0.9998263032241169,1.789579745802559e-08,0.8883547880776412,2.648452718868492e-08,-0.05362449257449665,4.547198549274772e-08,-0.1041934606951612,5.169195608506988e-08,0.002269598828119219,5.189716945650824e-08,0.0003526695712136686,5.206504544997528e-08,-8.43215112332264e-06,5.211741751113395e-08,4.294174675021165e-05,5.205798347930251e-08,9.292865136159369e-05,5.206517526614282e-08,0.0001576771765165701,5.208778299686964e-08,0.0001402101205593113,5.209118772079334e-08,0.0001250683516114133,5.208406093380825e-08,0.0001230077270464132,5.20848084795022e-08,0.0001097896169733104,5.214628955052571e-08,3.364815045688292e-05,5.215063870931913e-08,2.657463844858633e-05,5.215551191814402e-08,2.124118728651624e-05,5.216773683224932e-08,1.641881310658727e-05,5.217145455733348e-08,1.492254993080367e-05
2.141821609619463e-08,0.9999996043995064,1.233363289620847e-08,0.9999368061191045,1.795111676909804e-08,0.9258443873206875,2.652174309136347e-08,-0.04599630900349735,4.554237960365173e-08,-0.1008328730111131,5.170826976391702e-08,0.002184287205351339,5.193235534006285e-08,0.0003128370499528393,5.207767660248235e-08,-5.395523037169257e-05,5.212510105653831e-08,5.80490014463301e-05,5.206352800320143e-08,9.170773305302991e-05,5.207685177419611e-08,0.0001508555108554719,5.210759972103621e-08,0.0001134546523770497,5.210790032633398e-08,0.0001017815743527489,5.209828772314115e-08,0.0001032863288446868,5.210334085106051e-08,8.525731455638209e-05,5.21566416769905e-08,2.672486839404791e-05,5.215946903800005e-08,2.235519999034782e-05,5.216379266130749e-08,1.87547192842045e-05,5.217840247619223e-08,1.541416763641498e-05,5.218403183750571e-08,1.433223274767435e-05
2.241821609619463e-08,0.9999996060229887,1.24446105508095e-08,0.9999861759589512,1.802114109260082e-08,0.9641763423675281,2.659617489672057e-08,-0.02971065640701812,4.561156699120036e-08,-0.09718634600833895,5.172621612788691e-08,0.001964098925959794,5.195387435509783e-08,0.0002851613475397313,5.209130887252427e-08,-9.34692613254918e-05,5.213212221228446e-08,6.590544802782418e-05,5.206914843445292e-08,9.328498032165573e-05,5.208927490979903e-08,0.0001411168021178288,5.212018458596478e-08,9.586363557093398e-05,5.21262849070361e-08,7.708046278525806e-05,5.21164469773643e-08,7.955606251912365e-05,5.212222631730081e-08,6.339399485048957e-05,5.216489424218282e-08,2.300851694350387e-05,5.216769476582212e-08,1.983139796369152e-05,5.217273175046356e-08,1.716607692906087e-05,5.219297632995885e-08,1.457683079669271e-05,5.219799049824683e-08,1.377881579665779e-05
2.341821609619463e-08,0.9999996073346745,1.255406717690198e-08,1.000000842756134,1.807114764683449e-08,0.9815581911851983,2.663436085740116e-08,-0.02083042657311302,4.567971575940258e-08,-0.0932506365565057,5.174732553497753e-08,0.00165396090050975,5.197682629057899e-08,0.0002477323350255394,5.210245486705719e-08,-0.0001163339022623979,5.21391717696569e-08,6.838573112503828e-05,5.207530207524257e-08,9.714840929988539e-05,5.210230126656943e-08,0.000127793403757813,5.213305128109964e-08,7.75165161942886e-05,5.214050584334334e-08,5.849211549487055e-05,5.212873571932267e-08,6.459769693697787e-05,5.213353008428097e-08,5.129352458964031e-05,5.217400362717817e-08,2.039231266762454e-05,5.217837655019712e-08,1.786663036484811e-05,5.21851728313214e-08,1.590674287477492e-05,5.220477713795883e-08,1.39429806206893e-05,5.22097063482191e-08,1.316132599709214e-05
2.441821609619463e-08,0.9999996084123555,1.269454985440095e-08,1.000003375549392,1.811414073076695e-08,0.9899076252188994,2.671073277876235e-08,-0.002044139950071539,4.574698095004683e-08,-0.08902168133580986,5.177376548457115e-08,0.001278434913651678,5.199583978339016e-08,0.0002090676349314456,5.21119908682108e-08,-0.0001265363679826206,5.214655915034896e-08,6.665112500692486e-05,5.208290225009826e-08,0.0001029529376161262,5.211362609594604e-08,0.0001139668569515549,5.214394021892196e-08,6.190546003129822e-05,5.21509569471892e-08,4.595586345357945e-05,5.21412769305277e-08,4.988962909510795e-05,5.214462364475395e-08,4.009985568801243e-05,5.218635638386807e-08,1.828069163273809e-05,5.219295568793975e-08,1.631844295865479e-05,5.219766999804057e-08,1.50674281754097e-05,5.221620637792694e-08,1.318873293314049e-05,5.222158373509797e-08,1.232792928926676e-05
2.541821609619463e-08,0.9999996093084697,1.29107678450045e-08,1.000000904194028,1.815706710688081e-08,0.9941320453914839,2.675037468956502e-08,0.008227730841072867,4.581350563200976e-08,-0.08449467883487649,5.180923341786139e-08,0.0008936598476877185,5.201168974300481e-08,0.0001705446724314954,5.212050338701535e-08,-0.0001233369009428103,5.215431505578187e-08,6.217666589557063e-05,5.209296081093743e-08,0.0001091107452307565,5.212387557156461e-08,0.0001000512655709713,5.215266032381669e-08,5.065341880272288e-05,5.215943097864527e-08,3.786544097381599e-05,5.215155365376349e-08,3.922513099627156e-05,5.215410550421797e-08,3.218712775555657e-05,5.219797096478159e-08,1.702650365040843e-05,5.220422497151568e-08,1.544919655388995e-05,5.220879996264324e-08,1.433970955650902e-05,5.222838000009103e-08,1.218544062172433e-05,5.223443407295396e-08,1.121568629426252e-05
2.641821609619463e-08,0.9999996100608293,1.324273901004435e-08,0.9999985556546231,1.820146771523353e-08,0.9961756286711516,2.682965851117035e-08,0.02981988882726403,4.58794234025784e-08,-0.07966406355628775,5.18427664004027e-08,0.0006774102336057396,5.202629026449209e-08,0.0001291847110286833,5.212764895389792e-08,-0.0001072132499756956,5.216273413303743e-08,5.637318594619721e-05,5.21029538827844e-08,0.0001112327804404063,5.213347576023678e-08,8.592780429374347e-05,5.216061224873857e-08,4.243484196830829e-05,5.216763977360802e-08,3.218257243936824e-05,5.215961751880471e-08,3.279551203332829e-05,5.216199641804588e-08,2.741842601141584e-05,5.220867511130212e-08,1.605209486246889e-05,5.22152590460352e-08,1.457034171540159e-05,5.222028001917126e-08,1.344891025958697e-05,5.22421465781666e-08,1.085231849820607e-05,5.224941159163761e-08,9.722882688049102e-06
2.741821609619463e-08,0.9999996106978777,1.377955010641907e-08,0.9999982080960039,1.824608087208432e-08,0.9971164825028495,2.68713923846064e-08,0.04171782518749897,4.594485985069066e-08,-0.07452351444010678,5.187209776428806e-08,0.0005624544077240555,5.204011926495518e-08,8.456886975237805e-05,5.213386989198748e-08,-8.317665165006536e-05,5.217254216216624e-08,4.992685138594134e-05,5.211128494756583e-08,0.0001093409296494229,5.214247495480672e-08,7.215738319023325e-05,5.216925270771212e-08,3.588589696594076e-05,5.21779383212537e-08,2.741441298194559e-05,5.216796563750998e-08,2.808179441431726e-05,5.217090901108258e-08,2.37932195863936e-05,5.221988975715491e-08,1.497343826529526e-05,5.22271063613267e-08,1.346826321574324e-05,5.223287442607102e-08,1.22744813016619e-05,5.225927347081456e-08,9.005470959120751e-06,5.22687228041333e-08,7.767259374857772e-06
2.841821609619463e-08,0.999999611241525,1.442311071979546e-08,0.9999987727328939,1.829836045125354e-08,0.9976866952184027,2.695486013147848e-08,0.06652344799525635,4.600993412578352e-08,-0.06906593217229946,5.190709852613826e-08,0.0004589024029238365,5.205390377937603e-08,3.549326984297597e-05,5.214027879074526e-08,-5.327664588511835e-05,5.21840588330174e-08,4.342332889133484e-05,5.211938093316724e-08,0.0001044600987817973,5.215070120891024e-08,6.028069418037159e-05,5.217992635534312e-08,3.042393841135145e-05,5.2191260069451e-08,2.358558767635225e-05,5.217851581751511e-08,2.421440198020237e-05,5.218245946679695e-08,2.089999017349003e-05,5.223232312139654e-08,1.361910097205603e-05,5.224060340150818e-08,1.201991785316113e-05,5.224773639462731e-08,1.06866966222081e-05,5.228347257066699e-08,6.652910849881265e-06,5.229537279497361e-08,5.441701799327302e-06
2.941821609619463e-08,0.999999611708876,1.513104536437685e-08,0.9999991191013934,1.836538040830932e-08,0.9981592470711409,2.699988036022996e-08,0.08043475379554958,4.607476020883452e-08,-0.06328341514773166,5.193770346752878e-08,0.0003759892300258984,5.206873103076018e-08,-2.168042603503179e-05,5.214957020220881e-08,-1.261119160150721e-05,5.219872925890024e-08,3.657443832915775e-05,5.212763535634615e-08,9.67966792809275e-05,5.215841664738832e-08,5.086557665943457e-05,5.219152516412487e-08,2.655498871062888e-05,5.220176103110813e-08,2.157524502038744e-05,5.219127407127254e-08,2.134987197615666e-05,5.219418055360252e-08,1.908816131636017e-05,5.224722145196417e-08,1.182971836373945e-05,5.225762153816757e-08,1.000118024170397e-05,5.226707320182536e-08,8.543293973499924e-06,5.231409683049011e-08,4.24405992320601e-06,5.232887105018564e-08,3.214595834648851e-06
3.041821609619462e-08,0.999999612113402,1.590047590363569e-08,0.999999279781578,1.846103348082796e-08,0.9986920979929649,2.708992081773293e-08,0.1092694074799937,4.613944813276742e-08,-0.05716721863257132,5.197108122585518e-08,0.0002878295575663669,5.208821112901057e-08,-9.494095459163455e-05,5.215818162192487e-08,1.380036811307168e-05,5.221482731646881e-08,3.029169819226162e-05,5.213606883854323e-08,8.664398495398685e-05,5.216676933950218e-08,4.300340410310272e-05,5.220175372744412e-08,2.411778496030549e-05,5.221218696352705e-08,1.990124512800837e-05,5.220181465884362e-08,1.973656386462005e-05,5.220475156129278e-08,1.785053291734768e-05,5.226696469288336e-08,9.362729303784865e-06,5.228148289990174e-08,7.410570461351554e-06,5.229310759160732e-08,6.043738652986886e-06,5.234988446032447e-08,2.276416419521765e-06,5.236506059266753e-08,1.649712835703215e-06
3.141821609619463e-08,0.9999996124657913,1.671112480136555e-08,0.9999993699849919,1.855176152778029e-08,0.9990989286044474,2.714035915720283e-08,0.1259770161969682,4.620410513547107e-08,-0.05070769916401636,5.199464771973121e-08,0.0002304028480727788,5.209979977716856e-08,-0.0001297723995960421,5.216518539348707e-08,2.778783152481335e-05,5.223228355816897e-08,2.441237789483475e-05,5.214471683676815e-08,7.479290156337918e-05,5.217698929929973e-08,3.618720954465199e-05,5.22121579859788e-08,2.202790491145694e-05,5.222346932971522e-08,1.81382524511836e-05,5.221236716204887e-08,1.833218983198492e-05,5.221562039911341e-08,1.662956935533725e-05,5.229261541874901e-08,6.617841148847164e-06,5.231129953564036e-08,4.783035247323237e-06,5.232576373721736e-08,3.630327821261596e-06,5.238580906014165e-08,1.111973597863554e-06,5.240315543052926e-08,7.455363831543396e-07
3.241821609619463e-08,0.9999996127745857,1.754473336928163e-08,0.9999994320345345,1.865084062252777e-08,0.9994300084566879,2.72021879996075e-08,0.1469553508040702,4.626883688925237e-08,-0.04389423080125066,5.201290206953123e-08,0.0001886148924341621,5.211162358318193e-08,-0.0001566381507774404,5.217240858720956e-08,3.722344612901723e-05,5.22518782720053e-08,1.869765529390093e-05,5.21533079862286e-08,6.321621464701994e-05,5.218958557331635e-08,3.059471736623128e-05,5.222353177232347e-08,1.986781405070386e-05,5.223644885364235e-08,1.605082417783194e-05,5.222377379040015e-08,1.679538280439713e-05,5.222752877581543e-08,1.519090082905961e-05,5.232499321300549e-08,3.973269374148553e-06,5.234465798587536e-08,2.691516743140105e-06,5.23598464833331e-08,1.950978240234364e-06,5.242602009480248e-08,4.605288606179517e-07,5.244696541731966e-08,2.764372063328133e-07
3.341821609619463e-08,0.9999996130466633,1.839426420088033e-08,0.9999994767219591,1.876121759318143e-08,0.9996738366713519,2.726470469752925e-08,0.1686831458257403,4.633374903493385e-08,-0.03671506624421549,5.202895478108446e-08,0.00014716389151093,5.21223289440894e-08,-0.0001728100926230403,5.218057453606515e-08,4.295628184593884e-05,5.227448568029632e-08,1.328720421136421e-05,5.216202860477503e-08,5.319456919648684e-05,5.219995202077885e-08,2.738996085222175e-05,5.22368078674836e-08,1.736887190410781e-05,5.22529962468678e-08,1.332919809424102e-05,5.22369104267312e-08,1.491665099800948e-05,5.224151504080657e-08,1.335625953807904e-05,5.235723265444367e-08,2.207851940141592e-06,5.237846671507696e-08,1.390338201233809e-06,5.239587084311483e-08,9.344804363476894e-07,5.247397239284214e-08,1.546466330110869e-07,5.250016370595785e-08,8.675929168605289e-08
3.441821609619463e-08,0.9999996132876048,1.926087469410135e-08,0.9999995102308076,1.885860934587461e-08,0.9998059409130151,2.733496276053727e-08,0.1936714096584354,4.639894970293811e-08,-0.02915705724030934,5.204351946955767e-08,9.658300159022458e-05,5.213232480696183e-08,-0.0001810459404094137,5.219011568297861e-08,4.502758867332531e-05,5.230110005326309e-08,8.558190167082183e-06,5.217189023572185e-08,4.454911708871776e-05,5.221024676228958e-08,2.479789401927812e-05,5.225387070068217e-08,1.420494380271797e-05,5.227621173062039e-08,9.832193550850103e-06,5.225355394882522e-08,1.242256142836956e-05,5.225953833416672e-08,1.086959764351256e-05,5.239158320073588e-08,1.101668912211249e-06,5.241650561431447e-08,6.184885642012574e-07,5.243742791590929e-08,3.735962820060939e-07,5.253374420659324e-08,5.585660266676632e-08,5.256731108174629e-08,4.725553662147535e-08
3.541821609619464e-08,0.9999996135019732,2.015496696950426e-08,0.9999995361659486,1.900681016429743e-08,0.9999184590104383,2.741240186601588e-08,0.2218551806321606,4.646455532711264e-08,-0.0212049334506156,5.205770445403009e-08,2.785669196636591e-05,5.214278339148066e-08,-0.0001834146239349241,5.220169463790209e-08,4.354440443039585e-05,5.233366892234241e-08,4.70159142828411e-06,5.218280288086022e-08,3.774422830961235e-05,5.222136021022814e-08,2.225226886250289e-05,5.227735620529767e-08,1.032987719895916e-05,5.230416102096102e-08,6.478150874769382e-06,5.22768480624194e-08,9.201727259995072e-06,5.228380400037995e-08,7.905590504008975e-06,5.243147304819704e-08,4.63570886831506e-07,5.24618848896663e-08,2.247680745336973e-07,5.248787892642049e-08,1.226225509655106e-07,5.261024797508803e-08,5.358458693130806e-08,5.265384063743401e-08,6.393089460432575e-08
3.641821609619464e-08,0.9999996136935271,2.109582701094837e-08,0.9999995564747126,1.914616856159154e-08,0.9999676422701119,2.749885092037751e-08,0.2540443580791439,4.653070984113075e-08,-0.01283879112513909,5.207268913327232e-08,-7.35713321994107e-05,5.215278742545575e-08,-0.0001766736215777739,5.221605413344715e-08,3.875348880531176e-05,5.237381067454155e-08,2.017973953802615e-06,5.219694216669728e-08,3.158134989482565e-05,5.223416171244335e-08,1.943788740316288e-05,5.230551752612155e-08,6.711661218996592e-06,5.233380821492617e-08,3.908542464518066e-06,5.230507545260323e-08,6.062178556396698e-06,5.231399532526288e-08,4.995697801950922e-06,5.248006550765931e-08,1.58342866041718e-07,5.251825600343981e-08,7.416401312801984e-08,5.255132912290576e-08,5.146086026608175e-08,5.270944314005963e-08,7.583836528860723e-08,5.276686866136494e-08,8.493358739098035e-08
3.741821609619464e-08,0.9999996138653847,2.209582701094837e-08,0.9999995721182564,1.929749930858041e-08,0.999990315370598,2.759527606085697e-08,0.2907718372298077,4.659777458627119e-08,-0.004008519420245095,5.209142094886316e-08,-0.0002158144493173322,5.216249728913336e-08,-0.000152052724074819,5.223415041895783e-08,3.130054595730188e-05,5.242196576792593e-08,5.701298388997032e-07,5.220986104641465e-08,2.739843228069428e-05,5.225049849608724e-08,1.60078796364456e-05,5.233426608989716e-08,4.082810490767435e-06,5.236390972069336e-08,2.206976348002979e-06,5.233562861172171e-08,3.60405756505301e-06,5.234525863901315e-08,2.883454017713091e-06,5.254111952439299e-08,5.772303670624635e-08,5.258989139493853e-08,5.00790037666678e-08,5.263255755435434e-08,5.811880597319559e-08,5.28344391627028e-08,9.095677963642176e-08,5.287450369539592e-08,9.30542808591985e-08
3.841821609619464e-08,0.9999996140201498,2.309582701094837e-08,0.9999995831629708,1.949738738953286e-08,1.00000019421441,2.7703114171922e-08,0.3327819228538464,4.66654209143808e-08,0.005240107479053006,5.210396580626276e-08,-0.0003043357413256614,5.217067952307901e-08,-0.0001139535376489558,5.225495450926425e-08,2.313458545338852e-05,5.24802095820608e-08,4.510645558810177e-09,5.222329630822853e-08,2.370851397234762e-05,5.227370845736578e-08,1.161846445342865e-05,5.236376299900169e-08,2.325237843246321e-06,5.239780626279463e-08,1.101928820217412e-06,5.236655385122423e-08,1.998524855479341e-06,5.23777187591528e-08,1.526221083928801e-06,5.261890094338094e-08,5.393253553100982e-08,5.268211952419052e-08,6.88690715535467e-08,5.273803878583882e-08,7.998383216116314e-08,5.295371729255883e-08,9.500240241082637e-08,5.299502064495873e-08,9.548530277318433e-08
3.941821609619465e-08,0.9999996141600105,2.409582701094837e-08,0.9999995909650551,1.976914069277578e-08,1.000001849635224,2.779783255020027e-08,0.3704287606273579,4.673282895275869e-08,0.01480800780375822,5.21173158831157e-08,-0.0003815555561008067,5.21783135477516e-08,-7.093578136643915e-05,5.227912108767865e-08,1.552752665724756e-05,5.255068861383133e-08,-8.600673290980885e-08,5.223872144099939e-08,1.984635398336078e-05,5.23006752266382e-08,7.677190685775549e-06,5.23972326900074e-08,1.171136276875831e-06,5.243819871668308e-08,4.598931819431427e-07,5.240130830282684e-08,9.754644885442222e-07,5.24148465522985e-08,6.9651700245377e-07,5.271936606786341e-08,7.554425731603226e-08,5.280091159610233e-08,8.743582196919127e-08,5.283977003013314e-08,9.095755158609932e-08,5.308798138919092e-08,9.578590063845459e-08,5.313980338417177e-08,9.595126726521762e-08
4.041821609619465e-08,0.9999996142868163,2.509582701094837e-08,0.9999995965100318,2.014801808905563e-08,1.000000190040813,2.798726930675681e-08,0.4475854336608419,4.680161918466779e-08,0.02492201787289762,5.212911830951695e-08,-0.0004301039482870842,5.218907299299782e-08,-1.574163559776502e-05,5.230805684008969e-08,9.221229699075968e-06,5.263590115176017e-08,-1.296488359385449e-08,5.225849062540588e-08,1.53223494161552e-05,5.232861598392949e-08,4.757438612278612e-06,5.243728243805045e-08,4.92766933525657e-07,5.248808178471601e-08,1.529144768878799e-07,5.244268998032294e-08,3.959377142213613e-07,5.245946032637921e-08,2.597305063751597e-07,5.281715263233388e-08,8.886325755656343e-08,5.291393421181614e-08,9.389184280058062e-08,5.295394175435609e-08,9.502159686952202e-08,5.324922174536317e-08,9.590869588668282e-08,5.330962611576582e-08,9.593856504279669e-08
4.141821609619465e-08,0.9999996144021389,2.609582701094837e-08,0.9999996004945602,2.073603282532252e-08,0.9999988909550653,2.812060007255904e-08,0.503237620164302,4.687174626360176e-08,0.0355804073569485,5.213996601373488e-08,-0.0004577516743845218,5.219890623589101e-08,1.462204418367779e-05,5.234347077238893e-08,4.560512306872684e-06,5.273905315879682e-08,5.594199810415583e-08,5.22822634972269e-08,1.081032962827809e-05,5.235694701625881e-08,2.790352735980046e-06,5.248683059551924e-08,1.632800073111068e-07,5.255064657503496e-08,5.394512672358682e-08,5.249382402928057e-08,1.29715584860608e-07,5.251498351465993e-08,8.351016003997756e-08,5.296541382989763e-08,9.562423442492725e-08,5.304067805074004e-08,9.56361325759912e-08,5.309082050732245e-08,9.598279369489573e-08,5.343849723356719e-08,9.598586513053755e-08,5.350926236470675e-08,9.60203317665097e-08
4.241821609619465e-08,0.999999614507321,2.709582701094837e-08,0.999999603402824,2.164243878738999e-08,0.9999988573304253,2.824531059833873e-08,0.5561859843372319,4.694335994800095e-08,0.04681266093641288,5.215088294446597e-08,-0.0004715767626139519,5.220702640955736e-08,2.826155992740774e-05,5.238579212512844e-08,1.729407234985382e-06,5.283909108518966e-08,8.371978125772924e-08,5.231070646889222e-08,6.788492024594128e-06,5.238882338686523e-08,1.465762758181277e-06,5.254887018097216e-08,5.397547128108555e-08,5.263009612602439e-08,5.2157878783417e-08,5.255815646178929e-08,5.124318212707948e-08,5.258525626730962e-08,4.855111055695084e-08,5.311154908726018e-08,9.62337793589295e-08,5.319295518080776e-08,9.594265940335256e-08,5.325133376206653e-08,9.595869067468707e-08,5.366132320013767e-08,9.614859375215238e-08,5.37456660380875e-08,9.621141393282414e-08
4.341821609619465e-08,0.9999996146035146,2.809582701094836e-08,0.9999996055640953,2.264243878738999e-08,0.999999177999577,2.838989861442642e-08,0.6185314895949101,4.701651667394809e-08,0.05863513340504115,5.216032428156634e-08,-0.0004731880935430275,5.221557883114135e-08,3.56767851111664e-05,5.243660486215691e-08,3.498596777698428e-07,5.295209684706804e-08,9.104638199923385e-08,5.234291808473338e-08,3.754644515229787e-06,5.242683132736937e-08,6.518025572435343e-07,5.262750492457459e-08,4.943199701046306e-08,5.273275078095573e-08,7.514520534080607e-08,5.264010244255628e-08,5.596164273001705e-08,5.26753870938674e-08,6.540621360577322e-08,5.327192019599518e-08,9.591372377842513e-08,5.337164008552349e-08,9.595968257319113e-08,5.343997606064347e-08,9.596437793596413e-08,5.392544291331395e-08,9.633954540698756e-08,5.402559514613123e-08,9.639923989888099e-08
4.441821609619466e-08,0.9999996146917134,2.909582701094836e-08,0.9999996072016102,2.364243878738999e-08,0.9999993389802008,2.85458021476718e-08,0.6867414794944224,4.709135947865555e-08,0.07107853006748177,5.217230155615631e-08,-0.0004584937186444767,5.222537879474147e-08,3.81583732447628e-05,5.249792193823976e-08,-1.023261530500264e-07,5.308734032861357e-08,9.085906380310016e-08,5.237773832404541e-08,1.83792480181793e-06,5.247371546951664e-08,2.285902458983087e-07,5.272898392394097e-08,7.306293921263959e-08,5.283244103710032e-08,8.886834196049328e-08,5.274627556208519e-08,7.850968934207115e-08,5.279240312082268e-08,8.558319068316086e-08,5.346534684608642e-08,9.595138738685334e-08,5.358183023099332e-08,9.607563972303129e-08,5.366322246372504e-08,9.613456157019529e-08,5.423845561914791e-08,9.649706856640332e-08,5.43571458662484e-08,9.654217951508748e-08
4.541821609619466e-08,0.9999996147727773,3.009582701094837e-08,0.999999608467213,2.464243878738999e-08,0.9999994114793045,2.871695266010524e-08,0.7625131146178576,4.716803567671395e-08,0.08417536179947577,5.218254344785184e-08,-0.000417456012716372,5.223687194465787e-08,3.638932995516925e-05,5.257199318894962e-08,-1.102775018472983e-07,5.324609716353277e-08,8.964257844669276e-08,5.241871473546167e-08,7.148424435833128e-07,5.253220433029288e-08,6.726489798995463e-08,5.282778614785958e-08,8.785386427201115e-08,5.298331144520308e-08,9.563936114137979e-08,5.284871489168703e-08,9.040395204966583e-08,5.2903606927325e-08,9.328455841888563e-08,5.369375378237799e-08,9.615549067701743e-08,5.383085658219226e-08,9.626725819609903e-08,5.39274388305111e-08,9.633514177618264e-08,5.460951320954405e-08,9.661310736237312e-08,5.475039135792466e-08,9.664648340419464e-08
4.641821609619466e-08,0.9999996148474541,3.109582701094837e-08,0.9999996094648214,2.564243878738999e-08,0.9999994587007005,2.891875537971453e-08,0.8521209751306332,4.724671827557972e-08,0.09796363392290729,5.219182877796789e-08,-0.0003424030028317026,5.22507987729084e-08,3.134199333867485e-05,5.266148822338287e-08,-7.442382440478551e-09,5.343292574630496e-08,8.922345007163095e-08,5.246932108360179e-08,1.740565581178927e-07,5.260591210656182e-08,4.285846751127184e-08,5.297748062582187e-08,9.530609542864603e-08,5.313220038321473e-08,9.616559588489322e-08,5.296368096277798e-08,9.492943155833649e-08,5.30281343975015e-08,9.555222640854846e-08,5.396258098290627e-08,9.634979215255986e-08,5.412586295826239e-08,9.644117022175993e-08,5.42402482786988e-08,9.649458746762087e-08,5.504997753357515e-08,9.669871373655394e-08,5.521734978697339e-08,9.672397071377851e-08
4.741821609619466e-08,0.9999996149163964,3.209582701094837e-08,0.999999610266132,2.664243878738998e-08,0.9999994933088681,2.902979359608601e-08,0.900379591469701,4.732888632693219e-08,0.1127197904420052,5.219947035476973e-08,-0.0002579208586147506,5.22680098321921e-08,2.431364211029373e-05,5.276978919338968e-08,6.485536471965598e-08,5.365405933171129e-08,8.934734068073549e-08,5.25341688163693e-08,2.52250976664348e-09,5.270050296846138e-08,6.458058336399664e-08,5.312508385162076e-08,9.592486740857927e-08,5.329566669480965e-08,9.580222973454343e-08,5.310149964849383e-08,9.599339567757832e-08,5.317777935321315e-08,9.596579346733257e-08,5.428146629982248e-08,9.650149808163439e-08,5.447542461083459e-08,9.657110395064007e-08,5.461111215746548e-08,9.661070285736726e-08,5.557340923806118e-08,9.676296188344567e-08,5.577241069342144e-08,9.678241302029806e-08
4.841821609619467e-08,0.9999996149801753,3.309582701094837e-08,0.9999996109211158,2.764243878738998e-08,0.9999995186631313,2.91153658073087e-08,0.9351399497641525,4.741838945903841e-08,0.1291843134082633,5.220847939988198e-08,-0.0001540391333540593,5.228969491297675e-08,1.676753816453588e-05,5.287506922065252e-08,8.853728706648244e-08,5.391575136645673e-08,8.956419975179276e-08,5.261800027512749e-08,9.080346668152834e-09,5.28220111163563e-08,8.553173340712169e-08,5.328710910090315e-08,9.552423800459165e-08,5.349283522054702e-08,9.582492369395413e-08,5.326313665174981e-08,9.594442664160665e-08,5.335336045468162e-08,9.595194038438231e-08,5.466000928047258e-08,9.661323447105202e-08,5.489020515659227e-08,9.666617106483349e-08,5.505132102252778e-08,9.66962886663236e-08,5.619605877762068e-08,9.681179885092871e-08,5.643291131867592e-08,9.682708926303429e-08
4.941821609619467e-08,0.9999996150392929,3.409582701094837e-08,0.9999996114650279,2.864243878738998e-08,0.9999995374199552,2.921480744974155e-08,0.967427681641528,4.751632520776528e-08,0.1476377905744488,5.222077847875107e-08,-4.028141499019014e-05,5.231783174347172e-08,9.850312550361915e-06,5.299413313322532e-08,9.237732252348996e-08,5.422554881522795e-08,8.972177333255078e-08,5.271933710278094e-08,5.509131498465939e-08,5.293764428096681e-08,9.268955469025152e-08,5.348254575063255e-08,9.551761295479452e-08,5.372571721935407e-08,9.602509740140057e-08,5.345312629600114e-08,9.592345069216086e-08,5.355984906560674e-08,9.603977003734149e-08,5.510934788768301e-08,9.669582608118771e-08,5.5382929806498e-08,9.673709392715351e-08,5.557439351473178e-08,9.676058223729044e-08,5.693751023721475e-08,9.684967494927888e-08,5.721970353599643e-08,9.68620880284386e-08
5.041821609619467e-08,0.9999996150941919,3.509582701094838e-08,0.9999996119230912,2.964243878738998e-08,0.9999995516037447,2.928596208715213e-08,0.9825136756680106,4.762430501815717e-08,0.1684772524766155,5.222953185250177e-08,1.025645279990117e-05,5.235495864582437e-08,4.547041822834926e-06,5.313668961916787e-08,9.08733153715507e-08,5.459278756727223e-08,8.982642659578747e-08,5.28157942604522e-08,8.067074989268455e-08,5.306735677844002e-08,9.446409859902766e-08,5.371335396833542e-08,9.571101424483516e-08,5.399987417123665e-08,9.621596228511055e-08,5.367799150532247e-08,9.608445421663267e-08,5.380445959381732e-08,9.62273865988306e-08,5.564339970580031e-08,9.675798782179758e-08,5.596884044187585e-08,9.679076135395274e-08,5.61966125914027e-08,9.680947901132345e-08,5.782132307143752e-08,9.688009946722804e-08,5.815785689711917e-08,9.689064340078965e-08
5.12e-08,0.9999996151341889,3.609582701094838e-08,0.9999996123136293,3.064243878738998e-08,0.9999995625922556,2.935512888889869e-08,0.99084395803734,4.771920485643994e-08,0.1871915176177587,5.223805344007535e-08,3.63953866725669e-05,5.239930636272984e-08,1.546513754687843e-06,5.330411999543761e-08,8.959625295971052e-08,5.50286158969598e-08,8.990190121474422e-08,5.295999391768811e-08,9.256915993814288e-08,5.322321917329135e-08,9.464737595401863e-08,5.398504143445805e-08,9.590360090825249e-08,5.43251373921934e-08,9.636319730879401e-08,5.394415317752483e-08,9.628316210871812e-08,5.409420487282619e-08,9.640649575115833e-08,5.627885748927604e-08,9.680535728219788e-08,5.666630435473884e-08,9.68320354510827e-08,5.69375591773904e-08,9.684739700064395e-08,5.882132307143752e-08,9.690448425360996e-08,5.915785689711918e-08,9.691262596977655e-08
5.120048828125e-08,0.999996840127452,3.709582701094838e-08,0.9999996126501722,3.164243878738998e-08,0.9999995712857874,2.941575323889315e-08,0.9945347615168127,4.784993467904537e-08,0.2135328719769073,5.224789956336471e-08,5.157342114440716e-05,5.245155647704992e-08,2.277226114399286e-07,5.350124495543564e-08,8.935384857495215e-08,5.554639347219422e-08,8.995904283277161e-08,5.310375771953629e-08,9.316006536533504e-08,5.340615732081631e-08,9.459583360437423e-08,5.430735323928887e-08,9.605308044086068e-08,5.471131719545591e-08,9.647095389286442e-08,5.425930051267294e-08,9.644154620262034e-08,5.443749269764092e-08,9.654130514635606e-08,5.703569081944679e-08,9.684220660646801e-08,5.749741554489402e-08,9.686472208201738e-08,5.782077264691622e-08,9.687784716258209e-08,5.982132307143753e-08,9.692316679391433e-08,6.015785689711918e-08,9.693014200068343e-08
5.120146484375e-08,0.9999913942327094,3.809582701094838e-08,0.9999996129428783,3.264243878738999e-08,0.9999995783406288,2.948512163772856e-08,0.9965226137243252,4.7965845609723e-08,0.237394078733526,5.225942082538384e-08,5.6112799449479e-05,5.251593012714469e-08,-1.498627880888577e-07,5.373465403616359e-08,8.955264682597865e-08,5.616220828332392e-08,9.000267505847913e-08,5.32620064517771e-08,9.213355624453451e-08,5.362140632192611e-08,9.469326523212638e-08,5.469000240747593e-08,9.616214158874451e-08,5.516979854520563e-08,9.65505769197517e-08,5.463297575631688e-08,9.655639790463297e-08,5.484478518561308e-08,9.663954868465071e-08,5.793796685220861e-08,9.687195503219608e-08,5.848874124551842e-08,9.689181834671146e-08,5.882077264691622e-08,9.690226271576001e-08,6.082132307143752e-08,9.693895505995605e-08,6.115785689711917e-08,9.694527385279483e-08
5.120341796875e-08,0.999982452727567,3.909582701094839e-08,0.9999996131995024,3.364243878738999e-08,0.9999995841596394,2.955544663828424e-08,0.997393354811645,4.808131880484638e-08,0.2616031502560632,5.227359865272738e-08,5.165513498729479e-05,5.259375285253065e-08,-1.184932353905196e-07,5.401098015085628e-08,8.976613996397462e-08,5.689540320847691e-08,9.003643858492623e-08,5.345269018174733e-08,9.180684778155424e-08,5.38764800353272e-08,9.487754214132062e-08,5.514426080717029e-08,9.624254774101537e-08,5.571480441192143e-08,9.661058584047303e-08,5.507656772968628e-08,9.664086391064875e-08,5.532856688196069e-08,9.671263780465882e-08,5.893796685220861e-08,9.689546174650751e-08,5.948874124551843e-08,9.691192588383779e-08,5.982077264691622e-08,9.692095961685763e-08,6.182132307143752e-08,9.695303034574142e-08,6.215785689711917e-08,9.695891237586127e-08
5.120504158881811e-08,0.9999768033082472,4.009582701094839e-08,0.9999996134260614,3.464243878738999e-08,0.9999995890140984,2.963639529316736e-08,0.9978737654230346,4.820843630598e-08,0.2887226306614764,5.229140090777287e-08,4.084571449999456e-05,5.268701651259471e-08,-5.31352066729234e-09,5.433822896357867e-08,8.990626265834824e-08,5.77692294859845e-08,9.006342661907547e-08,5.367798525253026e-08,9.194290774357576e-08,5.417871036449982e-08,9.504324387314518e-08,5.56842122738693e-08,9.630311548566349e-08,5.6363396460075e-08,9.665640791706739e-08,5.56037141937862e-08,9.670431761194757e-08,5.590378914006163e-08,9.676787502871785e-08,5.993796685220861e-08,9.691372348560864e-08,6.048874124551842e-08,9.692848484509862e-08,6.082077264691622e-08,9.693675566190958e-08,6.282132307143751e-08,9.696597043503892e-08,6.315785689711917e-08,9.697156429681716e-08
5.120828882895432e-08,0.9999692633515668,4.109582701094839e-08,0.9999996136272957,3.564243878738999e-08,0.9999995930896539,2.97397739420401e-08,0.9982487506055487,4.834470259638272e-08,0.3183027585880848,5.231434034422441e-08,2.735030397426172e-05,5.279969449223498e-08,6.708044188879495e-08,5.472629999441306e-08,8.999952390602128e-08,5.87692294859845e-08,9.008517127654915e-08,5.394323089873025e-08,9.214671318874062e-08,5.453690089470031e-08,9.516524823706142e-08,5.632675013112949e-08,9.634933328108791e-08,5.713598811585035e-08,9.669217692655147e-08,5.623084263390076e-08,9.675261235612787e-08,5.658846912053721e-08,9.681026574441984e-08,6.09379668522086e-08,9.692927636156705e-08,6.148874124551842e-08,9.694306088677026e-08,6.182077264691621e-08,9.695083594734981e-08,6.382132307143751e-08,9.697814894020204e-08,6.415785689711916e-08,9.69835430938547e-08
5.121478330922673e-08,0.9999637909622153,4.209582701094839e-08,0.9999996138069942,3.664243878738999e-08,0.9999995965195217,2.988838036961411e-08,0.9986622460215896,4.849072738439073e-08,0.3505468687417178,5.234482356137175e-08,1.476339211793459e-05,5.290938243356333e-08,8.857959113978242e-08,5.518701709052696e-08,9.006829443796525e-08,5.97692294859845e-08,9.010165373116877e-08,5.425780620378372e-08,9.230227276853702e-08,5.496199794655657e-08,9.525407918492485e-08,5.709208540008848e-08,9.638535229644556e-08,5.805718284823694e-08,9.672120690588083e-08,5.697770926691654e-08,9.679010817569498e-08,5.740427960230317e-08,9.684370514313713e-08,6.19379668522086e-08,9.694319426695612e-08,6.248874124551841e-08,9.695632714709691e-08,6.282077264691621e-08,9.696377911602469e-08,6.48213230714375e-08,9.698979381901646e-08,6.515785689711916e-08,9.69950449458705e-08
5.122777226977157e-08,0.9999688329042071,4.30958270109484e-08,0.9999996139682249,3.764243878739e-08,0.999999599406142,3.005709355006204e-08,0.9990383898850268,4.864889876769117e-08,0.3860686244211253,5.238622853364106e-08,5.640392853620911e-06,5.303347397644441e-08,9.085033749362948e-08,5.573455189995498e-08,9.012074689934046e-08,6.076922948598449e-08,9.011548979436291e-08,5.463117094206144e-08,9.240964325343159e-08,5.546706595196978e-08,9.532041567673436e-08,5.800457731808787e-08,9.641450933568425e-08,5.905718284823694e-08,9.674382258875815e-08,5.786806601875373e-08,9.682027450637729e-08,5.83772807768904e-08,9.687126912127462e-08,6.29379668522086e-08,9.695603032508031e-08,6.348874124551841e-08,9.696872874614877e-08,6.382077264691621e-08,9.69759596485728e-08,6.58213230714375e-08,9.700105365398161e-08,6.615785689711915e-08,9.700620006412121e-08
5.12479496189458e-08,0.9999834013333435,4.40958270109484e-08,0.9999996141135017,3.864243878739e-08,0.9999996018330449,3.021730450650959e-08,0.9993260674532689,4.882021028196318e-08,0.4251951485266693,5.243522431010379e-08,1.293542043706793e-06,5.318208393397612e-08,8.882172196555183e-08,5.638597172557306e-08,9.016093242720565e-08,6.176922948598449e-08,9.012777473909226e-08,5.507430614159416e-08,9.248729084864001e-08,5.606775498718053e-08,9.537072816886761e-08,5.900457731808788e-08,9.64373676223546e-08,6.005718284823694e-08,9.676163075747332e-08,5.886806601875374e-08,9.684432442909477e-08,5.937728077689041e-08,9.689197505164817e-08,6.393796685220859e-08,9.696813619837708e-08,6.448874124551841e-08,9.698053167240626e-08,6.48207726469162e-08,9.698760585302809e-08,6.68213230714375e-08,9.701202949804282e-08,6.715785689711915e-08,9.701709763496607e-08
5.127322661731172e-08,0.9999920769356931,4.50958270109484e-08,0.9999996142449068,3.964243878739e-08,0.9999996038709285,3.036767927419692e-08,0.9995383026722156,4.900560631354149e-08,0.4682548250955469,5.249519341412226e-08,-2.104932039322673e-07,5.335670467755106e-08,8.756032405613046e-08,5.716179907682292e-08,9.019228974883615e-08,6.276922948598449e-08,9.013903055754641e-08,5.560090652980145e-08,9.254588529289254e-08,5.678292543988451e-08,9.540955080084624e-08,6.000457731808787e-08,9.645525419965576e-08,6.105718284823694e-08,9.677691230411206e-08,5.986806601875374e-08,9.686283991190077e-08,6.037728077689041e-08,9.690884209578219e-08,6.493796685220859e-08,9.697972850919248e-08,6.54887412455184e-08,9.69919061556536e-08,6.58207726469162e-08,9.699886650085196e-08,6.782132307143749e-08,9.702279173805258e-08,6.815785689711914e-08,9.702780042904899e-08
5.130661985365977e-08,0.9999937008848196,4.60958270109484e-08,0.9999996143641805,4.064243878739e-08,0.9999996055805599,3.051338729251506e-08,0.9996918212083097,4.920648082144058e-08,0.5156929220463476,5.257093251674434e-08,-3.81396586850186e-07,5.3562371788041e-08,8.740094604143557e-08,5.808670576993071e-08,9.021771729627679e-08,6.376922948598448e-08,9.014959864056998e-08,5.622740559362896e-08,9.2590635082653e-08,5.763526596656196e-08,9.544045669278822e-08,6.100457731808787e-08,9.647054861905164e-08,6.205718284823693e-08,9.679063867812112e-08,6.086806601875373e-08,9.687852936211134e-08,6.13772807768904e-08,9.692359694564862e-08,6.593796685220858e-08,9.699094930894161e-08,6.64887412455184e-08,9.700296689164312e-08,6.682077264691619e-08,9.700984286818004e-08,6.882132307143749e-08,9.703339053629187e-08,6.915785689711914e-08,9.703835323393362e-08
5.135738794591756e-08,0.9999939578542297,4.709582701094841e-08,0.9999996144727905,4.164243878739001e-08,0.9999996070143897,3.06599318987995e-08,0.9998007257593997,4.942445550630287e-08,0.5680221976490319,5.26606541366298e-08,-1.37820512483193e-07,5.380596941330173e-08,8.761836277918117e-08,5.908670576993071e-08,9.023742871332328e-08,6.476922948598448e-08,9.015968564642065e-08,5.697346615347088e-08,9.26253638307691e-08,5.863526596656197e-08,9.546583744705373e-08,6.200457731808786e-08,9.648426172485191e-08,6.305718284823693e-08,9.680333697432343e-08,6.186806601875373e-08,9.689253452397144e-08,6.23772807768904e-08,9.693698177610181e-08,6.693796685220858e-08,9.700189539078298e-08,6.748874124551839e-08,9.701379317434755e-08,6.782077264691619e-08,9.702060540565565e-08,6.982132307143748e-08,9.704386230559185e-08,7.015785689711914e-08,9.704878903184247e-08
5.143313260953318e-08,0.9999984014009482,4.809582701094841e-08,0.9999996145719832,4.264243878739001e-08,0.999999608217516,3.081433969513289e-08,0.9998772223421193,4.966167076111365e-08,0.6258893734839615,5.276832696475998e-08,6.511245143602882e-08,5.409444565858986e-08,8.78159454081571e-08,6.00867057699307e-08,9.025295461262853e-08,6.576922948598447e-08,9.0169426098308e-08,5.786278034690399e-08,9.265326318005074e-08,5.963526596656196e-08,9.548478028089939e-08,6.300457731808786e-08,9.64969290859471e-08,6.405718284823693e-08,9.681533748435838e-08,6.286806601875373e-08,9.690542415237977e-08,6.33772807768904e-08,9.694946213209344e-08,6.793796685220858e-08,9.701263449697548e-08,6.848874124551839e-08,9.702444096736346e-08,6.882077264691618e-08,9.703120431633105e-08,7.082132307143748e-08,9.705423407601234e-08,7.115785689711913e-08,9.705913225196222e-08
5.150333518940793e-08,1.000000093820564,4.909582701094841e-08,0.9999996146628239,4.364243878739001e-08,0.9999996092282863,3.098490320094425e-08,0.9999300766012142,4.992142989060762e-08,0.6902235483683242,5.287257254769294e-08,1.422461682553771e-07,5.443618510144548e-08,8.793902620521303e-08,6.10867057699307e-08,9.026627079744568e-08,6.676922948598447e-08,9.017891119719898e-08,5.8862780346904e-08,9.267549339248673e-08,6.063526596656196e-08,9.550055524576029e-08,6.400457731808785e-08,9.650888853564278e-08,6.505718284823692e-08,9.682684516429021e-08,6.386806601875372e-08,9.691756391039817e-08,6.437728077689039e-08,9.696131932847629e-08,6.893796685220857e-08,9.702321487485655e-08,6.948874124551838e-08,9.70349507358314e-08,6.982077264691618e-08,9.704167607530431e-08,7.182132307143747e-08,9.706452611215995e-08,7.215785689711913e-08,9.706940148981371e-08
5.15687415903501e-08,1.000002664864648,5.009582701094841e-08,0.9999996147462297,4.464243878739001e-08,0.9999996100791376,3.118192579919151e-08,0.9999651557653253,5.020967785969895e-08,0.7625629475122605,5.299024492757035e-08,1.629099398833183e-07,5.484155351673853e-08,8.802114405931957e-08,6.20867057699307e-08,9.027822058526882e-08,6.776922948598447e-08,9.018820449594597e-08,5.986278034690399e-08,9.269256875117485e-08,6.163526596656195e-08,9.551451840138433e-08,6.500457731808785e-08,9.652034891931729e-08,6.605718284823692e-08,9.683799555536777e-08,6.486806601875372e-08,9.692917745686203e-08,6.537728077689039e-08,9.697273209347859e-08,6.993796685220857e-08,9.703367173251884e-08,7.048874124551838e-08,9.704535234908985e-08,7.082077264691618e-08,9.705204774478081e-08,7.282132307143747e-08,9.70747539935494e-08,7.315785689711912e-08,9.707961091322584e-08
5.160252569003457e-08,1.000012294680113,5.064396613707421e-08,0.9999996147883138,4.564243878739002e-08,0.9999996107972386,3.142036772754744e-08,0.999986580597104,5.05411442435723e-08,0.8462750514240386,5.313107629790768e-08,1.616432219207169e-07,5.532293459522203e-08,8.808244020512714e-08,6.308670576993069e-08,9.028926726482374e-08,6.876922948598446e-08,9.019735104695593e-08,6.086278034690399e-08,9.270701339524637e-08,6.263526596656195e-08,9.552727688698586e-08,6.600457731808785e-08,9.653144781942945e-08,6.705718284823691e-08,9.684888106442747e-08,6.586806601875371e-08,9.694041109076277e-08,6.637728077689038e-08,9.698382016986593e-08,7.093796685220856e-08,9.704403119935008e-08,7.148874124551838e-08,9.705566805968687e-08,7.182077264691617e-08,9.706233966485376e-08,7.382132307143747e-08,9.70849297571338e-08,7.415785689711912e-08,9.708977161357786e-08
5.162931707170229e-08,1.000034699190217,5.11921052632e-08,0.9999996148290387,4.664243878739002e-08,0.9999996114052068,3.172517688088042e-08,0.9999975401667373,5.085478264808615e-08,0.9225211762908735,5.329647491861684e-08,1.57848811332104e-07,5.589517283896456e-08,8.81293923500732e-08,6.408670576993069e-08,9.029970019842986e-08,6.976922948598446e-08,9.020638380191533e-08,6.186278034690398e-08,9.271989100750035e-08,6.363526596656194e-08,9.553923605492391e-08,6.700457731808784e-08,9.654227912909759e-08,6.805718284823691e-08,9.685956655031099e-08,6.686806601875371e-08,9.695136418352085e-08,6.737728077689038e-08,9.699466617252134e-08,7.193796685220856e-08,9.705431292111777e-08,7.248874124551837e-08,9.706591487032094e-08,7.282077264691617e-08,9.707256734260724e-08,7.482132307143746e-08,9.709506277972153e-08,7.515785689711911e-08,9.709989234809464e-08
5.165007977639513e-08,1.000070154300609,5.119259354445e-08,0.9999968596731009,4.764243878739002e-08,0.9999996119217782,3.2134481700747e-08,1.00000108239208,5.101160185034307e-08,0.9554070302895031,5.349121102020559e-08,1.566413587509209e-07,5.657614689265118e-08,8.816549009667386e-08,6.508670576993068e-08,9.030969942943013e-08,7.076922948598445e-08,9.021532689386554e-08,6.286278034690398e-08,9.273173060790419e-08,6.463526596656194e-08,9.555063885369082e-08,6.800457731808784e-08,9.655290852616621e-08,6.90571828482369e-08,9.687009838568244e-08,6.78680660187537e-08,9.696210618999613e-08,6.837728077689037e-08,9.700532823814306e-08,7.293796685220855e-08,9.706453202680383e-08,7.348874124551837e-08,9.707610581469082e-08,7.382077264691616e-08,9.708274281048111e-08,7.582132307143746e-08,9.710516051492956e-08,7.615785689711911e-08,9.710997990097515e-08
5.167128551592933e-08,1.000138778144521,5.119357010695e-08,0.9999914158111229,4.864243878739002e-08,0.9999996123624216,3.26697402765435e-08,1.000000594711262,5.109001145147154e-08,0.9689688411314549,5.372179094945789e-08,1.569833953302152e-07,5.738735643712339e-08,8.819386724248593e-08,6.608670576993068e-08,9.031938384542953e-08,7.176922948598445e-08,9.022419867532869e-08,6.386278034690397e-08,9.274287273412843e-08,6.563526596656194e-08,9.556164204559535e-08,6.900457731808783e-08,9.656338298780242e-08,7.00571828482369e-08,9.688051046033283e-08,6.88680660187537e-08,9.697268654957392e-08,6.937728077689037e-08,9.70158483405309e-08,7.393796685220855e-08,9.707470016733666e-08,7.448874124551836e-08,9.708625111889277e-08,7.482077264691616e-08,9.709287554122989e-08,7.682132307143745e-08,9.711522903495106e-08,7.715785689711911e-08,9.712003994751561e-08
5.168832037580967e-08,1.000232358437445,5.119552323195001e-08,0.999982474928908,4.964243878739002e-08,0.999999612739882,3.34350773604667e-08,0.9999994772236926,5.11684210526e-08,0.9795538793746932,5.399475517159931e-08,1.575365868174422e-07,5.835464976870305e-08,8.821714570873076e-08,6.708670576993067e-08,9.032883485733764e-08,7.276922948598444e-08,9.023301300370416e-08,6.486278034690397e-08,9.275352553144665e-08,6.663526596656193e-08,9.557235169354806e-08,7.000457731808783e-08,9.657373671283902e-08,7.10571828482369e-08,9.689082799027598e-08,6.98680660187537e-08,9.698314118209183e-08,7.037728077689037e-08,9.702625733376705e-08,7.493796685220855e-08,9.708482651371698e-08,7.548874124551836e-08,9.709635885646156e-08,7.582077264691615e-08,9.710297298250742e-08,7.782132307143745e-08,9.712527304166639e-08,7.81578568971191e-08,9.713007695887736e-08
5.169999999999999e-08,1.000323015595,5.11971468597731e-08,0.9999768235638575,5.041332465684501e-08,0.9999996129923765,3.44350773604667e-08,0.9999991001736364,5.116852595464953e-08,0.9795650351615993,5.431799857134794e-08,1.579106602782862e-07,5.935464976870305e-08,8.823463804579738e-08,6.808670576993067e-08,9.033810950151625e-08,7.376922948598444e-08,9.02417806958897e-08,6.586278034690397e-08,9.276382498828807e-08,6.763526596656193e-08,9.558284141398786e-08,7.100457731808782e-08,9.658399521784374e-08,7.205718284823689e-08,9.690106991612794e-08,7.086806601875369e-08,9.699349682660251e-08,7.137728077689036e-08,9.703657821175185e-08,7.593796685220854e-08,9.709491840324816e-08,7.648874124551835e-08,9.710643548182731e-08,7.682077264691615e-08,9.711304113130502e-08,7.882132307143744e-08,9.71352965587874e-08,7.91578568971191e-08,9.714009466140247e-08
5.17000482004979e-08,1.00032369515121,5.120039411541929e-08,0.9999692757834352,5.11842105263e-08,0.9999996132186745,3.54350773604667e-08,0.9999992060755698,5.116873575874859e-08,0.9795872330532451,5.470128774698452e-08,1.581483633391248e-07,6.035464976870304e-08,8.824879224442987e-08,6.908670576993067e-08,9.034724857246284e-08,7.476922948598444e-08,9.025051025250648e-08,6.686278034690396e-08,9.277386362022229e-08,6.863526596656192e-08,9.559316329628574e-08,7.200457731808782e-08,9.659417764224494e-08,7.305718284823689e-08,9.691125092092104e-08,7.186806601875369e-08,9.700377350478323e-08,7.237728077689036e-08,9.704682847089972e-08,7.693796685220854e-08,9.710498161956105e-08,7.748874124551835e-08,9.711648610873739e-08,7.782077264691615e-08,9.712308485680894e-08,7.982132307143744e-08,9.714530278879522e-08,8.015785689711909e-08,9.715009597474477e-08
5.17001446014937e-08,1.000325101907404,5.120688862671167e-08,0.999963782963622,5.118469880755e-08,0.9999968893530976,3.643507736046671e-08,0.9999993293547799,5.116915536694671e-08,0.9796316229976361,5.515628893503064e-08,1.583183498649651e-07,6.135464976870304e-08,8.826111558317581e-08,7.008670576993066e-08,9.03562819307262e-08,7.576922948598443e-08,9.025920827081843e-08,6.786278034690396e-08,9.278370598367919e-08,6.963526596656192e-08,9.560335519565589e-08,7.300457731808782e-08,9.660429874302347e-08,7.405718284823688e-08,9.692138224568309e-08,7.286806601875368e-08,9.701398663539308e-08,7.337728077689035e-08,9.705702156330941e-08,7.793796685220853e-08,9.711502081360774e-08,7.848874124551835e-08,9.712651502346868e-08,7.882077264691614e-08,9.71331080202721e-08,8.082132307143744e-08,9.715529444724125e-08,8.115785689711909e-08,9.71600834874983e-08
5.170033740348531e-08,1.000327868360468,5.121987764929643e-08,0.9999687935117152,5.118567537005e-08,0.9999914741278492,3.743507736046671e-08,0.9999993983181612,5.116951539730767e-08,0.9796697147648145,5.569698494057255e-08,1.584473437305917e-07,6.235464976870303e-08,8.827225715732409e-08,7.108670576993066e-08,9.036523179178294e-08,7.676922948598443e-08,9.026788011557873e-08,6.886278034690395e-08,9.2793398027245e-08,7.063526596656191e-08,9.561344496153827e-08,7.400457731808781e-08,9.661436992265259e-08,7.505718284823688e-08,9.693147284738718e-08,7.386806601875368e-08,9.702414806991115e-08,7.437728077689035e-08,9.706716798904682e-08,7.893796685220853e-08,9.712503997731953e-08,7.948874124551834e-08,9.713652565034842e-08,7.982077264691614e-08,9.714311391435886e-08,8.182132307143743e-08,9.716527370234258e-08,8.215785689711908e-08,9.717005932534314e-08
5.170057787944506e-08,1.000331200296455,5.124006569587785e-08,0.9999833521138742,5.118762849505e-08,0.9999825186703086,3.843507736046671e-08,0.9999994403088385,5.117023545802961e-08,0.9797458986082138,5.634021569056104e-08,1.585462127542054e-07,6.335464976870303e-08,8.828261882323938e-08,7.208670576993065e-08,9.037411491461718e-08,7.776922948598442e-08,9.027653015122993e-08,6.986278034690395e-08,9.280297326372609e-08,7.163526596656191e-08,9.562345353178622e-08,7.500457731808781e-08,9.662440014494981e-08,7.605718284823687e-08,9.694152977889028e-08,7.486806601875367e-08,9.703426716885793e-08,7.537728077689034e-08,9.707727604443308e-08,7.993796685220852e-08,9.713504213779861e-08,8.048874124551834e-08,9.714652083367169e-08,8.082077264691613e-08,9.715310513734314e-08,8.282132307143743e-08,9.717524242299073e-08,8.315785689711908e-08,9.718002519917937e-08
5.170105883136457e-08,1.000337481628238,5.126535898716573e-08,0.9999920278242768,5.118925213602262e-08,0.9999768492063492,3.943507736046671e-08,0.9999994716379754,5.117167557947347e-08,0.9798982067225271,5.710622997134584e-08,1.58623383671595e-07,6.435464976870303e-08,8.829244391933413e-08,7.308670576993065e-08,9.038294422231681e-08,7.876922948598442e-08,9.028516188144025e-08,7.086278034690394e-08,9.281245641278459e-08,7.263526596656191e-08,9.563339682653502e-08,7.60045773180878e-08,9.663439655706462e-08,7.705718284823687e-08,9.695155871232447e-08,7.586806601875367e-08,9.70443512463286e-08,7.637728077689034e-08,9.708735231387493e-08,8.093796685220852e-08,9.714502996360836e-08,8.148874124551833e-08,9.715650290408095e-08,8.182077264691613e-08,9.716308402818862e-08,8.382132307143742e-08,9.718520223832475e-08,8.415785689711908e-08,9.718998260438724e-08
5.170202073520359e-08,1.000348602800895,5.129877746881942e-08,0.9999936574682572,5.119249941796786e-08,0.9999692581964863,4.043507736046672e-08,0.9999994964573662,5.117455582236119e-08,0.9802021755836475,5.80193698621228e-08,1.586860470789175e-07,6.535464976870302e-08,8.830188665381318e-08,7.408670576993064e-08,9.03917296350213e-08,7.976922948598441e-08,9.02937781040073e-08,7.186278034690394e-08,9.282186619287927e-08,7.36352659665619e-08,9.564328722042521e-08,7.70045773180878e-08,9.664436482542442e-08,7.805718284823687e-08,9.696156422590251e-08,7.686806601875367e-08,9.705440637113549e-08,7.737728077689034e-08,9.709740209002543e-08,8.193796685220852e-08,9.715500566628582e-08,8.248874124551833e-08,9.716647392254078e-08,8.282077264691612e-08,9.717305237884369e-08,8.482132307143742e-08,9.719515445774691e-08,8.515785689711907e-08,9.719993277536734e-08
5.170394454288163e-08,1.000365703829547,5.134960003057208e-08,0.9999939243697176,5.119899398185834e-08,0.9999636793176687,4.143507736046672e-08,0.9999995161386677,5.118031630813663e-08,0.9808050324992361,5.90193698621228e-08,1.587354189455981e-07,6.635464976870302e-08,8.83110502020075e-08,7.508670576993064e-08,9.040047906846011e-08,8.076922948598441e-08,9.030238136774049e-08,7.286278034690394e-08,9.283121687587895e-08,7.46352659665619e-08,9.56531342892798e-08,7.800457731808779e-08,9.665430957936692e-08,7.905718284823686e-08,9.697155008154487e-08,7.786806601875366e-08,9.706443716708068e-08,7.837728077689033e-08,9.710742967073124e-08,8.293796685220851e-08,9.716497103356449e-08,8.348874124551832e-08,9.717643547943223e-08,8.382077264691612e-08,9.718301177787893e-08,8.582132307143741e-08,9.720510019107438e-08,8.615785689711907e-08,9.720987687011818e-08
5.17077921582377e-08,1.000383462341462,5.142532863909901e-08,0.9999983734886169,5.12119831096393e-08,0.9999685842856958,4.243507736046672e-08,0.999999531814061,5.119183727968752e-08,0.981978131877036,6.00193698621228e-08,1.58774280164378e-07,6.735464976870301e-08,8.832000577826195e-08,7.608670576993064e-08,9.040919868109238e-08,8.176922948598441e-08,9.031097358190613e-08,7.386278034690393e-08,9.284051947555653e-08,7.563526596656189e-08,9.566294568451945e-08,7.900457731808779e-08,9.666423456146496e-08,8.005718284823686e-08,9.698151937918807e-08,7.886806601875366e-08,9.707444762277399e-08,7.937728077689033e-08,9.711743860707558e-08,8.393796685220851e-08,9.71749276222341e-08,8.448874124551832e-08,9.718638901481428e-08,8.482077264691612e-08,9.719296359342674e-08,8.682132307143741e-08,9.721504043678956e-08,8.715785689711906e-08,9.721981571840845e-08
5.171548738894985e-08,1.000376334740039,5.149560360594502e-08,1.000000077997519,5.123218249416156e-08,0.9999831368300994,4.343507736046672e-08,0.9999995444281551,5.121073964748076e-08,0.9837803430712579,6.10193698621228e-08,1.588076674620434e-07,6.835464976870301e-08,8.832880333924537e-08,7.708670576993063e-08,9.041789360619049e-08,8.27692294859844e-08,9.031955638091135e-08,7.486278034690393e-08,9.284978273189853e-08,7.663526596656189e-08,9.567272744549767e-08,8.000457731808779e-08,9.667414296258542e-08,8.105718284823685e-08,9.699147462489821e-08,7.986806601875365e-08,9.708444096779042e-08,8.037728077689032e-08,9.712743182165701e-08,8.49379668522085e-08,9.718487676143931e-08,8.548874124551832e-08,9.719633572401802e-08,8.582077264691611e-08,9.720290890996413e-08,8.782132307143741e-08,9.722497601436742e-08,8.815785689711906e-08,9.72297502394017e-08
5.172946189564027e-08,1.000299568359556,5.156095544881325e-08,1.000002682438886,5.125749259100964e-08,0.9999918705291047,4.443507736046672e-08,0.9999995546855494,5.123421732175253e-08,0.9857860390671415,6.20193698621228e-08,1.588377268542041e-07,6.9354649768703e-08,8.833747904218773e-08,7.808670576993063e-08,9.042656778656379e-08,8.37692294859844e-08,9.032813121827783e-08,7.586278034690392e-08,9.285901350305627e-08,7.763526596656188e-08,9.568248452710477e-08,8.100457731808778e-08,9.668403730300365e-08,8.205718284823685e-08,9.700141800593307e-08,8.086806601875365e-08,9.709441976268312e-08,8.137728077689032e-08,9.713741170997371e-08,8.59379668522085e-08,9.719481957884905e-08,8.648874124551831e-08,9.720627660404234e-08,8.682077264691611e-08,9.721284875467797e-08,8.88213230714374e-08,9.723490768879159e-08,8.915785689711905e-08,9.723968099866652e-08
5.174867161303114e-08,1.000171248530253,5.15947376073522e-08,1.00001237886666,5.129093646338905e-08,0.9999935832305512,4.543507736046673e-08,0.9999995631036077,5.126473345735211e-08,0.988016070050828,6.301936986212279e-08,1.588655833151769e-07,7.0354649768703e-08,8.834605939594692e-08,7.908670576993062e-08,9.043522459945536e-08,8.476922948598439e-08,9.033669925542728e-08,7.686278034690392e-08,9.286821728083792e-08,7.863526596656188e-08,9.569222093278303e-08,8.200457731808778e-08,9.66939196921534e-08,8.305718284823684e-08,9.701135129342971e-08,8.186806601875364e-08,9.710438628249182e-08,8.237728077689031e-08,9.71473802743154e-08,8.693796685220849e-08,9.720475699903062e-08,8.748874124551831e-08,9.721621258773451e-08,8.78207726469161e-08,9.722278391315004e-08,8.98213230714374e-08,9.724483606901383e-08,9.015785689711905e-08,9.724960868076149e-08
5.177693664856186e-08,1.000034117623446,5.162151561368882e-08,1.000034897949048,5.134181339664022e-08,0.9999939251182973,4.643507736046673e-08,0.99999957006922,5.130842452442233e-08,0.9905640528685542,6.401936986212279e-08,1.588919452271068e-07,7.1354649768703e-08,8.835456407830902e-08,8.008670576993062e-08,9.04438667247823e-08,8.576922948598439e-08,9.034526148896008e-08,7.786278034690392e-08,9.287739851250478e-08,7.963526596656188e-08,9.570193986495326e-08,8.300457731808777e-08,9.670379192624558e-08,8.405718284823684e-08,9.702127598150269e-08,8.286806601875364e-08,9.7114342366864e-08,8.337728077689031e-08,9.715733924741909e-08,8.793796685220849e-08,9.721468980929153e-08,8.84887412455183e-08,9.722614443638349e-08,8.88207726469161e-08,9.723271517494459e-08,9.082132307143739e-08,9.725476167668665e-08,9.115785689711905e-08,9.725953376264483e-08
5.181193272519755e-08,0.9999660379105759,5.164227460327844e-08,1.000070516546606,5.141752645916871e-08,0.9999984498411636,4.743507736046673e-08,0.9999995758764789,5.139580665856277e-08,0.9940084727230234,6.501936986212278e-08,1.589172536640514e-07,7.235464976870299e-08,8.836300823500818e-08,8.108670576993061e-08,9.04524964173315e-08,8.676922948598438e-08,9.035381887330151e-08,7.886278034690391e-08,9.288656080450241e-08,8.063526596656187e-08,9.571164414304775e-08,8.400457731808777e-08,9.671365554295681e-08,8.505718284823684e-08,9.703119338981465e-08,8.386806601875364e-08,9.712428963147302e-08,8.437728077689031e-08,9.716729002862503e-08,8.893796685220849e-08,9.722461880822256e-08,8.94887412455183e-08,9.723607273969285e-08,8.982077264691609e-08,9.724264313764115e-08,9.182132307143739e-08,9.726468501620383e-08,9.215785689711904e-08,9.726945667095156e-08
5.185537575798555e-08,0.9999326887558732,5.16634717024282e-08,1.000139466589617,5.148787561300282e-08,1.000000226993311,4.843507736046673e-08,0.9999995807516537,5.146275976734609e-08,0.9955785101649872,6.601936986212278e-08,1.589417989754076e-07,7.335464976870299e-08,8.837140339634339e-08,8.208670576993061e-08,9.046111564302706e-08,8.776922948598438e-08,9.036237207820893e-08,7.986278034690391e-08,9.289570716301726e-08,8.163526596656187e-08,9.572133590020318e-08,8.500457731808776e-08,9.672351180958038e-08,8.605718284823683e-08,9.704110456678604e-08,8.486806601875363e-08,9.71342292756091e-08,8.53772807768903e-08,9.717723387878518e-08,8.993796685220848e-08,9.723454453650974e-08,9.048874124551829e-08,9.724599812088357e-08,9.082077264691609e-08,9.725256830237758e-08,9.282132307143738e-08,9.727460647828344e-08,9.315785689711904e-08,9.727937790503787e-08
5.189171656963744e-08,0.9999255939976313,5.16805013397745e-08,1.0002334903421,5.155317242737838e-08,1.000002891396428,4.943507736046674e-08,0.9999995848707246,5.150299312432775e-08,0.9962131280942412,6.701936986212277e-08,1.58965779362544e-07,7.435464976870298e-08,8.837975852261983e-08,8.308670576993061e-08,9.046972592543945e-08,8.876922948598438e-08,9.037092176325064e-08,8.08627803469039e-08,9.290484005054584e-08,8.263526596656186e-08,9.573101707161741e-08,8.600457731808776e-08,9.673336189603574e-08,8.705718284823683e-08,9.705101048325443e-08,8.586806601875363e-08,9.714416253659138e-08,8.63772807768903e-08,9.718717180119911e-08,9.093796685220848e-08,9.724446760802535e-08,9.148874124551829e-08,9.72559211043656e-08,9.182077264691609e-08,9.726249123115496e-08,9.382132307143738e-08,9.728452643438216e-08,9.415785689711903e-08,9.728929774818513e-08
5.192469098023825e-08,0.9999269523628586,5.16921052632e-08,1.000323937613554,5.158695168031957e-08,1.000012692467493,5.043507736046674e-08,0.99999958837199,5.154959965340014e-08,0.9967875926495132,6.801936986212277e-08,1.589893334749469e-07,7.535464976870298e-08,8.838808074714063e-08,8.40867057699306e-08,9.047832860988586e-08,8.976922948598437e-08,9.037946848945956e-08,8.18627803469039e-08,9.291396151030062e-08,8.363526596656186e-08,9.57406892490424e-08,8.700457731808776e-08,9.674320669803376e-08,8.805718284823682e-08,9.706091191332153e-08,8.686806601875362e-08,9.715409035123357e-08,8.737728077689029e-08,9.719710472560196e-08,9.193796685220847e-08,9.725438844577822e-08,9.248874124551829e-08,9.726584205347797e-08,9.282077264691608e-08,9.727241229535202e-08,9.482132307143738e-08,9.729444527501982e-08,9.515785689711903e-08,9.729921653027392e-08
5.196723443924318e-08,0.9999292663222789,5.169215345256194e-08,1.000324618314817,5.161371572197635e-08,1.000035368946656,5.11763157895e-08,0.999999590560384,5.157631702842492e-08,0.9970869637635281,6.901936986212277e-08,1.590125604152169e-07,7.635464976870298e-08,8.839637571381877e-08,8.50867057699306e-08,9.048692480450907e-08,9.076922948598437e-08,9.038801278024763e-08,8.286278034690389e-08,9.292307327263401e-08,8.463526596656185e-08,9.575035377628254e-08,8.800457731808775e-08,9.675304693826786e-08,8.905718284823682e-08,9.707080957356428e-08,8.786806601875362e-08,9.716401353086465e-08,8.837728077689029e-08,9.720703338424279e-08,9.293796685220847e-08,9.726430744080972e-08,9.348874124551828e-08,9.727576141848711e-08,9.382077264691608e-08,9.728233183905551e-08,9.582132307143737e-08,9.730436321437814e-08,9.615785689711902e-08,9.730913453295579e-08
5.199214860384451e-08,0.9999202267509001,5.169224983128584e-08,1.000326027282308,5.163447068379533e-08,1.000071131103927,5.117680407075e-08,0.9999967859572905,5.161242416227224e-08,0.9975875691263196,7.001936986212276e-08,1.590355324736716e-07,7.735464976870297e-08,8.840464800759471e-08,8.608670576993059e-08,9.049551549333518e-08,9.176922948598436e-08,9.039655499883357e-08,8.386278034690389e-08,9.293217680064583e-08,8.563526596656185e-08,9.576001182618553e-08,8.900457731808775e-08,9.676288346214819e-08,9.005718284823681e-08,9.708070408203508e-08,8.886806601875361e-08,9.717393285451955e-08,8.937728077689028e-08,9.721695847326548e-08,9.393796685220846e-08,9.72742249949199e-08,9.448874124551828e-08,9.728567952126768e-08,9.482077264691607e-08,9.729225023767811e-08,9.682132307143737e-08,9.731428054631828e-08,9.715785689711902e-08,9.731905198662552e-08
5.202049064738333e-08,0.9998907373163252,5.169244258873362e-08,1.000328798273937,5.165565889178024e-08,1.000140584138943,5.117778063325e-08,0.999991479998787,5.16303367459712e-08,0.9979408415649063,7.101936986212276e-08,1.590583033780927e-07,7.835464976870297e-08,8.841290129699515e-08,8.708670576993059e-08,9.05041015122128e-08,9.276922948598436e-08,9.040509554652814e-08,8.486278034690389e-08,9.294127331919576e-08,8.663526596656185e-08,9.576966430817569e-08,9.000457731808774e-08,9.677271677572143e-08,9.105718284823681e-08,9.709059593536065e-08,8.986806601875361e-08,9.718384885220792e-08,9.037728077689028e-08,9.722688062596178e-08,9.493796685220846e-08,9.728414144873893e-08,9.548874124551827e-08,9.729559664155385e-08,9.582077264691607e-08,9.730216772867039e-08,9.782132307143736e-08,9.732419748337495e-08,9.815785689711902e-08,9.732896912502661e-08
5.20435415550901e-08,0.9998422997522128,5.169268301254096e-08,1.000332136210449,5.167268264454091e-08,1.000235277097672,5.117973375825001e-08,0.9999822036842138,5.16486302391743e-08,0.9984632332572698,7.201936986212275e-08,1.590809136875544e-07,7.935464976870296e-08,8.842113860478591e-08,8.808670576993058e-08,9.051268362568708e-08,9.376922948598435e-08,9.041363479381016e-08,8.586278034690388e-08,9.295036384217695e-08,8.763526596656184e-08,9.577931207838614e-08,9.100457731808774e-08,9.678254747750086e-08,9.205718284823681e-08,9.710048568897558e-08,9.086806601875361e-08,9.71937621211872e-08,9.137728077689028e-08,9.723680024839051e-08,9.593796685220846e-08,9.72940569996956e-08,9.648874124551827e-08,9.730551308625955e-08,9.682077264691606e-08,9.731208464412816e-08,9.882132307143736e-08,9.733411423155822e-08,9.915785689711901e-08,9.733888614275607e-08
5.206216418978672e-08,0.9997744173588325,5.169316386015563e-08,1.000338430433917,5.168421052629999e-08,1.000325778316122,5.118136008064286e-08,0.9999757659945636,5.165852564588714e-08,0.9988459463356244,7.301936986212275e-08,1.591033944116693e-07,8.035464976870296e-08,8.842936242482337e-08,8.908670576993058e-08,9.052126233919302e-08,9.476922948598435e-08,9.042217292013859e-08,8.686278034690388e-08,9.295944927401941e-08,8.863526596656184e-08,9.578895588999204e-08,9.200457731808774e-08,9.679237598534437e-08,9.30571828482368e-08,9.711037360314139e-08,9.18680660187536e-08,9.720367312634576e-08,9.237728077689027e-08,9.724671783722378e-08,9.693796685220845e-08,9.73039720411789e-08,9.748874124551826e-08,9.731542903721004e-08,9.782077264691606e-08,9.732200119011958e-08,9.941066153571867e-08,9.733995887194312e-08,1e-07,9.734723777150361e-08
5.207910594667711e-08,0.9996659207865587,5.169412555538496e-08,1.000349580433132,5.16842587037689e-08,1.000326461565394,5.118461272542856e-08,0.9999663653596538,5.166842105259999e-08,0.999329830103541,7.401936986212274e-08,1.591257696889208e-07,8.135464976870295e-08,8.843757481134802e-08,9.008670576993058e-08,9.052983830558947e-08,9.576922948598435e-08,9.04307103110474e-08,8.786278034690387e-08,9.296853046558323e-08,8.963526596656183e-08,9.579859638002309e-08,9.300457731808773e-08,9.680220273419596e-08,9.40571828482368e-08,9.712026011201889e-08,9.28680660187536e-08,9.721358232589373e-08,9.337728077689027e-08,9.725663379199019e-08,9.793796685220845e-08,9.731388665212546e-08,9.848874124551826e-08,9.732534473236906e-08,9.882077264691606e-08,9.733191748334844e-08,1e-07,9.734580262713909e-08,  ,  
5.209501986117266e-08,0.9995087866673832,5.169604894584363e-08,1.000366747908944,5.168435505870672e-08,1.00032787559998,5.119111801499997e-08,0.9999570068531214,5.166846803526797e-08,0.9993326679257937,7.501936986212274e-08,1.591480584345074e-07,8.235464976870295e-08,8.844577751599603e-08,9.108670576993057e-08,9.05384119132318e-08,9.676922948598434e-08,9.04392471177974e-08,8.886278034690387e-08,9.297760803057215e-08,9.063526596656183e-08,9.580823409826331e-08,9.400457731808773e-08,9.681202804649299e-08,9.505718284823679e-08,9.71301455850774e-08,9.386806601875359e-08,9.722349004277888e-08,9.437728077689026e-08,9.726654843305878e-08,9.893796685220844e-08,9.732380113512798e-08,9.924437062275913e-08,9.733283743071811e-08,9.941038632345802e-08,9.733776460455979e-08,  ,  ,  ,  
5.211109237739458e-08,0.9992907041602614,5.169989572676097e-08,1.00038465444438,5.168454776858236e-08,1.000330656913517,5.120412859414278e-08,0.999956319504048,5.166856200060392e-08,0.9993384119298483,7.601936986212274e-08,1.591702756917725e-07,8.335464976870295e-08,8.845397203503035e-08,9.208670576993057e-08,9.054698356845833e-08,9.776922948598434e-08,9.044778352930868e-08,8.986278034690386e-08,9.29866824727339e-08,9.163526596656182e-08,9.581786949611713e-08,9.500457731808772e-08,9.682185226301414e-08,9.605718284823679e-08,9.71400302177422e-08,9.486806601875359e-08,9.723339658346377e-08,9.537728077689026e-08,9.727646205240364e-08,9.946898342610422e-08,9.732906630704076e-08,1e-07,9.734032970292089e-08,1e-07,9.734361080910144e-08,  ,  ,  ,  
5.212896269433721e-08,0.9990223749620594,5.170758928859566e-08,1.000377798246419,5.168478813669376e-08,1.000334008178768,5.122435827219224e-08,0.9999634627693348,5.166874993127583e-08,0.9993498881812489,7.701936986212273e-08,1.591924334849468e-07,8.435464976870294e-08,8.846215947651181e-08,9.308670576993056e-08,9.055555370894571e-08,9.876922948598433e-08,9.045631983374544e-08,9.086278034690386e-08,9.299575444053727e-08,9.263526596656182e-08,9.5827503028942e-08,9.600457731808772e-08,9.683167565726856e-08,9.705718284823678e-08,9.714991426142377e-08,9.586806601875358e-08,9.724330225253557e-08,9.637728077689025e-08,9.728637498233726e-08,1e-07,9.733433033287833e-08,  ,  ,  ,  ,  ,  ,  ,  
5.214892846609038e-08,0.9988362755084382,5.172154381966333e-08,1.000301156942407,5.168526887291657e-08,1.000340330289729,5.124969161598452e-08,0.9999754043702732,5.166898464325995e-08,0.9993641664649348,7.801936986212273e-08,1.592145416036805e-07,8.535464976870294e-08,8.847034096959171e-08,9.408670576993056e-08,9.056412256249136e-08,9.938461474299217e-08,9.046157312889775e-08,9.186278034690386e-08,9.300482427502502e-08,9.363526596656182e-08,9.583713499747472e-08,9.700457731808771e-08,9.684149844664371e-08,9.805718284823678e-08,9.715979805942655e-08,9.686806601875358e-08,9.725320735205205e-08,9.737728077689025e-08,9.729628741587276e-08,  ,  ,  ,  ,  ,  ,  ,  ,  ,  
5.215895900371081e-08,0.9988008373143099,5.174080678417188e-08,1.00017241074805,5.168623034536218e-08,1.00035154020148,5.128322063497546e-08,0.9999821537721756,5.166945406722819e-08,0.9993925473520155,7.901936986212272e-08,1.592366080040123e-07,8.635464976870293e-08,8.847851742877513e-08,9.508670576993055e-08,9.057269045094416e-08,1e-07,9.046682573338675e-08,9.286278034690385e-08,9.301389241314761e-08,9.463526596656181e-08,9.584676578691536e-08,9.800457731808771e-08,9.68513209338467e-08,9.905718284823678e-08,9.716968160392954e-08,9.786806601875358e-08,9.726311206858303e-08,9.837728077689025e-08,9.730619958050611e-08,  ,  ,  ,  ,  ,  ,  ,  ,  ,  
5.216856686292082e-08,0.9987844710497441,5.176862339568993e-08,1.000036018865863,5.168815329025341e-08,1.0003688388729,5.133412320528798e-08,0.9999868477313627,5.167039291516468e-08,0.9994486241614756,8.001936986212272e-08,1.592586392031153e-07,8.735464976870293e-08,8.848668957036319e-08,9.608670576993055e-08,9.058125763981963e-08,  ,  ,9.386278034690385e-08,9.302295913824354e-08,9.563526596656181e-08,9.585639569952797e-08,9.900457731808771e-08,9.686114321551455e-08,1e-07,9.717900008798306e-08,9.886806601875357e-08,9.727301660437993e-08,9.918864038844512e-08,9.731424191040314e-08,  ,  ,  ,  ,  ,  ,  ,  ,  ,  
5.217886031597649e-08,0.9987757779748805,5.18039664292946e-08,0.9999658141289778,5.169199918003587e-08,1.000387022601823,5.14097456578767e-08,0.9999957588476461,5.167227061103764e-08,0.9995581490377979,8.101936986212271e-08,1.59280640643988e-07,8.835464976870292e-08,8.849485807281627e-08,9.708670576993055e-08,9.058982432070739e-08,  ,  ,9.486278034690384e-08,9.303202483773307e-08,9.66352659665618e-08,9.586602491858445e-08,1e-07,9.687092062655698e-08,  ,  ,9.943403300937679e-08,9.727862260203924e-08,1e-07,9.732228395507474e-08,  ,  ,  ,  ,  ,  ,  ,  ,  ,  
5.218964103672884e-08,0.9987732571118428,5.184711767265013e-08,0.9999320337747576,5.169969095960079e-08,1.000380649714851,5.148019980361413e-08,1.000000167004673,5.167602600278356e-08,0.999767409005191,8.201936986212271e-08,1.5930261684689e-07,8.935464976870292e-08,8.85030234833886e-08,9.808670576993054e-08,9.059839066930118e-08,  ,  ,9.586278034690384e-08,9.304108970036149e-08,9.76352659665618e-08,9.58756537580667e-08,  ,  ,  ,  ,1e-07,9.72842275739968e-08,  ,  ,  ,  ,  ,  ,  ,  ,  ,  ,  ,  
5.220044070691697e-08,0.998777390698803,5.18834462863161e-08,0.9999248054207827,5.171362824956885e-08,1.00030432382618,5.154539060734815e-08,1.000005540942609,5.168353678627541e-08,1.000168004142908,8.301936986212271e-08,1.593245716252723e-07,9.035464976870292e-08,8.851118636123879e-08,9.908670576993054e-08,9.060695693674981e-08,  ,  ,9.686278034690383e-08,9.305015403490135e-08,9.863526596656179e-08,9.588528232674257e-08,  ,  ,  ,  ,  ,  ,  ,  ,  ,  ,  ,  ,  ,  ,  ,  ,  ,  
5.221347324893034e-08,0.9987996611382245,5.191642618591539e-08,0.9999263645995045,5.173294748952709e-08,1.000174780345177,5.157915293396823e-08,1.000019193404144,5.169722993137553e-08,1.000833846117799,8.40193698621227e-08,1.593465081461124e-07,9.135464976870291e-08,8.851934709432255e-08,1e-07,9.061478050096487e-08,  ,  ,9.786278034690383e-08,9.30592179734101e-08,9.93176329832809e-08,9.589185277304346e-08,  ,  ,  ,  ,  ,  ,  ,  ,  ,  ,  ,  ,  ,  ,  ,  ,  ,  
5.22281310560802e-08,0.9988534074161364,5.195894361850073e-08,0.9999289638008999,5.176039964241556e-08,1.000038396229854,5.160589535794498e-08,1.000050251973873,5.171621298744408e-08,1.001557859300993,8.50193698621227e-08,1.593684291700231e-07,9.235464976870291e-08,8.852750606243382e-08,  ,  ,  ,  ,9.886278034690383e-08,9.306828174768514e-08,1e-07,9.589842254417338e-08,  ,  ,  ,  ,  ,  ,  ,  ,  ,  ,  ,  ,  ,  ,  ,  ,  ,  
5.224179005084506e-08,0.9989460239289217,5.198380003047119e-08,0.9999200433777754,5.179590663778976e-08,0.9999658899258733,5.162664484682831e-08,1.000100306949094,5.174346190128104e-08,1.002287676616018,8.601936986212269e-08,1.593903369966588e-07,9.33546497687029e-08,8.853566361048383e-08,  ,  ,  ,  ,9.943139017345191e-08,9.307343586996583e-08,  ,  ,  ,  ,  ,  ,  ,  ,  ,  ,  ,  ,  ,  ,  ,  ,  ,  ,  ,  
5.225289088468728e-08,0.9990893069967679,5.201213124783756e-08,0.9998903945128523,5.183911813872169e-08,0.9999310483497651,5.16478204988199e-08,1.000195228602078,5.177845249685944e-08,1.002816197325621,8.701936986212269e-08,1.59412233607971e-07,9.43546497687029e-08,8.854382002367221e-08,  ,  ,  ,  ,1e-07,9.30785889435947e-08,  ,  ,  ,  ,  ,  ,  ,  ,  ,  ,  ,  ,  ,  ,  ,  ,  ,  ,  ,  
5.226115199285374e-08,0.9992522671452653,5.203513926689242e-08,0.9998413754267007,5.187549918189896e-08,0.9999234626149404,5.16648377090579e-08,1.000327790386543,5.182050416180363e-08,1.002908908256606,8.801936986212268e-08,1.594341207152089e-07,9.535464976870289e-08,8.855197555408194e-08,  ,  ,  ,  ,  ,  ,  ,  ,  ,  ,  ,  ,  ,  ,  ,  ,  ,  ,  ,  ,  ,  ,  ,  ,  ,  
5.226863863616855e-08,0.9994255325232442,5.205369050774178e-08,0.9997724954662172,5.190846353525058e-08,0.9999251880459974,5.16763157895e-08,1.000456255379276,5.185754847692405e-08,1.002519613393764,8.901936986212268e-08,1.594559998295557e-07,9.635464976870289e-08,8.856013044212789e-08,  ,  ,  ,  ,  ,  ,  ,  ,  ,  ,  ,  ,  ,  ,  ,  ,  ,  ,  ,  ,  ,  ,  ,  ,  ,  
5.227718094960405e-08,0.9996165105095719,5.207053411658034e-08,0.9996622809649054,5.195098872062445e-08,0.9999280280725061,5.167636395212084e-08,1.000457129055087,5.189038085634242e-08,1.001862135659328,9.001936986212268e-08,1.594778721954529e-07,9.735464976870289e-08,8.856828491838785e-08,  ,  ,  ,  ,  ,  ,  ,  ,  ,  ,  ,  ,  ,  ,  ,  ,  ,  ,  ,  ,  ,  ,  ,  ,  ,  
5.228569467030432e-08,0.9997734495997469,5.208629981990427e-08,0.9995031257670479,5.197578332764796e-08,0.9999191391369834,5.167646027736251e-08,1.000458927612034,5.193174723507002e-08,1.000747916808431,9.101936986212267e-08,1.594997389731267e-07,9.835464976870288e-08,8.857643914887856e-08,  ,  ,  ,  ,  ,  ,  ,  ,  ,  ,  ,  ,  ,  ,  ,  ,  ,  ,  ,  ,  ,  ,  ,  ,  ,  
5.22936019737999e-08,0.9998813193625689,5.210212602056749e-08,0.9992841088776785,5.200402329255802e-08,0.9998893248540955,5.167665292784587e-08,1.000462482750499,5.195520951023996e-08,1.000032967040106,9.201936986212267e-08,1.595216010979468e-07,9.917732488435144e-08,8.858314742942793e-08,  ,  ,  ,  ,  ,  ,  ,  ,  ,  ,  ,  ,  ,  ,  ,  ,  ,  ,  ,  ,  ,  ,  ,  ,  ,  
5.23022914826643e-08,0.9999607670970114,5.211954687012713e-08,0.999018364336951,5.20269605064125e-08,0.9998397755049382,5.167689322530046e-08,1.000466806829234,5.198205545729659e-08,0.9993325402175613,9.301936986212266e-08,1.595434594756771e-07,1e-07,8.858985548108914e-08,  ,  ,  ,  ,  ,  ,  ,  ,  ,  ,  ,  ,  ,  ,  ,  ,  ,  ,  ,  ,  ,  ,  ,  ,  ,  
5.231232837803245e-08,1.000015772986281,5.213882896201987e-08,0.998834461478279,5.204543671831969e-08,0.9997699417890114,5.167737382020963e-08,1.000475097739616,5.200374819899236e-08,0.9989000703227399,9.401936986212266e-08,1.595653148415067e-07,  ,  ,  ,  ,  ,  ,  ,  ,  ,  ,  ,  ,  ,  ,  ,  ,  ,  ,  ,  ,  ,  ,  ,  ,  ,  ,  ,  
5.23242767483115e-08,1.000046375028894,5.214931412097449e-08,0.998798317439196,5.206218298068111e-08,0.9996580959986174,5.167833501002799e-08,1.000490320018477,5.202114619484617e-08,0.9986838537446937,9.501936986212265e-08,1.595871678694649e-07,  ,  ,  ,  ,  ,  ,  ,  ,  ,  ,  ,  ,  ,  ,  ,  ,  ,  ,  ,  ,  ,  ,  ,  ,  ,  ,  ,  
5.233906838427137e-08,1.00005022041249,5.216003492305034e-08,0.9987845833654473,5.207780361290129e-08,0.9994968517290369,5.16802573896647e-08,1.000515816007197,5.203687966783416e-08,0.998580940977208,9.601936986212265e-08,1.596090191342332e-07,  ,  ,  ,  ,  ,  ,  ,  ,  ,  ,  ,  ,  ,  ,  ,  ,  ,  ,  ,  ,  ,  ,  ,  ,  ,  ,  ,  
5.235764245423566e-08,1.000038098977396,5.216962521770159e-08,0.9987811853524525,5.20933728077454e-08,0.9992768973418206,5.168410214893812e-08,1.000550305780847,5.205150353949863e-08,0.9985158349297985,9.701936986212265e-08,1.596308691659404e-07,  ,  ,  ,  ,  ,  ,  ,  ,  ,  ,  ,  ,  ,  ,  ,  ,  ,  ,  ,  ,  ,  ,  ,  ,  ,  ,  ,  
5.237810074141848e-08,1.000017499587316,5.218198424634545e-08,0.9987852549662387,5.211027270836003e-08,0.9990139160059668,5.169179166748496e-08,1.000572449716236,5.206596276828644e-08,0.9984096106044668,9.801936986212264e-08,1.596527184842143e-07,  ,  ,  ,  ,  ,  ,  ,  ,  ,  ,  ,  ,  ,  ,  ,  ,  ,  ,  ,  ,  ,  ,  ,  ,  ,  ,  ,  
5.239440189629075e-08,1.000000444936613,5.218459904075143e-08,0.99878717123011,5.212950307046208e-08,0.9988261386359985,5.170570368008518e-08,1.000525754212795,5.208186276300222e-08,0.998174272674083,9.901936986212264e-08,1.596745674542853e-07,  ,  ,  ,  ,  ,  ,  ,  ,  ,  ,  ,  ,  ,  ,  ,  ,  ,  ,  ,  ,  ,  ,  ,  ,  ,  ,  ,  
5.240830536914094e-08,0.9999896766905969,5.21898286295634e-08,0.9987924484896226,5.214612644767328e-08,0.9987838227618877,5.172499898294609e-08,1.000392522508919,5.210367170328051e-08,0.9976429063785186,1e-07,1.596959932795991e-07,  ,  ,  ,  ,  ,  ,  ,  ,  ,  ,  ,  ,  ,  ,  ,  ,  ,  ,  ,  ,  ,  ,  ,  ,  ,  ,  ,  
5.242563118376249e-08,0.9999810317458977,5.220028780718733e-08,0.9988082470531663,5.215848296838406e-08,0.9987796755389984,5.175259960909253e-08,1.000202774291801,5.211957797949534e-08,0.9971729583193638,  ,  ,  ,  ,  ,  ,  ,  ,  ,  ,  ,  ,  ,  ,  ,  ,  ,  ,  ,  ,  ,  ,  ,  ,  ,  ,  ,  ,  ,  
5.244279512810639e-08,0.9999786625604811,5.221277410976716e-08,0.9988451494886429,5.216810486289617e-08,0.9987840034652529,5.178770745310493e-08,1.000031174164706,5.213180326414116e-08,0.996814374062529,  ,  ,  ,  ,  ,  ,  ,  ,  ,  ,  ,  ,  ,  ,  ,  ,  ,  ,  ,  ,  ,  ,  ,  ,  ,  ,  ,  ,  ,  
5.24564736612873e-08,0.999980208882181,5.222683821984613e-08,0.9989164553894658,5.217982831749928e-08,0.99879865799388,5.183091964785774e-08,0.9999199668192977,5.214334636598282e-08,0.9965105276913312,  ,  ,  ,  ,  ,  ,  ,  ,  ,  ,  ,  ,  ,  ,  ,  ,  ,  ,  ,  ,  ,  ,  ,  ,  ,  ,  ,  ,  ,  
5.247116724617709e-08,0.9999834869036139,5.223985885931209e-08,0.9990387425477513,5.218245079326826e-08,0.9988033617691788,5.186739659754538e-08,0.9998696041380406,5.215315114546286e-08,0.9962927308242862,  ,  ,  ,  ,  ,  ,  ,  ,  ,  ,  ,  ,  ,  ,  ,  ,  ,  ,  ,  ,  ,  ,  ,  ,  ,  ,  ,  ,  ,  
5.248898254967143e-08,0.9999877624102251,5.224940678736558e-08,0.9991963895369371,5.218769574480623e-08,0.9988144014751645,5.190039765889358e-08,0.9998528823160098,5.216322825362705e-08,0.9961163418656972,  ,  ,  ,  ,  ,  ,  ,  ,  ,  ,  ,  ,  ,  ,  ,  ,  ,  ,  ,  ,  ,  ,  ,  ,  ,  ,  ,  ,  ,  
5.251118494730656e-08,0.9999921223206105,5.225692497446604e-08,0.9993586948294257,5.219818564788217e-08,0.9988419800057832,5.194304378886499e-08,0.9998535984824296,5.217376050357147e-08,0.9959914006104142,  ,  ,  ,  ,  ,  ,  ,  ,  ,  ,  ,  ,  ,  ,  ,  ,  ,  ,  ,  ,  ,  ,  ,  ,  ,  ,  ,  ,  ,  
5.25400301725355e-08,0.9999958349211753,5.226567241372395e-08,0.9995560420594657,5.221074910043322e-08,0.9988933009954741,5.196729341539059e-08,0.9998499688992227,5.218411943643744e-08,0.9959413581709919,  ,  ,  ,  ,  ,  ,  ,  ,  ,  ,  ,  ,  ,  ,  ,  ,  ,  ,  ,  ,  ,  ,  ,  ,  ,  ,  ,  ,  ,  
5.257798452183536e-08,0.9999984376330555,5.227635370267962e-08,0.9997606128333503,5.222461518194392e-08,0.9989851453645313,5.199483365950826e-08,0.9998273554487404,5.219543826092295e-08,0.9960123398038201,  ,  ,  ,  ,  ,  ,  ,  ,  ,  ,  ,  ,  ,  ,  ,  ,  ,  ,  ,  ,  ,  ,  ,  ,  ,  ,  ,  ,  ,  
5.263016274596365e-08,0.9999997127544344,5.228450227245299e-08,0.9998751029564132,5.223586723109549e-08,0.9991224770868959,5.201727625080496e-08,0.9997835554514917,5.220405527701223e-08,0.9961914232432068,  ,  ,  ,  ,  ,  ,  ,  ,  ,  ,  ,  ,  ,  ,  ,  ,  ,  ,  ,  ,  ,  ,  ,  ,  ,  ,  ,  ,  ,  
5.270780324631476e-08,1.000000108462607,5.22928508667334e-08,0.9999549488654845,5.224429246218797e-08,0.9992797046799896,5.203536769711085e-08,0.9997183647687823,5.221143924117698e-08,0.9964295559702391,  ,  ,  ,  ,  ,  ,  ,  ,  ,  ,  ,  ,  ,  ,  ,  ,  ,  ,  ,  ,  ,  ,  ,  ,  ,  ,  ,  ,  ,  
5.283392722829957e-08,1.000000049927299,5.230259981567098e-08,1.000011765058765,5.225192038268445e-08,0.9994477263271502,5.20517285677783e-08,0.9996216065821464,5.222130923535508e-08,0.996824941300621,  ,  ,  ,  ,  ,  ,  ,  ,  ,  ,  ,  ,  ,  ,  ,  ,  ,  ,  ,  ,  ,  ,  ,  ,  ,  ,  ,  ,  ,  
5.294971234203991e-08,0.9999999307296461,5.231402312906879e-08,1.000045364665201,5.226459244836037e-08,0.9997072872670967,5.206695355129061e-08,0.9994785895427423,5.22314972208947e-08,0.9972618184531313,  ,  ,  ,  ,  ,  ,  ,  ,  ,  ,  ,  ,  ,  ,  ,  ,  ,  ,  ,  ,  ,  ,  ,  ,  ,  ,  ,  ,  ,  
5.307683755274096e-08,0.9999998739760785,5.232828396537414e-08,1.000051599984024,5.227364126293025e-08,0.9998475921201022,5.208188851344395e-08,0.9992983858213598,5.223971126692971e-08,0.9976029108543443,  ,  ,  ,  ,  ,  ,  ,  ,  ,  ,  ,  ,  ,  ,  ,  ,  ,  ,  ,  ,  ,  ,  ,  ,  ,  ,  ,  ,  ,  
5.323133746080061e-08,0.9999998619241837,5.234628422762847e-08,1.000041302036493,5.22816090005048e-08,0.999934052851611,5.209803116642105e-08,0.9991066846394286,5.224832255000092e-08,0.9979310806343495,  ,  ,  ,  ,  ,  ,  ,  ,  ,  ,  ,  ,  ,  ,  ,  ,  ,  ,  ,  ,  ,  ,  ,  ,  ,  ,  ,  ,  ,  
5.341233243119599e-08,0.9999998671446758,5.236685185809708e-08,1.000020921965895,5.22908186962783e-08,0.99999671895428,5.211801603135549e-08,0.9989524533525973,5.225826409711637e-08,0.9982634315584691,  ,  ,  ,  ,  ,  ,  ,  ,  ,  ,  ,  ,  ,  ,  ,  ,  ,  ,  ,  ,  ,  ,  ,  ,  ,  ,  ,  ,  ,  
5.3624356755521e-08,0.9999998725861332,5.238368225539107e-08,1.000002957475143,5.230153101018509e-08,1.000039387792593,5.213362007704487e-08,0.9988873377002013,5.227015662789315e-08,0.9985956974985959,  ,  ,  ,  ,  ,  ,  ,  ,  ,  ,  ,  ,  ,  ,  ,  ,  ,  ,  ,  ,  ,  ,  ,  ,  ,  ,  ,  ,  ,  
5.387539833518747e-08,0.9999998753010503,5.239759911607626e-08,0.9999913252755073,5.23147694023942e-08,1.000053383623666,5.214550298320357e-08,0.9988576644021411,5.22849336723938e-08,0.9989212103928371,  ,  ,  ,  ,  ,  ,  ,  ,  ,  ,  ,  ,  ,  ,  ,  ,  ,  ,  ,  ,  ,  ,  ,  ,  ,  ,  ,  ,  ,  
5.417269464386493e-08,0.9999998765749362,5.241386985573849e-08,0.9999823434590827,5.233153965054431e-08,1.000046713843139,5.215600567653974e-08,0.9988466429055493,5.230162336801268e-08,0.999193233170943,  ,  ,  ,  ,  ,  ,  ,  ,  ,  ,  ,  ,  ,  ,  ,  ,  ,  ,  ,  ,  ,  ,  ,  ,  ,  ,  ,  ,  ,  
5.452475270595723e-08,0.9999998773902807,5.243256056293273e-08,0.9999788492375532,5.235168642360107e-08,1.000028272378457,5.216555085639683e-08,0.9988493294296114,5.231691779972702e-08,0.9993714306408876,  ,  ,  ,  ,  ,  ,  ,  ,  ,  ,  ,  ,  ,  ,  ,  ,  ,  ,  ,  ,  ,  ,  ,  ,  ,  ,  ,  ,  ,  
5.494231682910817e-08,0.9999998780050948,5.244649954522063e-08,0.9999801316242964,5.236971823455314e-08,1.000008694326339,5.217687801463169e-08,0.9988665355535583,5.23304808721114e-08,0.9994827124424704,  ,  ,  ,  ,  ,  ,  ,  ,  ,  ,  ,  ,  ,  ,  ,  ,  ,  ,  ,  ,  ,  ,  ,  ,  ,  ,  ,  ,  ,  
5.5438172867584e-08,0.9999998784527253,5.246086234533941e-08,0.9999832220732083,5.238405991533829e-08,0.9999949527442696,5.217943844411927e-08,0.9988725322940718,5.234589213840699e-08,0.9995735627553044,  ,  ,  ,  ,  ,  ,  ,  ,  ,  ,  ,  ,  ,  ,  ,  ,  ,  ,  ,  ,  ,  ,  ,  ,  ,  ,  ,  ,  ,  
5.602758028876483e-08,0.9999998787624373,5.247827689940774e-08,0.9999874077772183,5.239904019728265e-08,0.9999852280178492,5.218455930309445e-08,0.9988865304974248,5.23600734802906e-08,0.9996365265767521,  ,  ,  ,  ,  ,  ,  ,  ,  ,  ,  ,  ,  ,  ,  ,  ,  ,  ,  ,  ,  ,  ,  ,  ,  ,  ,  ,  ,  ,  
5.672893101002402e-08,0.9999998789702625,5.249989449738004e-08,0.9999917619437417,5.241238749507224e-08,0.9999806237754696,5.21948010210448e-08,0.9989218459941362,5.237376995958784e-08,0.999686300182149,  ,  ,  ,  ,  ,  ,  ,  ,  ,  ,  ,  ,  ,  ,  ,  ,  ,  ,  ,  ,  ,  ,  ,  ,  ,  ,  ,  ,  ,  
5.756434377504253e-08,0.999999879104487,5.252800768353034e-08,0.9999955511860403,5.242624783826005e-08,0.9999797664019369,5.220755273916075e-08,0.9989923962447691,5.238792147122919e-08,0.9997305053139167,  ,  ,  ,  ,  ,  ,  ,  ,  ,  ,  ,  ,  ,  ,  ,  ,  ,  ,  ,  ,  ,  ,  ,  ,  ,  ,  ,  ,  ,  
5.856039827181427e-08,0.9999998791845092,5.256498511770293e-08,0.9999982622851109,5.244028655404615e-08,0.9999815940130429,5.221881238838343e-08,0.9991052488343881,5.240431953559943e-08,0.9997749632757105,  ,  ,  ,  ,  ,  ,  ,  ,  ,  ,  ,  ,  ,  ,  ,  ,  ,  ,  ,  ,  ,  ,  ,  ,  ,  ,  ,  ,  ,  
5.956039827181427e-08,0.999999879217104,5.261565367025195e-08,0.9999996405317401,5.245626067711523e-08,0.9999850448138032,5.222768400472249e-08,0.9992504404620988,5.242430153659621e-08,0.9998208534968045,  ,  ,  ,  ,  ,  ,  ,  ,  ,  ,  ,  ,  ,  ,  ,  ,  ,  ,  ,  ,  ,  ,  ,  ,  ,  ,  ,  ,  ,  
6.056039827181427e-08,0.9999998792262597,5.269044515320831e-08,1.000000096222931,5.247560448979809e-08,0.9999892718851556,5.223520543272512e-08,0.9994055579709535,5.244954221764736e-08,0.9998675443790376,  ,  ,  ,  ,  ,  ,  ,  ,  ,  ,  ,  ,  ,  ,  ,  ,  ,  ,  ,  ,  ,  ,  ,  ,  ,  ,  ,  ,  ,  
6.156039827181427e-08,0.9999998792225366,5.281275120889659e-08,1.000000063845739,5.249988981456507e-08,0.9999934126824197,5.224492031417016e-08,0.9996097913475752,5.248186155442154e-08,0.9999120604909549,  ,  ,  ,  ,  ,  ,  ,  ,  ,  ,  ,  ,  ,  ,  ,  ,  ,  ,  ,  ,  ,  ,  ,  ,  ,  ,  ,  ,  ,  
6.256039827181426e-08,0.9999998792103836,5.292535321727499e-08,0.99999993896891,5.253082086830227e-08,0.9999967102715895,5.22548836838868e-08,0.9997850964533047,5.252483353962393e-08,0.9999509471938103,  ,  ,  ,  ,  ,  ,  ,  ,  ,  ,  ,  ,  ,  ,  ,  ,  ,  ,  ,  ,  ,  ,  ,  ,  ,  ,  ,  ,  ,  
6.356039827181426e-08,0.9999998791925576,5.304895401773438e-08,0.9999998764349061,5.25716617967956e-08,0.9999988954291689,5.226301566278879e-08,0.9998907149923266,5.258541594108906e-08,0.999980930121007,  ,  ,  ,  ,  ,  ,  ,  ,  ,  ,  ,  ,  ,  ,  ,  ,  ,  ,  ,  ,  ,  ,  ,  ,  ,  ,  ,  ,  ,  
6.456039827181425e-08,0.9999998791707823,5.319915562428394e-08,0.9999998612708378,5.262848179366656e-08,0.9999998754078839,5.227167247101502e-08,0.9999668624601181,5.267954327892172e-08,0.9999991719545744,  ,  ,  ,  ,  ,  ,  ,  ,  ,  ,  ,  ,  ,  ,  ,  ,  ,  ,  ,  ,  ,  ,  ,  ,  ,  ,  ,  ,  ,  
6.556039827181425e-08,0.9999998791461747,5.337512820810262e-08,0.9999998660249793,5.271597851821079e-08,1.000000117279691,5.228176194664057e-08,1.00002162707936,5.279951998823964e-08,1.000003412444566,  ,  ,  ,  ,  ,  ,  ,  ,  ,  ,  ,  ,  ,  ,  ,  ,  ,  ,  ,  ,  ,  ,  ,  ,  ,  ,  ,  ,  ,  
6.656039827181425e-08,0.999999879119486,5.358123833100058e-08,0.999999871840221,5.284483082991245e-08,1.000000003562249,5.22938966036808e-08,1.000051630155244,5.291015852342437e-08,1.000001676622784,  ,  ,  ,  ,  ,  ,  ,  ,  ,  ,  ,  ,  ,  ,  ,  ,  ,  ,  ,  ,  ,  ,  ,  ,  ,  ,  ,  ,  ,  
6.756039827181424e-08,0.999999879091234,5.382523595921616e-08,0.9999998748546064,5.29631896742593e-08,0.9999999067350607,5.230887599015119e-08,1.000054319526839,5.303464305997316e-08,0.9999999824362604,  ,  ,  ,  ,  ,  ,  ,  ,  ,  ,  ,  ,  ,  ,  ,  ,  ,  ,  ,  ,  ,  ,  ,  ,  ,  ,  ,  ,  ,  
6.856039827181424e-08,0.9999998790617853,5.411415659602882e-08,0.9999998762495557,5.309440412234211e-08,0.9999998667170981,5.232706611012945e-08,1.000041028688615,5.318446586124127e-08,0.9999992565784058,  ,  ,  ,  ,  ,  ,  ,  ,  ,  ,  ,  ,  ,  ,  ,  ,  ,  ,  ,  ,  ,  ,  ,  ,  ,  ,  ,  ,  ,  
6.956039827181423e-08,0.9999998790314045,5.445626127312276e-08,0.9999998771143509,5.325333647999402e-08,0.9999998623938264,5.234538150793858e-08,1.000020541361508,5.335967132419912e-08,0.999999078346235,  ,  ,  ,  ,  ,  ,  ,  ,  ,  ,  ,  ,  ,  ,  ,  ,  ,  ,  ,  ,  ,  ,  ,  ,  ,  ,  ,  ,  ,  
7.056039827181423e-08,0.9999998790002864,5.486198264423792e-08,0.9999998777640277,5.343944889879052e-08,0.9999998684015016,5.236015299569648e-08,1.000003123798137,5.356554243310676e-08,0.999999157661899,  ,  ,  ,  ,  ,  ,  ,  ,  ,  ,  ,  ,  ,  ,  ,  ,  ,  ,  ,  ,  ,  ,  ,  ,  ,  ,  ,  ,  ,  
7.156039827181422e-08,0.9999998789685769,5.534373767603709e-08,0.9999998782402678,5.365781679384994e-08,0.9999998730095566,5.23742455894992e-08,0.9999910440929447,5.380941184417528e-08,0.9999992319423172,  ,  ,  ,  ,  ,  ,  ,  ,  ,  ,  ,  ,  ,  ,  ,  ,  ,  ,  ,  ,  ,  ,  ,  ,  ,  ,  ,  ,  ,  
7.256039827181422e-08,0.9999998789363868,5.591634537037599e-08,0.9999998785714347,5.391653769243416e-08,0.9999998752301552,5.238923892355573e-08,0.9999832831049517,5.409817478779058e-08,0.9999992588805533,  ,  ,  ,  ,  ,  ,  ,  ,  ,  ,  ,  ,  ,  ,  ,  ,  ,  ,  ,  ,  ,  ,  ,  ,  ,  ,  ,  ,  ,  
7.356039827181422e-08,0.9999998789038018,5.65976670971192e-08,0.9999998787946591,5.422305127032626e-08,0.9999998763762998,5.240434234412624e-08,0.9999805871044998,5.44401930588464e-08,0.9999992640576397,  ,  ,  ,  ,  ,  ,  ,  ,  ,  ,  ,  ,  ,  ,  ,  ,  ,  ,  ,  ,  ,  ,  ,  ,  ,  ,  ,  ,  ,  
7.456039827181421e-08,0.9999998788708888,5.740918494780399e-08,0.9999998789400145,5.458621247623911e-08,0.9999998771635188,5.241814343013299e-08,0.9999814941136166,5.48458871789824e-08,0.9999992657131542,  ,  ,  ,  ,  ,  ,  ,  ,  ,  ,  ,  ,  ,  ,  ,  ,  ,  ,  ,  ,  ,  ,  ,  ,  ,  ,  ,  ,  ,  
7.556039827181421e-08,0.9999998788377005,5.837671523453432e-08,0.9999998790282493,5.501714917103515e-08,0.9999998777529773,5.243340045630679e-08,0.9999843560009113,5.532765088473522e-08,0.9999992677244584,  ,  ,  ,  ,  ,  ,  ,  ,  ,  ,  ,  ,  ,  ,  ,  ,  ,  ,  ,  ,  ,  ,  ,  ,  ,  ,  ,  ,  ,  
7.65603982718142e-08,0.9999998788042789,5.937671523453432e-08,0.9999998790672734,5.552910419284236e-08,0.9999998781750806,5.24517790137514e-08,0.9999883211587763,5.590032435922468e-08,0.9999992695147233,  ,  ,  ,  ,  ,  ,  ,  ,  ,  ,  ,  ,  ,  ,  ,  ,  ,  ,  ,  ,  ,  ,  ,  ,  ,  ,  ,  ,  ,  
7.75603982718142e-08,0.9999998787706582,6.037671523453431e-08,0.9999998790797388,5.613790704569026e-08,0.9999998784649289,5.247483259061294e-08,0.9999925059073899,5.658179388715226e-08,0.9999992707199472,  ,  ,  ,  ,  ,  ,  ,  ,  ,  ,  ,  ,  ,  ,  ,  ,  ,  ,  ,  ,  ,  ,  ,  ,  ,  ,  ,  ,  ,  
7.856039827181419e-08,0.9999998787368658,6.137671523453431e-08,0.9999998790779154,5.686264143965944e-08,0.9999998786583499,5.250417106280159e-08,0.9999960444537735,5.739356684146247e-08,0.9999992714367163,  ,  ,  ,  ,  ,  ,  ,  ,  ,  ,  ,  ,  ,  ,  ,  ,  ,  ,  ,  ,  ,  ,  ,  ,  ,  ,  ,  ,  ,  
7.956039827181419e-08,0.9999998787029245,6.237671523453431e-08,0.9999998790670069,5.772626239786673e-08,0.999999878781922,5.254274239589739e-08,0.9999985290164631,5.836149674925827e-08,0.9999992718085969,  ,  ,  ,  ,  ,  ,  ,  ,  ,  ,  ,  ,  ,  ,  ,  ,  ,  ,  ,  ,  ,  ,  ,  ,  ,  ,  ,  ,  ,  
8.056039827181419e-08,0.9999998786688529,6.33767152345343e-08,0.9999998790500132,5.872626239786673e-08,0.9999998788517246,5.259581431835711e-08,0.9999997358549123,5.936149674925827e-08,0.9999992719063917,  ,  ,  ,  ,  ,  ,  ,  ,  ,  ,  ,  ,  ,  ,  ,  ,  ,  ,  ,  ,  ,  ,  ,  ,  ,  ,  ,  ,  ,  
8.156039827181418e-08,0.9999998786346663,6.43767152345343e-08,0.9999998790288074,5.972626239786673e-08,0.9999998788792163,5.26758148525195e-08,1.000000105299215,6.036149674925827e-08,0.9999992718576659,  ,  ,  ,  ,  ,  ,  ,  ,  ,  ,  ,  ,  ,  ,  ,  ,  ,  ,  ,  ,  ,  ,  ,  ,  ,  ,  ,  ,  ,  
8.256039827181418e-08,0.9999998786003781,6.537671523453429e-08,0.9999998790045961,6.072626239786672e-08,0.9999998788856548,5.279624834646531e-08,1.000000029655103,6.136149674925827e-08,0.9999992717308308,  ,  ,  ,  ,  ,  ,  ,  ,  ,  ,  ,  ,  ,  ,  ,  ,  ,  ,  ,  ,  ,  ,  ,  ,  ,  ,  ,  ,  ,  
8.356039827181417e-08,0.999999878565999,6.637671523453429e-08,0.9999998789781853,6.172626239786672e-08,0.999999878880148,5.290681991399433e-08,0.999999917438781,6.236149674925826e-08,0.9999992715548504,  ,  ,  ,  ,  ,  ,  ,  ,  ,  ,  ,  ,  ,  ,  ,  ,  ,  ,  ,  ,  ,  ,  ,  ,  ,  ,  ,  ,  ,  
8.456039827181417e-08,0.9999998785315384,6.737671523453428e-08,0.999999878950129,6.272626239786671e-08,0.9999998788667656,5.302899056614322e-08,0.9999998651336628,6.336149674925826e-08,0.9999992713457687,  ,  ,  ,  ,  ,  ,  ,  ,  ,  ,  ,  ,  ,  ,  ,  ,  ,  ,  ,  ,  ,  ,  ,  ,  ,  ,  ,  ,  ,  
8.556039827181416e-08,0.999999878497004,6.837671523453428e-08,0.999999878920817,6.372626239786671e-08,0.9999998788480511,5.31770147274242e-08,0.9999998552574983,6.436149674925826e-08,0.9999992711137181,  ,  ,  ,  ,  ,  ,  ,  ,  ,  ,  ,  ,  ,  ,  ,  ,  ,  ,  ,  ,  ,  ,  ,  ,  ,  ,  ,  ,  ,  
8.656039827181416e-08,0.9999998784624028,6.937671523453428e-08,0.9999998788905297,6.472626239786671e-08,0.9999998788256043,5.33503068535794e-08,0.9999998609825459,6.536149674925825e-08,0.9999992708652785,  ,  ,  ,  ,  ,  ,  ,  ,  ,  ,  ,  ,  ,  ,  ,  ,  ,  ,  ,  ,  ,  ,  ,  ,  ,  ,  ,  ,  ,  
8.756039827181416e-08,0.9999998784277403,7.037671523453427e-08,0.9999998788594732,6.57262623978667e-08,0.999999878800469,5.355345969667111e-08,0.999999866626934,6.636149674925825e-08,0.9999992706048413,  ,  ,  ,  ,  ,  ,  ,  ,  ,  ,  ,  ,  ,  ,  ,  ,  ,  ,  ,  ,  ,  ,  ,  ,  ,  ,  ,  ,  ,  
8.856039827181415e-08,0.9999998783930217,7.137671523453427e-08,0.9999998788278008,6.67262623978667e-08,0.9999998787733502,5.379400393781917e-08,0.999999869558555,6.736149674925824e-08,0.9999992703354205,  ,  ,  ,  ,  ,  ,  ,  ,  ,  ,  ,  ,  ,  ,  ,  ,  ,  ,  ,  ,  ,  ,  ,  ,  ,  ,  ,  ,  ,  
8.956039827181415e-08,0.9999998783582513,7.237671523453426e-08,0.9999998787956297,6.772626239786669e-08,0.9999998787447365,5.4078829371151e-08,0.9999998710139553,6.836149674925824e-08,0.9999992700591361,  ,  ,  ,  ,  ,  ,  ,  ,  ,  ,  ,  ,  ,  ,  ,  ,  ,  ,  ,  ,  ,  ,  ,  ,  ,  ,  ,  ,  ,  
9.056039827181414e-08,0.999999878323433,7.337671523453426e-08,0.9999998787630491,6.872626239786669e-08,0.9999998787149749,5.441610694949422e-08,0.99999987195658,6.936149674925823e-08,0.9999992697775129,  ,  ,  ,  ,  ,  ,  ,  ,  ,  ,  ,  ,  ,  ,  ,  ,  ,  ,  ,  ,  ,  ,  ,  ,  ,  ,  ,  ,  ,  
9.156039827181414e-08,0.9999998782885698,7.437671523453425e-08,0.9999998787301292,6.972626239786668e-08,0.9999998786843164,5.481611845656384e-08,0.9999998726605651,7.036149674925823e-08,0.9999992694916684,  ,  ,  ,  ,  ,  ,  ,  ,  ,  ,  ,  ,  ,  ,  ,  ,  ,  ,  ,  ,  ,  ,  ,  ,  ,  ,  ,  ,  ,  
9.256039827181413e-08,0.9999998782536649,7.537671523453425e-08,0.9999998786969249,7.072626239786668e-08,0.9999998786529468,5.529109806317686e-08,0.9999998731721644,7.136149674925823e-08,0.9999992692024371,  ,  ,  ,  ,  ,  ,  ,  ,  ,  ,  ,  ,  ,  ,  ,  ,  ,  ,  ,  ,  ,  ,  ,  ,  ,  ,  ,  ,  ,  
9.356039827181413e-08,0.9999998782187205,7.637671523453425e-08,0.9999998786634802,7.172626239786668e-08,0.9999998786210057,5.585566173068932e-08,0.9999998735274367,7.236149674925822e-08,0.9999992689104511,  ,  ,  ,  ,  ,  ,  ,  ,  ,  ,  ,  ,  ,  ,  ,  ,  ,  ,  ,  ,  ,  ,  ,  ,  ,  ,  ,  ,  ,  
9.456039827181413e-08,0.9999998781837391,7.737671523453424e-08,0.9999998786298303,7.272626239786667e-08,0.999999878588599,5.652742748782545e-08,0.9999998737672805,7.336149674925822e-08,0.999999268616197,  ,  ,  ,  ,  ,  ,  ,  ,  ,  ,  ,  ,  ,  ,  ,  ,  ,  ,  ,  ,  ,  ,  ,  ,  ,  ,  ,  ,  ,  
9.556039827181412e-08,0.9999998781487227,7.837671523453424e-08,0.9999998785960041,7.372626239786667e-08,0.9999998785558091,5.732758456792933e-08,0.9999998739238101,7.436149674925821e-08,0.9999992683200533,  ,  ,  ,  ,  ,  ,  ,  ,  ,  ,  ,  ,  ,  ,  ,  ,  ,  ,  ,  ,  ,  ,  ,  ,  ,  ,  ,  ,  ,  
9.656039827181412e-08,0.999999878113673,7.937671523453423e-08,0.999999878562025,7.472626239786666e-08,0.9999998785227002,5.828160070636651e-08,0.9999998740192175,7.536149674925821e-08,0.9999992680223182,  ,  ,  ,  ,  ,  ,  ,  ,  ,  ,  ,  ,  ,  ,  ,  ,  ,  ,  ,  ,  ,  ,  ,  ,  ,  ,  ,  ,  ,  
9.756039827181411e-08,0.9999998780785915,8.037671523453423e-08,0.9999998785279122,7.572626239786666e-08,0.9999998784893231,5.928160070636651e-08,0.9999998740625246,7.63614967492582e-08,0.9999992677232297,  ,  ,  ,  ,  ,  ,  ,  ,  ,  ,  ,  ,  ,  ,  ,  ,  ,  ,  ,  ,  ,  ,  ,  ,  ,  ,  ,  ,  ,  
9.856039827181411e-08,0.9999998780434795,8.137671523453422e-08,0.9999998784936819,7.672626239786665e-08,0.9999998784557187,6.02816007063665e-08,0.9999998740764824,7.73614967492582e-08,0.9999992674229787,  ,  ,  ,  ,  ,  ,  ,  ,  ,  ,  ,  ,  ,  ,  ,  ,  ,  ,  ,  ,  ,  ,  ,  ,  ,  ,  ,  ,  ,  
9.928019913590705e-08,0.9999998780181875,8.237671523453422e-08,0.9999998784593475,7.772626239786665e-08,0.9999998784219196,6.12816007063665e-08,0.9999998740748129,7.83614967492582e-08,0.9999992671217203,  ,  ,  ,  ,  ,  ,  ,  ,  ,  ,  ,  ,  ,  ,  ,  ,  ,  ,  ,  ,  ,  ,  ,  ,  ,  ,  ,  ,  ,  
1e-07,0.99999987799288,8.337671523453422e-08,0.9999998784249202,7.872626239786665e-08,0.9999998783879527,6.22816007063665e-08,0.9999998740633474,7.936149674925819e-08,0.9999992668195813,  ,  ,  ,  ,  ,  ,  ,  ,  ,  ,  ,  ,  ,  ,  ,  ,  ,  ,  ,  ,  ,  ,  ,  ,  ,  ,  ,  ,  ,  
  ,  ,8.437671523453421e-08,0.9999998783904097,7.972626239786664e-08,0.9999998783538399,6.328160070636649e-08,0.9999998740453349,8.036149674925819e-08,0.9999992665166664,  ,  ,  ,  ,  ,  ,  ,  ,  ,  ,  ,  ,  ,  ,  ,  ,  ,  ,  ,  ,  ,  ,  ,  ,  ,  ,  ,  ,  ,  
  ,  ,8.537671523453421e-08,0.9999998783558242,8.072626239786664e-08,0.9999998783195991,6.428160070636649e-08,0.9999998740228031,8.136149674925818e-08,0.9999992662130622,  ,  ,  ,  ,  ,  ,  ,  ,  ,  ,  ,  ,  ,  ,  ,  ,  ,  ,  ,  ,  ,  ,  ,  ,  ,  ,  ,  ,  ,  
  ,  ,8.63767152345342e-08,0.9999998783211703,8.172626239786663e-08,0.9999998782852457,6.528160070636648e-08,0.9999998739970545,8.236149674925818e-08,0.9999992659088415,  ,  ,  ,  ,  ,  ,  ,  ,  ,  ,  ,  ,  ,  ,  ,  ,  ,  ,  ,  ,  ,  ,  ,  ,  ,  ,  ,  ,  ,  
  ,  ,8.73767152345342e-08,0.9999998782864543,8.272626239786663e-08,0.9999998782507923,6.628160070636648e-08,0.9999998739689567,8.336149674925817e-08,0.9999992656040652,  ,  ,  ,  ,  ,  ,  ,  ,  ,  ,  ,  ,  ,  ,  ,  ,  ,  ,  ,  ,  ,  ,  ,  ,  ,  ,  ,  ,  ,  
  ,  ,8.837671523453419e-08,0.9999998782516812,8.372626239786662e-08,0.9999998782162495,6.728160070636647e-08,0.9999998739391044,8.436149674925817e-08,0.9999992652987848,  ,  ,  ,  ,  ,  ,  ,  ,  ,  ,  ,  ,  ,  ,  ,  ,  ,  ,  ,  ,  ,  ,  ,  ,  ,  ,  ,  ,  ,  
  ,  ,8.937671523453419e-08,0.9999998782168555,8.472626239786662e-08,0.9999998781816263,6.828160070636647e-08,0.9999998739079151,8.536149674925817e-08,0.9999992649930443,  ,  ,  ,  ,  ,  ,  ,  ,  ,  ,  ,  ,  ,  ,  ,  ,  ,  ,  ,  ,  ,  ,  ,  ,  ,  ,  ,  ,  ,  
  ,  ,9.037671523453419e-08,0.9999998781819811,8.572626239786662e-08,0.9999998781469304,6.928160070636647e-08,0.9999998738756892,8.636149674925816e-08,0.9999992646868811,  ,  ,  ,  ,  ,  ,  ,  ,  ,  ,  ,  ,  ,  ,  ,  ,  ,  ,  ,  ,  ,  ,  ,  ,  ,  ,  ,  ,  ,  
  ,  ,9.137671523453418e-08,0.9999998781470614,8.672626239786661e-08,0.9999998781121683,7.028160070636646e-08,0.9999998738426464,8.736149674925816e-08,0.9999992643803273,  ,  ,  ,  ,  ,  ,  ,  ,  ,  ,  ,  ,  ,  ,  ,  ,  ,  ,  ,  ,  ,  ,  ,  ,  ,  ,  ,  ,  ,  
  ,  ,9.237671523453418e-08,0.9999998781120991,8.772626239786661e-08,0.9999998780773459,7.128160070636646e-08,0.9999998738089506,8.836149674925815e-08,0.9999992640734108,  ,  ,  ,  ,  ,  ,  ,  ,  ,  ,  ,  ,  ,  ,  ,  ,  ,  ,  ,  ,  ,  ,  ,  ,  ,  ,  ,  ,  ,  
  ,  ,9.337671523453417e-08,0.9999998780770972,8.87262623978666e-08,0.999999878042468,7.228160070636645e-08,0.999999873774726,8.936149674925815e-08,0.9999992637661553,  ,  ,  ,  ,  ,  ,  ,  ,  ,  ,  ,  ,  ,  ,  ,  ,  ,  ,  ,  ,  ,  ,  ,  ,  ,  ,  ,  ,  ,  
  ,  ,9.437671523453417e-08,0.9999998780420577,8.97262623978666e-08,0.9999998780075388,7.328160070636645e-08,0.999999873740068,9.036149674925814e-08,0.999999263458582,  ,  ,  ,  ,  ,  ,  ,  ,  ,  ,  ,  ,  ,  ,  ,  ,  ,  ,  ,  ,  ,  ,  ,  ,  ,  ,  ,  ,  ,  
  ,  ,9.537671523453416e-08,0.9999998780069828,9.072626239786659e-08,0.999999877972562,7.428160070636645e-08,0.9999998737050508,9.136149674925814e-08,0.999999263150709,  ,  ,  ,  ,  ,  ,  ,  ,  ,  ,  ,  ,  ,  ,  ,  ,  ,  ,  ,  ,  ,  ,  ,  ,  ,  ,  ,  ,  ,  
  ,  ,9.637671523453416e-08,0.9999998779718741,9.172626239786659e-08,0.9999998779375409,7.528160070636644e-08,0.9999998736697332,9.236149674925814e-08,0.999999262842552,  ,  ,  ,  ,  ,  ,  ,  ,  ,  ,  ,  ,  ,  ,  ,  ,  ,  ,  ,  ,  ,  ,  ,  ,  ,  ,  ,  ,  ,  
  ,  ,9.737671523453416e-08,0.9999998779367333,9.272626239786659e-08,0.9999998779024781,7.628160070636644e-08,0.9999998736341614,9.336149674925813e-08,0.9999992625341255,  ,  ,  ,  ,  ,  ,  ,  ,  ,  ,  ,  ,  ,  ,  ,  ,  ,  ,  ,  ,  ,  ,  ,  ,  ,  ,  ,  ,  ,  
  ,  ,9.837671523453415e-08,0.999999877901562,9.372626239786658e-08,0.9999998778673764,7.728160070636643e-08,0.9999998735983729,9.436149674925813e-08,0.9999992622254413,  ,  ,  ,  ,  ,  ,  ,  ,  ,  ,  ,  ,  ,  ,  ,  ,  ,  ,  ,  ,  ,  ,  ,  ,  ,  ,  ,  ,  ,  
  ,  ,9.918835761726708e-08,0.9999998778729933,9.472626239786658e-08,0.9999998778322379,7.828160070636643e-08,0.9999998735623984,9.536149674925812e-08,0.9999992619165109,  ,  ,  ,  ,  ,  ,  ,  ,  ,  ,  ,  ,  ,  ,  ,  ,  ,  ,  ,  ,  ,  ,  ,  ,  ,  ,  ,  ,  ,  
  ,  ,1e-07,0.9999998778444056,9.572626239786657e-08,0.9999998777970645,7.928160070636642e-08,0.9999998735262623,9.636149674925812e-08,0.9999992616073434,  ,  ,  ,  ,  ,  ,  ,  ,  ,  ,  ,  ,  ,  ,  ,  ,  ,  ,  ,  ,  ,  ,  ,  ,  ,  ,  ,  ,  ,  
  ,  ,  ,  ,9.672626239786657e-08,0.9999998777618578,8.028160070636642e-08,0.9999998734899852,9.736149674925811e-08,0.9999992612979477,  ,  ,  ,  ,  ,  ,  ,  ,  ,  ,  ,  ,  ,  ,  ,  ,  ,  ,  ,  ,  ,  ,  ,  ,  ,  ,  ,  ,  ,  
  ,  ,  ,  ,9.772626239786656e-08,0.9999998777266196,8.128160070636642e-08,0.9999998734535842,9.836149674925811e-08,0.9999992609883314,  ,  ,  ,  ,  ,  ,  ,  ,  ,  ,  ,  ,  ,  ,  ,  ,  ,  ,  ,  ,  ,  ,  ,  ,  ,  ,  ,  ,  ,  
  ,  ,  ,  ,9.872626239786656e-08,0.9999998776913511,8.228160070636641e-08,0.9999998734170733,9.918074837462905e-08,0.9999992607345172,  ,  ,  ,  ,  ,  ,  ,  ,  ,  ,  ,  ,  ,  ,  ,  ,  ,  ,  ,  ,  ,  ,  ,  ,  ,  ,  ,  ,  ,  
  ,  ,  ,  ,9.936313119893327e-08,0.9999998776688741,8.328160070636641e-08,0.9999998733804646,1e-07,0.9999992604805604,  ,  ,  ,  ,  ,  ,  ,  ,  ,  ,  ,  ,  ,  ,  ,  ,  ,  ,  ,  ,  ,  ,  ,  ,  ,  ,  ,  ,  ,  
  ,  ,  ,  ,1e-07,0.9999998776463846,8.42816007063664e-08,0.9999998733437682,  ,  ,  ,  ,  ,  ,  ,  ,  ,  ,  ,  ,  ,  ,  ,  ,  ,  ,  ,  ,  ,  ,  ,  ,  ,  ,  ,  ,  ,  ,  ,  
  ,  ,  ,  ,  ,  ,8.52816007063664e-08,0.9999998733069925,  ,  ,  ,  ,  ,  ,  ,  ,  ,  ,  ,  ,  ,  ,  ,  ,  ,  ,  ,  ,  ,  ,  ,  ,  ,  ,  ,  ,  ,  ,  ,  
  ,  ,  ,  ,  ,  ,8.628160070636639e-08,0.9999998732701449,  ,  ,  ,  ,  ,  ,  ,  ,  ,  ,  ,  ,  ,  ,  ,  ,  ,  ,  ,  ,  ,  ,  ,  ,  ,  ,  ,  ,  ,  ,  ,  
  ,  ,  ,  ,  ,  ,8.728160070636639e-08,0.9999998732332317,  ,  ,  ,  ,  ,  ,  ,  ,  ,  ,  ,  ,  ,  ,  ,  ,  ,  ,  ,  ,  ,  ,  ,  ,  ,  ,  ,  ,  ,  ,  ,  
  ,  ,  ,  ,  ,  ,8.828160070636639e-08,0.9999998731962584,  ,  ,  ,  ,  ,  ,  ,  ,  ,  ,  ,  ,  ,  ,  ,  ,  ,  ,  ,  ,  ,  ,  ,  ,  ,  ,  ,  ,  ,  ,  ,  
  ,  ,  ,  ,  ,  ,8.928160070636638e-08,0.9999998731592296,  ,  ,  ,  ,  ,  ,  ,  ,  ,  ,  ,  ,  ,  ,  ,  ,  ,  ,  ,  ,  ,  ,  ,  ,  ,  ,  ,  ,  ,  ,  ,  
  ,  ,  ,  ,  ,  ,9.028160070636638e-08,0.9999998731221492,  ,  ,  ,  ,  ,  ,  ,  ,  ,  ,  ,  ,  ,  ,  ,  ,  ,  ,  ,  ,  ,  ,  ,  ,  ,  ,  ,  ,  ,  ,  ,  
  ,  ,  ,  ,  ,  ,9.128160070636637e-08,0.9999998730850211,  ,  ,  ,  ,  ,  ,  ,  ,  ,  ,  ,  ,  ,  ,  ,  ,  ,  ,  ,  ,  ,  ,  ,  ,  ,  ,  ,  ,  ,  ,  ,  
  ,  ,  ,  ,  ,  ,9.228160070636637e-08,0.9999998730478483,  ,  ,  ,  ,  ,  ,  ,  ,  ,  ,  ,  ,  ,  ,  ,  ,  ,  ,  ,  ,  ,  ,  ,  ,  ,  ,  ,  ,  ,  ,  ,  
  ,  ,  ,  ,  ,  ,9.328160070636636e-08,0.9999998730106334,  ,  ,  ,  ,  ,  ,  ,  ,  ,  ,  ,  ,  ,  ,  ,  ,  ,  ,  ,  ,  ,  ,  ,  ,  ,  ,  ,  ,  ,  ,  ,  
  ,  ,  ,  ,  ,  ,9.428160070636636e-08,0.999999872973379,  ,  ,  ,  ,  ,  ,  ,  ,  ,  ,  ,  ,  ,  ,  ,  ,  ,  ,  ,  ,  ,  ,  ,  ,  ,  ,  ,  ,  ,  ,  ,  
  ,  ,  ,  ,  ,  ,9.528160070636636e-08,0.9999998729360871,  ,  ,  ,  ,  ,  ,  ,  ,  ,  ,  ,  ,  ,  ,  ,  ,  ,  ,  ,  ,  ,  ,  ,  ,  ,  ,  ,  ,  ,  ,  ,  
  ,  ,  ,  ,  ,  ,9.628160070636635e-08,0.9999998728987596,  ,  ,  ,  ,  ,  ,  ,  ,  ,  ,  ,  ,  ,  ,  ,  ,  ,  ,  ,  ,  ,  ,  ,  ,  ,  ,  ,  ,  ,  ,  ,  
  ,  ,  ,  ,  ,  ,9.728160070636635e-08,0.9999998728613982,  ,  ,  ,  ,  ,  ,  ,  ,  ,  ,  ,  ,  ,  ,  ,  ,  ,  ,  ,  ,  ,  ,  ,  ,  ,  ,  ,  ,  ,  ,  ,  
  ,  ,  ,  ,  ,  ,9.828160070636634e-08,0.9999998728240045,  ,  ,  ,  ,  ,  ,  ,  ,  ,  ,  ,  ,  ,  ,  ,  ,  ,  ,  ,  ,  ,  ,  ,  ,  ,  ,  ,  ,  ,  ,  ,  
  ,  ,  ,  ,  ,  ,9.928160070636634e-08,0.9999998727865796,  ,  ,  ,  ,  ,  ,  ,  ,  ,  ,  ,  ,  ,  ,  ,  ,  ,  ,  ,  ,  ,  ,  ,  ,  ,  ,  ,  ,  ,  ,  ,  
  ,  ,  ,  ,  ,  ,1e-07,0.9999998727596747,  ,  ,  ,  ,  ,  ,  ,  ,  ,  ,  ,  ,  ,  ,  ,  ,  ,  ,  ,  ,  ,  ,  ,  ,  ,  ,  ,  ,  ,  ,  ,  
